entry_ts,exit_ts,side,entry_price,exit_price,pnl,won,close_reason,ema9_ratio,ema21_ratio,ema50_ratio,ema200_ratio,rsi,stochrsi_k,stochrsi_d,macd_h_norm,adx,adx_dmp_norm,adx_dmn_norm,bb_pct,vol_ratio,atr_contracted,bull_engulf,bear_engulf,hammer,shooting_star,three_bull,three_bear,ms_bull,ms_bear,near_channel_top,near_channel_bot,hurst_acf1,bull_score,bear_score,net_score,regime_enc,htf_rsi,side_enc
2023-01-02 03:45:00,2023-01-02 08:00:00,LONG,16661.5,16746.09,1.78,1,TAKE_PROFIT,0.9964280784533848,0.9959839708824089,0.9955025969950377,1.0,74.05466615278525,84.85813248097404,70.92925769910308,0.2782217602671584,24.9631973396214,1.9232768007140593,0.5716756725620472,0.5,5.562050572445007,0.0,0.0,0.0,0.0,0.0,0.0,0.0,1.0,0.0,0.0,0.0,0.12270603436824368,59,27,32,0,61.0,1
2023-01-02 15:45:00,2023-01-02 22:30:00,LONG,16735.39,16711.34,-0.5,0,SENAL_BAJISTA,0.9990135003744643,0.9987773466314942,0.997495943519786,1.0,58.797058674520706,79.85260918642406,62.96332237454031,0.033124003455468065,26.969048515858535,0.8905591746085025,0.6465639194562124,0.5,1.7177818384675878,0.0,0.0,0.0,0.0,0.0,0.0,0.0,1.0,0.0,0.0,0.0,0.018315722126755227,59,22,37,0,72.3,1
2023-01-02 23:45:00,2023-01-03 05:45:00,SHORT,16675.59,16723.96,-1.02,0,STOP_LOSS,1.0019271222163175,1.0024405506437672,1.0021946506350135,1.0,34.92486432044778,10.814739349594422,15.379048280864673,-0.24418299411562103,14.756435057871991,1.1122248399007821,1.9014740026325345,0.5,2.4062538152921,0.0,0.0,0.0,0.0,0.0,0.0,1.0,1.0,0.0,0.0,0.0,0.04005030696701706,35,58,23,0,55.1,-1
2023-01-03 15:15:00,2023-01-03 23:00:00,SHORT,16646.45,16678.75,-0.68,0,STOP_LOSS,1.002996670493549,1.0038475121948762,1.0040167280901218,1.0009511152320345,29.152745689062876,0.0,32.907598257296584,-0.3640045097445159,22.723983568001493,0.7106725674932944,1.5414707926995377,0.5,2.3719282407181073,0.0,0.0,0.0,0.0,0.0,0.0,1.0,0.0,1.0,0.0,0.0,-0.07757684028765588,20,67,47,0,52.5,-1
2023-01-04 03:00:00,2023-01-04 12:30:00,LONG,16829.96,16825.77,-0.09,0,STOP_LOSS,0.9943233924319307,0.9925163590448163,0.9915523600329155,0.9902346967600987,82.7660687518456,96.94467914475233,96.80304452304566,0.5169789073134513,32.913497683132874,1.7949664414745155,0.21316383319385906,0.5,7.159870192977337,0.0,0.0,0.0,0.0,0.0,0.0,0.0,0.0,0.0,1.0,0.0,-0.11877261184046987,59,40,19,0,70.3,1
2023-01-04 16:00:00,2023-01-04 19:00:00,LONG,16877.99,16879.92,0.04,1,STOP_LOSS,0.9975950275315576,0.9973519035430974,0.9965311212754715,0.9916549499326298,62.49519868128753,96.13980832663674,74.87232050022135,0.18031321783463844,22.405405035374322,1.3450948404735097,0.9420413926245232,0.5,2.537915422985526,0.0,0.0,0.0,0.0,0.0,1.0,0.0,1.0,0.0,0.0,0.0,-0.22183668111873103,59,26,33,0,65.4,1
2023-01-05 06:30:00,2023-01-05 07:45:00,SHORT,16817.79,16820.0,-0.05,0,STOP_LOSS,1.0008349637482699,1.000983600078288,1.0011015815566175,0.9979758735139255,38.9757104000656,22.013185195731854,54.852308037624034,-0.09298392080007563,11.431051365809465,1.9957358001769603,3.5721010721455784,0.5,3.1829413622291223,0.0,0.0,0.0,0.0,0.0,0.0,1.0,1.0,0.0,0.0,0.0,0.05453535580977983,28,67,39,0,60.9,-1
2023-01-06 04:15:00,2023-01-06 12:30:00,SHORT,16810.1,16736.42,1.53,1,STOP_LOSS,1.001134355695638,1.0014428036749776,1.0015385930462968,1.000121834898825,36.16702433622537,19.50193891908959,30.057227786424242,-0.20359776011808609,19.21777867075998,0.9856443850073795,2.206662978240166,0.5,1.8005349969302336,0.0,0.0,0.0,0.0,0.0,0.0,1.0,0.0,0.0,0.0,1.0,-0.09502966085951607,16,60,44,0,52.7,-1
2023-01-06 13:30:00,2023-01-06 15:30:00,SHORT,16776.92,16826.42,-1.03,0,STOP_LOSS,0.9977787778531545,0.9987786211660258,1.0003806383468983,1.001444195206088,53.21484575922594,42.67218935380964,31.938864072750086,-0.0038667124248147377,48.109604537641296,0.42283926446195297,0.6904574831874215,0.5,5.53027810772906,0.0,0.0,0.0,0.0,0.0,0.0,0.0,0.0,1.0,0.0,0.0,-0.22571895070462225,23,67,44,0,57.8,-1
2023-01-06 19:45:00,2023-01-06 20:45:00,LONG,16940.0,16894.15,-0.95,0,STOP_LOSS,0.9961774311471264,0.9941442017204132,0.9926288059651501,0.9921077578832387,77.25273486551892,99.99999999999999,92.33071356621062,0.40251043612070736,37.74659830594714,1.3714154691295648,0.26578789052187807,0.5,2.4993785887789604,0.0,0.0,0.0,0.0,0.0,1.0,0.0,0.0,0.0,0.0,0.0,-0.0697937015511654,59,36,23,0,65.9,1
2023-01-09 00:00:00,2023-01-09 18:15:00,LONG,17162.17,17377.02,4.38,1,STOP_LOSS,0.9936654882662614,0.9909082667885827,0.9889734987910547,0.9865334726123813,88.40440449502462,99.92726172503261,99.9272617250326,0.6437387053889235,40.12606479366189,1.3463431905331167,0.11822167223331274,0.5,2.4894648015321343,0.0,0.0,0.0,0.0,0.0,0.0,0.0,1.0,0.0,0.0,0.0,0.1576675755661884,59,32,27,0,74.7,1
2023-01-10 08:30:00,2023-01-10 12:15:00,LONG,17243.37,17232.13,-0.23,0,STOP_LOSS,0.9985830371256952,0.9982029674308458,0.9983959273487281,0.9944090280680115,60.00881879752336,61.25810258876388,41.27012267127955,0.24037556254932954,20.146174664500943,1.8109564744508833,1.0216420632872034,0.5,1.900043000629398,0.0,0.0,0.0,0.0,0.0,0.0,0.0,0.0,1.0,0.0,0.0,-0.03947870907410532,59,31,28,0,68.6,1
2023-01-10 14:00:00,2023-01-10 15:30:00,LONG,17286.07,17275.08,-0.22,0,STOP_LOSS,0.9978659094796233,0.9976166857920321,0.9971177558248464,0.9931502166723403,64.04507697658033,55.29688470920226,37.70786752194765,0.002301362123877029,20.30473780675534,1.8429696099331643,1.0989813856907076,0.5,2.901024934857453,0.0,0.0,0.0,0.0,0.0,0.0,0.0,0.0,0.0,0.0,0.0,-0.03787208726555516,59,22,37,0,72.2,1
2023-01-10 18:15:00,2023-01-11 02:45:00,LONG,17375.46,17390.37,0.3,1,STOP_LOSS,0.9973828636131277,0.9960330900409654,0.9942776653219887,0.9893592936598975,66.35414657305408,49.996809297766575,36.82604677397678,0.13780308222942114,16.46943984401597,2.2225835900690503,1.0719171718808704,0.5,1.7863235416689467,0.0,0.0,0.0,0.0,0.0,0.0,0.0,1.0,0.0,0.0,0.0,-0.03257973127600712,59,35,24,0,76.6,1
2023-01-11 07:30:00,2023-01-11 12:15:00,LONG,17446.31,17413.06,-0.67,0,STOP_LOSS,0.9993246811002217,0.9989865211117548,0.9980475159287432,0.9910685460982993,57.82691429911547,95.2843325467859,96.20663860865957,0.2090239960938711,17.689070789123043,1.5961611752395166,1.3223180347868562,0.5,1.661410560206582,0.0,0.0,0.0,0.0,0.0,0.0,0.0,1.0,0.0,0.0,0.0,-0.1268947340859678,59,41,18,0,75.3,1
2023-01-11 18:00:00,2023-01-12 00:45:00,LONG,17519.24,18252.18,14.68,1,TAKE_PROFIT,0.9933799440922437,0.993066556876877,0.9935415457175292,0.9893238149675487,71.02417305180522,91.83073702499266,86.94811452365322,0.37721724211662594,27.703419528073205,1.810832885735891,0.6533222003035819,0.5,3.053277182840584,0.0,0.0,0.0,0.0,0.0,0.0,0.0,0.0,0.0,0.0,0.0,-0.026645713949616154,59,37,22,0,71.9,1
2023-01-12 00:45:00,2023-01-12 14:30:00,LONG,18252.18,17987.9,-5.16,0,STOP_LOSS,0.980820663786729,0.9716811783855596,0.9638435489830958,0.9536976437547087,91.07034783442526,96.80393335504105,97.8692889033607,0.6930206672439915,60.444382167098965,1.0491521085154676,0.04482948004542938,0.5,4.50695893417333,0.0,0.0,0.0,0.0,0.0,0.0,0.0,0.0,0.0,1.0,0.0,0.12410466026073388,59,37,22,0,85.6,1
2023-01-12 17:30:00,2023-01-13 00:30:00,LONG,18645.6,18716.63,1.35,1,STOP_LOSS,0.9787291321921221,0.9755693447044613,0.9726101629154476,0.9536347620973932,77.83326350235467,87.01982124806663,71.17656070397567,0.3463229664509868,33.50279945029647,1.5624131548273017,0.4440343522780822,0.5,4.032048733348582,0.0,0.0,0.0,0.0,0.0,1.0,0.0,1.0,0.0,0.0,0.0,0.054844767503950814,59,38,21,0,84.4,1
2023-01-13 07:00:00,2023-01-13 11:30:00,LONG,18831.73,18933.51,1.92,1,STOP_LOSS,0.9998929037664505,0.9996508215706956,0.9957045276363969,0.9675324227153642,52.451562044124344,61.63487617422858,54.52887176519597,-0.08481709231759127,13.161309013286628,1.7797970814049728,1.5092804984330015,0.5,1.6772100153479863,0.0,0.0,0.0,0.0,0.0,0.0,0.0,1.0,0.0,0.0,0.0,0.18057230853312467,59,19,40,0,80.4,1
2023-01-13 15:15:00,2023-01-14 00:30:00,LONG,19270.48,21020.21,32.27,1,TAKE_PROFIT,0.9872127724662295,0.9837800258305942,0.9800540379270914,0.9557067323383722,80.18663901830112,99.99999999999999,86.27324714754965,0.3847360840345801,22.74369439308701,1.6541242566764434,0.42428698258155306,0.5,2.747785629385904,0.0,0.0,0.0,0.0,0.0,1.0,0.0,1.0,0.0,1.0,0.0,0.20788380055528508,59,41,18,0,84.8,1
2023-01-16 00:45:00,2023-01-16 02:45:00,LONG,20966.52,21207.98,4.22,1,STOP_LOSS,0.9959850025651122,0.995619395597919,0.9943033057295529,0.9784473738763585,59.51603645525724,36.05410001918647,34.819665092318665,0.004615654901098061,12.179567561577434,2.432322347218306,1.5914808672261216,0.5,2.468992263856379,0.0,0.0,0.0,0.0,0.0,0.0,0.0,1.0,0.0,0.0,0.0,-0.1374294858522667,62,24,38,0,80.9,1
2023-01-16 06:45:00,2023-01-16 08:00:00,LONG,21151.28,20795.67,-6.19,0,STOP_LOSS,1.000475986572788,0.9989534787220602,0.9946747497983457,0.9763930825120647,53.87255258665872,53.71164807896896,56.92027397957984,-0.08380797899442123,30.32984183562376,0.8583250173623803,0.4722113396192475,0.5,1.5548699744963177,0.0,0.0,0.0,0.0,0.0,0.0,0.0,1.0,0.0,0.0,0.0,-0.04215233526041321,62,27,35,0,81.2,1
2023-01-16 15:30:00,2023-01-16 19:15:00,LONG,20971.8,21284.45,5.46,1,STOP_LOSS,0.9943396993610465,0.994317070057518,0.9962716185669754,0.9875853060009625,57.77587274970085,66.66666666666666,64.34886833870057,0.18741644217093123,27.925945086970827,0.7670357134950956,0.9442197946051979,0.5,2.181370598044934,0.0,0.0,0.0,0.0,0.0,0.0,0.0,0.0,1.0,0.0,0.0,-0.09883174656381395,62,35,27,0,72.6,1
2023-01-16 21:15:00,2023-01-17 01:00:00,LONG,21111.6,20973.57,-2.41,0,STOP_LOSS,1.0056301630756783,1.0027530541241902,0.9978751756521249,0.9854297417384307,48.07977840222893,1.2625335338009944,8.911833159815364,-0.13314895230333662,27.763219710069233,0.8203498509138629,0.826218560959475,0.5,1.4219477842483936,0.0,0.0,0.0,0.0,0.0,0.0,1.0,0.0,0.0,0.0,0.0,-0.09399172134071078,62,35,27,0,72.2,1
2023-01-17 04:15:00,2023-01-17 14:30:00,LONG,21214.26,21149.98,-1.11,0,STOP_LOSS,0.9955621950964193,0.9952806147905708,0.9945676167514216,0.984299913762184,59.44218860719035,95.831232107956,89.13271354470254,0.16863637710851392,18.028664297035476,1.467883817914125,1.1394581959525976,0.5,1.6197429151191374,0.0,0.0,0.0,0.0,0.0,0.0,0.0,1.0,0.0,0.0,0.0,-0.12327515621808337,62,31,31,0,70.3,1
2023-01-17 15:30:00,2023-01-17 23:45:00,LONG,21119.59,21127.5,0.14,1,STOP_LOSS,1.0051975333788443,1.0048296481727486,1.0031177125251136,0.9939437751389332,43.536651341912105,23.446931537665034,28.16545244437811,-0.09323359076684921,24.24880216566345,1.1104655565872679,1.1710454460822282,0.5,1.5027630331828579,0.0,0.0,0.0,0.0,0.0,0.0,0.0,1.0,0.0,0.0,0.0,-0.1347286184511347,60,41,19,0,70.1,1
2023-01-18 03:00:00,2023-01-18 10:45:00,LONG,21343.15,21180.0,-2.8,0,STOP_LOSS,0.9961915647108879,0.9955082811242988,0.9951384389428496,0.9880017030626058,59.885528017801484,99.40900914456081,91.61120078968602,0.20468978809632218,16.78973661459575,1.3184775177902341,0.634344691273665,0.5,1.3298935975060648,0.0,0.0,0.0,0.0,0.0,0.0,0.0,0.0,1.0,0.0,0.0,-0.2740685693531737,62,39,23,0,67.4,1
2023-01-18 13:30:00,2023-01-18 14:15:00,LONG,21322.96,21396.93,1.27,1,STOP_LOSS,0.9970125220587455,0.996411608495286,0.9964376384082331,0.9916221842949575,63.08430986596573,89.96064059252397,93.3070937283493,0.244515496000056,19.524002944444526,1.687664006930636,0.7067108308202004,0.5,7.396011485810328,0.0,0.0,0.0,0.0,0.0,0.0,0.0,0.0,0.0,0.0,0.0,-0.2997698788728267,60,28,32,0,58.8,1
2023-01-19 13:30:00,2023-01-19 21:00:00,LONG,20773.54,21016.08,4.28,1,STOP_LOSS,0.998788494299545,0.9993460987852528,1.00076919446117,1.008238036066441,51.46100619279873,66.66666666666666,41.5771148081608,0.025743453648616094,18.02792961348078,1.008021011571318,1.194552057145933,0.5,2.440773185333564,0.0,0.0,0.0,0.0,0.0,0.0,0.0,0.0,0.0,0.0,0.0,0.22219743482239032,58,31,27,0,53.5,1
2023-01-20 02:15:00,2023-01-20 04:30:00,LONG,21169.01,21033.91,-2.35,0,STOP_LOSS,0.9968943138438858,0.9952532316106502,0.992001432360709,0.990356091976733,63.48087781551212,70.20152231070634,66.52011202728025,0.06580448885994711,19.13705252299847,1.5319362191878638,0.7292462527062842,0.5,1.5490926107123701,0.0,0.0,0.0,0.0,0.0,0.0,0.0,1.0,0.0,1.0,0.0,-0.12541102665230663,62,33,29,0,58.6,1
2023-01-20 12:30:00,2023-01-20 20:00:00,LONG,21073.36,21840.5,13.35,1,TAKE_PROFIT,0.9963287984856656,0.9955405549877243,0.9957472530069001,0.9952251749434258,66.77363061781152,99.99999999999999,97.88888514705012,0.4395524717367629,26.707432798822747,1.2384612913281672,0.7379692228179262,0.5,1.571496259965045,0.0,0.0,0.0,0.0,0.0,1.0,0.0,1.0,0.0,0.0,0.0,-0.11348488246056401,62,32,30,0,59.4,1
2023-01-20 20:00:00,2023-01-20 21:00:00,LONG,21840.5,22213.4,6.34,1,STOP_LOSS,0.9835084222834927,0.9778109626084249,0.971282836847013,0.9638275004286988,88.14720091689907,74.98219193835178,55.00128281130473,0.2822270481232323,59.43648737392812,0.8848774239994026,0.048169252955193906,0.5,6.4269407010828115,0.0,0.0,0.0,0.0,0.0,1.0,0.0,1.0,0.0,0.0,0.0,0.055290532999990205,62,24,38,0,80.6,1
2023-01-20 22:15:00,2023-01-21 10:15:00,LONG,22561.41,22795.22,3.87,1,STOP_LOSS,0.9854711370333081,0.9707147407869348,0.9545264539355032,0.9376668758812589,90.35353581697429,81.46511782346786,79.75197334288838,0.48079145518650374,76.27215155523511,0.7268219033495246,0.01432841972037084,0.5,2.150478198414174,0.0,0.0,0.0,0.0,0.0,0.0,0.0,1.0,0.0,0.0,0.0,0.15999752344116355,62,24,38,0,80.6,1
2023-01-23 10:00:00,2023-01-23 14:00:00,LONG,22855.0,22726.57,-2.11,0,STOP_LOSS,0.9962808754992535,0.9952784416387978,0.9949169077810175,0.9906348651800038,63.59575305226258,93.39689913054849,89.43503461540222,0.18947786438631928,13.032390023316472,2.3688818126483677,1.3435115676402247,0.5,2.321699317336769,0.0,0.0,0.0,0.0,0.0,0.0,0.0,0.0,0.0,0.0,0.0,-0.04264338477782093,62,33,29,0,67.7,1
2023-01-23 16:00:00,2023-01-23 19:15:00,LONG,22876.09,22838.78,-0.61,0,STOP_LOSS,0.9979873511555226,0.9977131545852964,0.9967405444852762,0.991637545722167,54.82957476213551,73.29323223524624,69.84118936160174,0.013783640526682574,26.45265435188525,0.9693706255448669,0.3836446226341947,0.5,0.6932836453102504,0.0,0.0,0.0,0.0,1.0,0.0,0.0,1.0,0.0,0.0,0.0,-0.04346562474935858,62,35,27,0,63.9,1
2023-01-24 01:45:00,2023-01-24 09:00:00,LONG,23084.46,22914.98,-2.75,0,STOP_LOSS,0.9957136515091894,0.9946658552547991,0.9929207629212707,0.986343888877336,64.05149977652215,65.87620215114212,66.08431346039666,0.08632208451008934,17.55980220764978,1.5610500002492396,1.3707102426425422,0.5,3.839563486961332,0.0,0.0,0.0,0.0,0.0,0.0,0.0,0.0,0.0,0.0,0.0,-0.07698970556252104,62,21,41,0,68.8,1
2023-01-24 20:45:00,2023-01-24 22:00:00,LONG,23017.32,22895.11,-1.98,0,SENAL_BAJISTA,0.998311533448904,0.9975991481452099,0.9972595942379938,0.9939052418772722,56.56721560651029,40.91945386224987,45.291795615436904,0.01816274459859937,14.922573497238922,1.1483019991991181,1.208556777578274,0.5,1.302490026702092,0.0,0.0,0.0,0.0,0.0,0.0,0.0,0.0,1.0,0.0,0.0,-0.09648401128448207,62,35,27,0,52.2,1
2023-01-25 16:15:00,2023-01-25 17:15:00,LONG,22643.41,22523.54,-1.97,0,SENAL_BAJISTA,0.9971100893076652,0.9976417019896823,0.9993550452385446,1.0045615365494331,54.833051111523964,88.13735443087577,74.1252900327557,0.08422229336567955,28.006652715920623,0.641558593143311,0.8644982250882838,0.5,1.2386289455004282,0.0,0.0,0.0,0.0,0.0,1.0,0.0,0.0,0.0,0.0,0.0,-0.183524751490659,62,44,18,0,55.4,1
2023-01-25 21:30:00,2023-01-25 22:45:00,LONG,23225.31,22930.01,-4.73,0,STOP_LOSS,0.9877842415461473,0.9821357344678748,0.9782811574857799,0.9795112141467269,82.31311516419248,97.06913087054429,94.41375243372364,0.40072638067445887,30.89867113057419,1.4409649667046014,0.24024855736499257,0.5,4.579652935742842,0.0,0.0,0.0,0.0,0.0,0.0,0.0,1.0,0.0,0.0,0.0,-0.07992097592068313,62,36,26,0,62.6,1
2023-01-26 12:30:00,2023-01-26 14:30:00,LONG,23091.47,23032.28,-0.95,0,STOP_LOSS,0.9962082576696487,0.996174929841111,0.9965966938803857,0.9917251116859398,58.85746088859208,93.78242919354878,93.78242919354878,0.26379669224176544,33.98340425909031,0.7237992837474806,0.676168102212854,0.5,1.781440628695801,0.0,0.0,0.0,0.0,0.0,0.0,0.0,0.0,0.0,0.0,0.0,-0.004279438380866099,62,20,42,0,58.0,1
2023-01-26 19:45:00,2023-01-27 00:45:00,LONG,23073.6,22923.71,-2.4,0,STOP_LOSS,0.9988608240192706,0.9985484173855886,0.9983561841706069,0.9941293389512328,54.14952799934185,81.53887675167053,68.19211431614627,0.07473173405396333,26.290203577938613,0.6739598412568164,0.9164486288502061,0.5,0.47112576118493965,0.0,0.0,0.0,0.0,0.0,1.0,0.0,0.0,0.0,0.0,0.0,0.0002604063313372609,62,23,39,0,60.9,1
2023-01-27 05:45:00,2023-01-27 11:00:00,LONG,23030.0,22922.99,-1.71,0,SENAL_BAJISTA,0.9933683153778293,0.992866394982122,0.9950481534310238,0.9956459195477358,64.45323820525137,99.99999999999999,96.36286981737724,0.42035424880432043,27.75102651674028,1.3594662626456435,0.6997602076066364,0.5,1.5556018560058065,0.0,0.0,0.0,0.0,0.0,1.0,0.0,0.0,1.0,0.0,0.0,0.042700967008827154,64,28,36,0,58.2,1
2023-01-27 15:15:00,2023-01-27 15:45:00,LONG,23084.9,22931.66,-2.45,0,STOP_LOSS,0.9957655328369588,0.9947277919574347,0.9943165073945169,0.9937927754696879,64.97044094501315,97.72815274370699,78.85744968517272,0.20767546039763812,17.396983345750918,1.5609514237295654,0.8751403349533153,0.5,1.8097848204253488,0.0,0.0,0.0,0.0,0.0,0.0,0.0,0.0,0.0,0.0,0.0,0.0939278876639822,59,22,37,0,53.8,1
2023-01-27 17:00:00,2023-01-27 20:45:00,LONG,23131.96,23104.13,-0.44,0,STOP_LOSS,0.9973649447690793,0.9952167576935785,0.993605859116789,0.9921624334786194,61.28248815556587,74.76814094897266,68.55870862015752,0.20176549944308733,18.577714956889384,1.3940493070729756,0.7819838134742072,0.5,1.210813554823111,0.0,0.0,0.0,0.0,0.0,1.0,0.0,0.0,0.0,1.0,0.0,0.0181711467409547,62,34,28,0,61.4,1
2023-01-30 04:30:00,2023-01-30 08:15:00,LONG,23719.73,23545.04,-2.71,0,STOP_LOSS,0.9990621535299611,0.9990183927718755,0.9975889894198933,0.9854843882353521,53.07926746308595,94.28083962444023,92.51625935526934,0.13923426223238164,16.786406083638663,1.3869571143427326,1.2659294569162005,0.5,0.6411689193448936,0.0,0.0,0.0,0.0,0.0,0.0,0.0,1.0,0.0,0.0,0.0,-0.0693906594538469,64,19,45,0,63.7,1
2023-01-30 20:15:00,2023-01-31 07:45:00,SHORT,22673.16,22982.07,-4.99,0,STOP_LOSS,1.0076312110224885,1.0136794361040689,1.0211595322044034,1.0277707234987905,27.302864677194705,26.475668437403304,19.52652610098588,-0.3553048042999371,46.35235496672462,0.17152824884953774,1.0338767633775579,0.5,1.7032682950909153,0.0,0.0,0.0,0.0,0.0,0.0,0.0,0.0,1.0,0.0,0.0,-0.12706068480314767,35,61,26,0,42.1,-1
2023-01-31 13:45:00,2023-01-31 21:15:00,LONG,23120.0,22990.65,-2.04,0,STOP_LOSS,0.9932681414939378,0.991221079919927,0.9904324619084325,0.9981036110239337,72.29672459644418,86.1951209696993,86.1951209696993,0.4167838194544003,18.187135432055662,2.021502732784086,0.5647965414336753,0.5,2.2476523279375313,0.0,0.0,0.0,0.0,0.0,0.0,0.0,0.0,0.0,1.0,0.0,-0.11896938912598944,62,46,16,0,50.6,1
2023-01-31 23:00:00,2023-02-01 07:45:00,LONG,23105.18,23074.56,-0.48,0,SENAL_BAJISTA,0.9970977732029564,0.9977054989563645,0.9970864593212072,0.9989585740410024,53.918401444382575,74.21695829552472,53.48971588820699,0.015356848762554371,32.68391482596362,1.208948140824886,0.6364497129441379,0.5,1.409519547738843,0.0,0.0,0.0,0.0,0.0,0.0,0.0,1.0,0.0,0.0,0.0,-0.06200345034479337,59,27,32,0,50.7,1
2023-02-01 13:15:00,2023-02-01 15:15:00,LONG,23102.1,23042.87,-0.93,0,SENAL_BAJISTA,0.9986414750762875,0.9980855433486241,0.9981849469176931,0.9989359873200959,58.129786008183466,77.09274799008668,76.35567568614232,0.20268708630034002,17.937173811215505,1.5423379255281788,1.3146622636191074,0.5,4.175434145078834,0.0,0.0,0.0,1.0,0.0,0.0,0.0,0.0,0.0,0.0,0.0,-0.04548317419509203,62,26,36,0,46.2,1
2023-02-01 15:45:00,2023-02-01 18:15:00,SHORT,22980.81,23101.16,-1.9,0,STOP_LOSS,1.0029163024399361,1.0033470768071509,1.0034893574846717,1.0041573376492294,36.72263163527373,0.0,6.503706044756634,-0.18774875324756196,16.107821432009615,1.056202158623734,2.1339476568875564,0.5,2.296543409968205,0.0,0.0,0.0,0.0,0.0,0.0,1.0,0.0,0.0,0.0,0.0,-0.03464682991791973,28,61,33,0,46.2,-1
2023-02-01 19:30:00,2023-02-01 22:30:00,LONG,23260.73,23650.99,6.09,1,STOP_LOSS,0.9922925397869923,0.9912095946878355,0.9910892403977204,0.9918464715066443,67.07626673721421,73.99853561823257,75.3145183476527,0.16444176776188862,24.460628213344805,0.3740112923821459,1.2360391894942757,0.5,5.345726883340193,0.0,0.0,0.0,0.0,0.0,0.0,0.0,0.0,1.0,1.0,0.0,-0.18485929152227076,64,34,30,0,57.6,1
2023-02-02 00:30:00,2023-02-02 02:15:00,LONG,24167.61,23907.6,-3.93,0,STOP_LOSS,0.9848512782682146,0.9782884790590027,0.9688535355536195,0.9592612587528904,82.43984932058473,33.59809370311678,12.924869690270805,0.10246581222961908,19.765437053964945,2.114869015142676,0.6925876844375213,0.5,3.871681525220002,0.0,0.0,0.0,0.0,0.0,0.0,0.0,0.0,0.0,1.0,0.0,-0.040987409297195465,64,34,30,0,67.0,1
2023-02-02 14:15:00,2023-02-02 14:30:00,LONG,23904.82,23770.16,-2.05,0,STOP_LOSS,0.9963184834522693,0.9960498259796908,0.9945896516230752,0.9813846179689831,62.617302502735185,55.27177327210756,32.605636839168156,0.10124587960672757,14.268671596164355,2.273100545890891,1.3339924267848489,0.5,3.123921059674487,0.0,0.0,0.0,0.0,0.0,0.0,0.0,0.0,0.0,0.0,0.0,0.002809875762326062,64,16,48,0,65.4,1
2023-02-02 16:15:00,2023-02-02 19:00:00,LONG,23859.24,23891.49,0.49,1,STOP_LOSS,0.9967396529523642,0.9967062289030788,0.9961519553686329,0.9841671643312251,55.64414989906099,69.79533835251152,63.504910430767644,0.09323568526987776,15.813783595395659,1.5651341789714701,1.2164199874035688,0.5,2.212406885297556,0.0,0.0,0.0,0.0,0.0,0.0,0.0,0.0,0.0,0.0,0.0,0.0412985996102572,64,26,38,0,64.5,1
2023-02-03 15:15:00,2023-02-03 18:15:00,LONG,23616.65,23425.04,-2.95,0,STOP_LOSS,0.994653433350488,0.9939454857876004,0.9948418544525041,0.9958315343889107,64.002795434574,90.77722902939283,75.0212610363974,0.15362657583802983,24.43016555481809,1.3335788498215124,0.8923125318695364,0.5,2.0854154049745475,0.0,0.0,0.0,0.0,0.0,1.0,0.0,0.0,1.0,0.0,0.0,0.17065540381995892,64,31,33,0,56.2,1
2023-02-06 04:45:00,2023-02-06 05:30:00,SHORT,22870.13,22730.28,2.21,1,STOP_LOSS,1.0017629963016923,1.0028544546995046,1.005031665870891,1.014408075961587,39.047262379492345,27.09509673505788,30.531286451768004,-0.17450327780701494,32.07615217740202,0.3516953219761006,0.9661420820206804,0.5,1.6193888932782923,0.0,0.0,0.0,0.0,0.0,0.0,1.0,0.0,1.0,0.0,0.0,0.03203091054668434,28,61,33,0,34.5,-1
2023-02-06 07:15:00,2023-02-06 11:45:00,SHORT,22833.53,22878.88,-0.72,0,STOP_LOSS,0.9986775251459157,1.0003805908945527,1.0036983892900961,1.0142859012416154,46.742670390055764,84.68933696447812,78.21290786463543,0.030565101891102116,45.89979186406094,0.3214336483804508,0.7458342619205013,0.5,1.4223228744224143,0.0,0.0,0.0,0.0,0.0,0.0,0.0,0.0,1.0,0.0,0.0,-0.020549428407260303,33,59,26,0,34.5,-1
2023-02-06 14:15:00,2023-02-06 15:45:00,SHORT,22820.41,23039.76,-3.48,0,STOP_LOSS,1.0010398236008655,1.001184532064027,1.0022291930910854,1.011547485420593,45.925632872022085,41.22272990203411,53.75851549685369,-0.05032283871417526,17.712983415566033,1.0925465043976679,1.551696565657952,0.5,0.9867732732219535,0.0,0.0,0.0,0.0,0.0,0.0,0.0,0.0,1.0,0.0,0.0,-0.12735857423971053,16,61,45,0,42.9,-1
2023-02-06 22:00:00,2023-02-07 01:15:00,SHORT,22870.88,22854.89,0.25,1,STOP_LOSS,1.0037138915211434,1.0043544391312025,1.0033871171231648,1.008062290932515,37.77768192687773,0.0,0.0,-0.3418615859221234,13.083711251698233,1.3589329106992443,2.5482928279994588,0.5,2.646802032053458,0.0,0.0,0.0,0.0,0.0,0.0,1.0,1.0,0.0,0.0,0.0,0.01807058479163371,42,61,19,0,34.2,-1
2023-02-07 15:15:00,2023-02-07 17:30:00,SHORT,22903.04,23005.55,-1.62,0,STOP_LOSS,1.0027866499833784,1.0030449747986054,1.002182774544875,1.0037913157426201,39.01683243332451,3.3601006249468015,16.34230442671835,-0.25185257200984795,18.952804354468718,0.7241417196783136,1.4657160574615486,0.5,1.6626667558000232,0.0,0.0,0.0,0.0,0.0,0.0,1.0,0.0,0.0,0.0,0.0,0.0474488661422105,20,62,42,0,41.9,-1
2023-02-08 12:45:00,2023-02-08 16:45:00,SHORT,23126.52,22967.32,2.48,1,STOP_LOSS,1.0016771753488756,1.0023349984893692,1.0026338796046552,0.9989703745018432,36.7004867165351,49.44282414128869,65.10608993652914,-0.04505259394243748,28.97025264957936,0.3963782367971806,1.2542281422021626,0.5,2.253152494075666,0.0,0.0,0.0,0.0,0.0,0.0,0.0,1.0,0.0,0.0,0.0,-0.021032629838290788,37,61,24,0,41.1,-1
2023-02-09 02:15:00,2023-02-09 06:45:00,SHORT,22927.47,22717.46,3.31,1,STOP_LOSS,1.0004887435323557,1.000509015770726,1.0016721406035658,1.0047344150223703,48.13397157433957,25.84087857708553,39.58800530846835,-0.033185160141964216,24.780179328990496,0.47778271477277134,0.9118953749210652,0.5,1.0170128861321024,0.0,0.0,0.0,0.0,0.0,0.0,0.0,0.0,1.0,0.0,0.0,-0.169646825224064,19,61,42,0,33.1,-1
2023-02-09 12:30:00,2023-02-09 20:30:00,SHORT,22673.3,22041.39,10.11,1,STOP_LOSS,1.0003371430868246,1.0005710251063302,1.002369471179693,1.0104042210752802,47.32790613328251,16.023517126001494,21.236260634440534,-0.042222843893513926,15.62048668196627,1.0075279664946892,1.8110394844631488,0.5,3.0413546904577173,0.0,0.0,0.0,1.0,0.0,0.0,0.0,0.0,1.0,0.0,0.0,0.018289393990172004,28,61,33,0,37.7,-1
2023-02-10 05:30:00,2023-02-10 15:00:00,SHORT,21831.87,21885.0,-0.89,0,STOP_LOSS,0.9991097892914907,1.0006120435859012,1.0075586377374588,1.0308601205663992,46.071196753009794,50.21922259062481,38.889768189461975,0.1009428145322318,51.379546503491916,0.11960942678989493,0.7106906283930899,0.5,4.3961552164434,0.0,0.0,0.0,0.0,0.0,0.0,0.0,0.0,1.0,0.0,0.0,0.10570419865737705,24,62,38,0,28.5,-1
2023-02-10 16:00:00,2023-02-10 19:30:00,SHORT,21690.69,21753.77,-1.06,0,STOP_LOSS,1.0030991163580305,1.004322975682126,1.0068158700066883,1.026654173628606,39.33280195448117,11.96967378192728,35.08065958893978,-0.13017378357426118,38.044632580589756,0.31557081574685936,0.9769478292625922,0.5,1.2875211086792118,0.0,0.0,0.0,0.0,0.0,0.0,0.0,0.0,1.0,0.0,0.0,0.13096177496659084,17,62,45,0,29.7,-1
2023-02-10 21:30:00,2023-02-11 01:15:00,SHORT,21523.42,21666.75,-2.44,0,STOP_LOSS,1.0066447634911475,1.0078852044670497,1.010316098315413,1.0291998430978078,30.685039622985467,0.0,23.508619068661094,-0.16663546771691892,26.995971015192843,0.5174879083699857,1.53742908836986,0.5,4.8608669069802115,0.0,0.0,0.0,0.0,0.0,0.0,1.0,0.0,1.0,0.0,0.0,-0.005082112043799818,21,62,41,0,27.4,-1
2023-02-13 08:30:00,2023-02-13 09:30:00,SHORT,21707.23,21598.7,1.82,1,STOP_LOSS,1.0044359007165562,1.004859078473643,1.0052669179746665,1.0063948807714225,34.58637083773919,0.0,20.388813056223555,-0.22213397443343114,16.027361757063257,0.941880686303482,2.0111056239318237,0.5,1.2458438799258074,0.0,0.0,0.0,0.0,0.0,0.0,1.0,0.0,1.0,0.0,0.0,-0.01572273079382669,39,62,23,0,35.6,-1
2023-02-13 15:30:00,2023-02-13 18:15:00,SHORT,21621.88,21585.71,0.61,1,STOP_LOSS,1.0003002837762704,1.000712097517793,1.0029811068269294,1.0078000455261813,47.0109571641845,64.76513206322068,74.7808548117547,0.13161484712402927,26.608450778487914,0.6873428628644823,0.80720299677837,0.5,1.4459142283870636,0.0,0.0,0.0,0.0,0.0,0.0,0.0,0.0,1.0,0.0,0.0,-0.06372608327421712,22,62,40,0,34.7,-1
2023-02-15 00:30:00,2023-02-15 12:15:00,LONG,22130.32,22776.01,10.67,1,TAKE_PROFIT,1.002361864368906,1.0020066692229845,0.9978598307368746,0.9886522808061184,46.34882146908073,1.993637896222355,3.899180334114139,-0.33203007653945926,12.884132513288025,1.5988567185229194,2.175941836698608,0.5,1.3002790425959776,0.0,0.0,0.0,0.0,0.0,0.0,0.0,0.0,0.0,0.0,0.0,0.1704334578677548,58,22,36,0,55.1,1
2023-02-15 12:15:00,2023-02-15 20:30:00,LONG,22776.01,24033.64,20.4,1,TAKE_PROFIT,0.9855022316016283,0.979132996531119,0.9746676805930586,0.965555954573154,90.7022212361397,97.78550795033617,97.15761444673578,0.8181797412445121,40.253819426467246,1.6610347377160783,0.07743586165581945,0.5,4.095818878787304,0.0,0.0,0.0,0.0,0.0,0.0,0.0,1.0,0.0,0.0,0.0,0.17017199783235182,62,33,29,0,72.0,1
2023-02-15 20:30:00,2023-02-16 00:45:00,LONG,24033.64,24587.99,8.69,1,STOP_LOSS,0.9764803368800582,0.963457185086728,0.9492582540415799,0.9263232131437968,93.57003879512807,99.99999999999999,99.99999999999999,0.636390036961791,64.31564760707487,1.0151295562717528,0.039180512089822775,0.5,5.533697412671812,0.0,0.0,0.0,0.0,0.0,1.0,0.0,1.0,0.0,0.0,0.0,0.2997592391482945,62,44,18,0,85.5,1
2023-02-16 06:45:00,2023-02-16 12:00:00,LONG,24585.53,24472.01,-1.75,0,STOP_LOSS,1.003012559242187,1.0011668386666885,0.9862575117111867,0.936688056453327,52.43870128813943,9.383736038123839,11.158316060714213,-0.5235398301226853,56.61196484322403,0.4794588239881416,0.35019323254047285,0.5,1.9055153067829613,0.0,0.0,0.0,0.0,0.0,0.0,0.0,1.0,0.0,0.0,0.0,0.20757665403225647,64,33,31,0,84.1,1
2023-02-16 15:30:00,2023-02-16 16:00:00,LONG,24773.58,24748.0,-0.39,0,STOP_LOSS,0.9905031076412256,0.9904252220009544,0.9878921789004006,0.9478158736245119,66.58053827831587,93.85835173799575,69.16767560722722,0.16467872147419363,22.317914085659567,1.2938341905725221,0.6865059145677794,0.5,2.3374603367959526,0.0,0.0,0.0,0.0,0.0,1.0,0.0,0.0,0.0,1.0,0.0,0.25784970145068625,64,35,29,0,85.5,1
2023-02-17 08:30:00,2023-02-17 09:30:00,LONG,23660.45,23734.12,1.18,1,SENAL_BAJISTA,1.0010054163380246,1.003189465354347,1.010775127205895,1.0047894319700146,40.79084321572084,43.842182483398034,42.90997303550853,0.07729503384969805,42.788291490664875,0.23836176208999005,0.7753497320278775,0.5,2.306457462869511,0.0,0.0,0.0,1.0,0.0,0.0,0.0,0.0,1.0,0.0,0.0,-0.007367013718142329,64,47,17,0,57.3,1
2023-02-17 15:15:00,2023-02-17 21:45:00,LONG,24029.24,24472.01,6.99,1,STOP_LOSS,0.9965353090164585,0.9936616206984947,0.9935934388832597,0.9899807584965138,58.039755661460305,27.0824610307748,45.70518007923208,0.1730640470041499,21.483893647990527,1.2360860096674045,0.6482193592658272,0.5,1.437468376010901,0.0,0.0,0.0,0.0,0.0,0.0,0.0,0.0,0.0,0.0,0.0,-0.16007279408616398,63,33,30,0,60.8,1
2023-02-20 03:45:00,2023-02-20 15:30:00,LONG,24420.01,24997.0,9.02,1,TAKE_PROFIT,0.997045420147701,0.9967905915119103,1.0003315738732745,1.002817357663076,53.666842935348356,99.99999999999999,99.4024594637611,0.3201705410159328,26.423999854462,0.8884896776216462,0.921586994355622,0.5,0.3987616610619641,0.0,0.0,0.0,0.0,0.0,1.0,0.0,0.0,0.0,0.0,0.0,0.06790122803038581,60,33,27,1,55.1,1
2023-02-20 16:15:00,2023-02-21 08:45:00,LONG,24788.56,24696.06,-1.44,0,STOP_LOSS,1.0037797888092226,1.0026668468325812,0.9981560506374152,0.991689675242372,47.03274542583364,11.474245856158799,34.40718413046953,-0.1517743228128456,23.15532250795201,0.9026730070625125,0.8383641571887467,0.5,1.3999577651256976,0.0,0.0,0.0,0.0,0.0,0.0,1.0,1.0,0.0,0.0,0.0,0.11070683537807469,63,38,25,1,61.4,1
2023-02-22 06:30:00,2023-02-22 09:30:00,SHORT,23982.27,24108.83,-2.03,0,STOP_LOSS,1.0035434534511918,1.0064855895364013,1.012196054061403,1.0227810101871104,35.41384334728202,38.35342930246262,57.128199847095765,-0.043578824441533624,45.833094707715745,0.2054716963618311,0.7721566159544359,0.5,1.3165306388312419,0.0,0.0,0.0,0.0,0.0,0.0,1.0,0.0,1.0,0.0,0.0,0.17376456696002615,37,61,24,0,41.5,-1
2023-02-22 14:15:00,2023-02-22 17:15:00,SHORT,23971.27,23704.0,4.28,1,STOP_LOSS,1.00394606055231,1.004836812725909,1.0069180952896906,1.0181956776425884,39.83333693369362,16.8909753660559,30.84339277859266,-0.16889958686850706,25.20849122292283,0.5192682395296299,1.3524046335046724,0.5,1.6019771834089171,0.0,0.0,0.0,0.0,0.0,0.0,1.0,0.0,1.0,0.0,0.0,0.12940092316458712,32,61,29,0,36.4,-1
2023-02-22 19:00:00,2023-02-22 22:15:00,SHORT,23829.88,23974.6,-2.34,0,SENAL_ALCISTA,0.9978129471811902,0.9993864219737804,1.0045221699349836,1.019572291266848,49.0104535990065,89.69238017863145,92.86362823116028,0.1980956132714307,33.66573337443666,0.6615722473585605,0.6456867668602531,0.5,2.7079837326450233,0.0,0.0,0.0,0.0,0.0,0.0,0.0,0.0,1.0,0.0,0.0,0.08992350678394416,39,61,22,0,38.2,-1
2023-02-23 02:30:00,2023-02-23 09:45:00,LONG,24532.0,24290.27,-3.79,0,STOP_LOSS,0.98833422940861,0.9838022669496785,0.9799224546258019,0.9876630192928917,81.37744843516194,70.3901834219939,48.23390111110727,0.2378608780384958,42.56007779279227,1.0651550841261996,0.15740972502048217,0.5,3.6095062357354695,0.0,0.0,0.0,0.0,0.0,1.0,0.0,0.0,0.0,1.0,0.0,0.19983189926233927,64,47,17,0,52.7,1
2023-02-23 13:15:00,2023-02-23 15:00:00,LONG,24149.25,23936.87,-3.37,0,SENAL_BAJISTA,0.9939573734372007,0.9977911311947735,1.000999595128761,1.0039547423405208,51.22101038679706,85.19728007935402,59.202857520886695,0.029924854850940992,33.2731160209169,0.810436433768072,0.8231285891474819,0.5,1.5251899800302382,0.0,0.0,0.0,0.0,0.0,1.0,0.0,1.0,0.0,0.0,0.0,0.23041273121711048,64,39,25,0,44.4,1
2023-02-24 05:00:00,2023-02-24 12:00:00,SHORT,23878.27,23938.41,-0.96,0,STOP_LOSS,1.0027593129648678,1.0030892652684875,1.0035936033938244,1.0094091804483507,41.26657106345604,8.719829170573522,13.470604518536685,-0.15089129200722026,9.776263448588269,1.887194848175711,3.0015706876694974,0.5,1.7305932724718749,0.0,0.0,0.0,0.0,0.0,0.0,0.0,0.0,0.0,0.0,0.0,0.03606121080008957,31,59,28,0,42.4,-1
2023-02-24 13:30:00,2023-02-24 16:15:00,SHORT,23770.82,23134.99,10.2,1,STOP_LOSS,1.0037913835108891,1.0041143738876819,1.0050164374537431,1.0110738336557539,38.737010659155004,27.37775088091643,38.58738934852272,-0.04717968743837672,18.068924771736754,1.4439993388706756,1.7125577971436186,0.5,6.484091913675811,0.0,0.0,0.0,0.0,0.0,0.0,0.0,0.0,1.0,0.0,0.0,-0.14262554211718476,27,62,35,0,34.6,-1
2023-02-27 16:30:00,2023-02-27 22:45:00,SHORT,23404.01,23474.35,-1.16,0,SENAL_ALCISTA,1.004698676374719,1.0057383928960932,1.0041922091650934,0.9996344963463862,42.450624273093716,5.861328024163285,4.132155215109686,-0.34822683552983946,34.41193441367183,0.4844737444927209,1.07646858385993,0.5,1.5745084356395276,0.0,0.0,0.0,0.0,0.0,0.0,0.0,1.0,0.0,0.0,0.0,0.06388508813418685,43,61,18,0,42.9,-1
2023-02-28 04:15:00,2023-02-28 10:45:00,SHORT,23419.99,23362.97,0.94,1,STOP_LOSS,1.001113238230685,1.0008593431803772,1.0004188054769254,0.9989565511596906,47.717873216181,42.466038538517296,59.446010495610004,-0.0790875077537234,14.112089508817233,1.4918746303963837,1.6955718921674148,0.5,2.555318706637045,0.0,0.0,0.0,0.0,0.0,0.0,1.0,0.0,1.0,0.0,0.0,0.047584617843704456,42,58,16,0,42.6,-1
2023-02-28 19:15:00,2023-03-01 02:00:00,SHORT,23236.09,23255.0,-0.31,0,STOP_LOSS,1.0085480790241563,1.0092047441255374,1.0083841535757725,1.0071148976737845,27.29745220505545,0.3300372779772408,4.030677981714556,-0.309184405638808,29.057024001179233,0.5488923893697764,1.202293924602344,0.5,4.062694620024341,0.0,0.0,0.0,0.0,0.0,0.0,1.0,1.0,0.0,0.0,1.0,-0.015155165147560221,44,62,18,0,44.6,-1
2023-03-01 17:45:00,2023-03-01 19:45:00,LONG,23706.54,23356.0,-5.69,0,STOP_LOSS,0.9995471153602573,0.9995172452861809,0.998149376357286,0.9915592103513787,51.555333360246195,80.92135311151253,81.0815232070799,0.04123773581341694,13.489511856403034,1.3888493774569954,1.430435917932511,0.5,0.8367333475310713,0.0,0.0,0.0,0.0,0.0,0.0,0.0,1.0,0.0,0.0,0.0,-0.09452336605272896,62,21,41,1,46.8,1
2023-03-02 00:15:00,2023-03-02 01:30:00,LONG,23700.0,23493.69,-3.33,0,STOP_LOSS,0.9958962081487175,0.9948864600984065,0.9955930262544038,0.9923326057608204,62.32043461842281,98.73838327227611,99.1589221815174,0.36823552709437385,22.882118330818933,1.594407917656219,0.9474362163119523,0.5,1.7177297041522204,0.0,0.0,0.0,0.0,0.0,0.0,0.0,0.0,0.0,0.0,0.0,-0.09760190269439266,62,24,38,1,50.1,1
2023-03-02 12:30:00,2023-03-02 15:45:00,SHORT,23339.76,23364.41,-0.4,0,STOP_LOSS,1.0018247709669788,1.0027746976101832,1.0048017477628735,1.006517969847947,35.45179396042474,28.796968874545207,55.5081106505713,-0.035222661446830866,32.79149142184922,0.36154552140781043,0.907330874491122,0.5,1.6409583412132094,0.0,0.0,0.0,0.0,0.0,0.0,1.0,0.0,0.0,0.0,1.0,-0.134999612490353,38,62,24,0,47.0,-1
2023-03-02 17:30:00,2023-03-02 18:45:00,SHORT,23255.69,23447.66,-3.15,0,STOP_LOSS,1.001678644302703,1.0027686128544828,1.0050821407525514,1.008760250079733,39.76350005604703,32.08722741917933,36.73565080165124,-0.03867541816296358,43.00252328320612,0.20213361406483102,0.5603355636065258,0.5,1.4861335855870037,0.0,0.0,0.0,0.0,0.0,0.0,0.0,0.0,1.0,0.0,0.0,-0.1736430518043077,28,62,34,0,49.8,-1
2023-03-03 00:45:00,2023-03-03 01:45:00,SHORT,23417.74,22157.45,20.48,1,TAKE_PROFIT,1.000811089787019,1.0008271779371742,1.0001512160815815,1.001556933178416,47.716702544621086,2.9270785997485644,3.163872662195105,-0.21289863941169576,26.544858302068242,0.7387867437988189,0.5921831774659659,0.5,0.5222331364591339,0.0,0.0,0.0,0.0,1.0,0.0,0.0,0.0,1.0,0.0,0.0,-0.1039292617672234,39,62,23,0,29.7,-1
2023-03-03 01:45:00,2023-03-04 09:15:00,SHORT,22157.45,22361.28,-3.57,0,SENAL_ALCISTA,1.0348359592480734,1.0463810100338957,1.0520333091222118,1.057167071469512,8.419012059572578,0.0,2.4564394930061653,-0.8823475041722845,36.198063427991165,0.13432959649173512,1.7578752537919633,0.5,4.263813686422838,0.0,0.0,0.0,0.0,0.0,0.0,1.0,0.0,0.0,0.0,0.0,0.5286890526626188,33,62,29,0,29.7,-1
2023-03-06 02:00:00,2023-03-06 06:45:00,SHORT,22336.01,22408.0,-1.25,0,SENAL_ALCISTA,1.0028158797951432,1.0034668847916977,1.0036715502783746,1.0050693281010186,39.532792031398905,8.667734684269448,27.05367055222632,-0.12913417086849055,13.02572844304726,1.1804195116631329,2.326656489638197,0.5,3.204975919888257,0.0,0.0,0.0,0.0,0.0,0.0,1.0,0.0,0.0,0.0,0.0,-0.10578099884526614,31,62,31,0,37.3,-1
2023-03-06 10:30:00,2023-03-06 13:30:00,SHORT,22384.52,22451.26,-1.15,0,STOP_LOSS,1.0004881565841306,1.0004996563442647,1.0006194888602784,1.002112968345332,46.746304322426944,19.406476180051392,32.939116507861385,-0.051639531359654434,10.172261568485894,2.0538160416634015,2.5049258986551686,0.5,0.7293636021147146,0.0,0.0,0.0,0.0,0.0,0.0,1.0,0.0,1.0,0.0,0.0,-0.3292175147933832,28,58,30,0,37.0,-1
2023-03-07 09:15:00,2023-03-07 10:15:00,SHORT,22388.01,22427.81,-0.69,0,STOP_LOSS,1.0011527228578283,1.0018145733640655,1.002178862885921,1.0021862782439128,35.00182659400454,27.559346327240796,31.228539918258015,-0.23200561128060704,20.156156883851484,0.8892212261220962,1.8339423993613073,0.5,2.1100618283766686,0.0,0.0,0.0,0.0,0.0,0.0,0.0,0.0,0.0,0.0,0.0,-0.052508035631743916,33,59,26,0,39.7,-1
2023-03-07 11:45:00,2023-03-07 15:15:00,SHORT,22349.73,22216.0,2.31,1,STOP_LOSS,1.0015180377895707,1.0023082172659756,1.0031416394018133,1.003687590779192,35.87943467225079,43.25108218927993,51.77948474720423,-0.12224397860137817,24.86269863278598,0.5175938499025112,1.4066522475455912,0.5,3.1940198388236727,0.0,0.0,0.0,0.0,0.0,0.0,1.0,0.0,0.0,0.0,0.0,-0.024732659113956952,36,62,26,0,39.7,-1
2023-03-07 19:45:00,2023-03-07 23:30:00,SHORT,22128.75,22192.0,-1.1,0,STOP_LOSS,1.0037981525380906,1.0056426571620893,1.0082600285667516,1.0118890871311663,35.266955051930715,7.581947657335355,15.643129198764576,-0.109716116881911,40.85787770126562,0.26102700580839966,0.8696747832431576,0.5,1.4290828563952205,0.0,0.0,0.0,0.0,0.0,0.0,1.0,0.0,1.0,0.0,0.0,-0.2082486728186639,37,62,25,0,31.7,-1
2023-03-08 05:00:00,2023-03-08 05:45:00,SHORT,22092.0,21952.0,2.44,1,STOP_LOSS,1.0020276697548522,1.002772823599629,1.0042409524168787,1.0100745708433292,39.81894662542953,27.6176703734641,32.07553508364197,-0.1578913636302505,23.80683832536984,0.6780338224452382,1.3607086784362286,0.5,1.7013582244353354,0.0,0.0,0.0,0.0,0.0,0.0,0.0,0.0,0.0,0.0,0.0,-0.17450269634546633,27,62,35,0,29.2,-1
2023-03-08 13:15:00,2023-03-08 15:00:00,SHORT,22006.83,22146.63,-2.46,0,STOP_LOSS,1.0011766375866418,1.0015276876808763,1.0029119758199274,1.010265963979268,43.48499733862962,6.797162649246998,14.508135609765713,-0.09160182196854681,20.14325544003643,1.1456509803880532,1.2202141551428165,0.5,2.048593015268232,0.0,0.0,0.0,0.0,0.0,0.0,0.0,0.0,1.0,0.0,0.0,-0.11846626727864831,33,62,29,0,39.1,-1
2023-03-08 19:30:00,2023-03-09 14:00:00,SHORT,22039.17,21752.01,5.03,1,STOP_LOSS,0.9995477549137308,1.0001970198471288,1.0008470644213598,1.0069718155541532,48.95189426228748,38.627071580976384,31.105331299780158,-0.11185144017675201,18.74343114127214,1.331792604684851,1.0224515846862665,0.5,1.277167022845854,0.0,0.0,0.0,0.0,0.0,0.0,0.0,0.0,0.0,0.0,0.0,-0.04815258902009981,20,62,42,0,34.5,-1
2023-03-09 16:30:00,2023-03-09 20:45:00,SHORT,21523.45,20131.32,25.06,1,TAKE_PROFIT,1.0054229351673216,1.0063697099658693,1.007959452434485,1.0186959477833406,29.398144978758477,13.85434536577079,28.546458110373294,-0.21906382994494578,33.02110853323172,0.497215546726989,1.083757531668982,0.5,1.6574800377989516,0.0,0.0,0.0,0.0,0.0,0.0,1.0,0.0,1.0,0.0,1.0,0.21835950619640523,32,64,32,0,16.4,-1
2023-03-09 20:45:00,2023-03-10 13:30:00,SHORT,20131.32,20204.01,-1.43,0,STOP_LOSS,1.0287267567174982,1.0448270684170307,1.0601133996275596,1.0822160330414388,4.382393576063968,0.0,0.0,-0.5936434597357467,65.05707523394621,0.030640861472080474,0.8895506332235812,0.5,3.6815826157023395,0.0,0.0,0.0,0.0,0.0,0.0,1.0,0.0,1.0,0.0,0.0,0.3822113347904393,32,64,32,0,12.9,-1
2023-03-10 15:30:00,2023-03-10 23:30:00,SHORT,19876.77,20203.69,-6.51,0,STOP_LOSS,1.000560999745334,1.0005855211888364,1.0053090142398018,1.0478870878412287,49.1203668511641,24.540778501305695,28.0840351079938,-0.017471628884187664,22.857002486393604,1.1133950355180964,1.2043640519701289,0.5,0.5257310942815253,0.0,0.0,0.0,0.0,1.0,1.0,0.0,0.0,1.0,0.0,0.0,-0.105038415582479,33,67,34,0,18.9,-1
2023-03-13 00:15:00,2023-03-13 09:30:00,LONG,22111.57,21948.01,-2.91,0,STOP_LOSS,0.9868600244216238,0.9724477916734258,0.953437405969191,0.9320091019982235,76.06034484427404,90.9001255899702,91.37888011508666,0.22014831643058796,55.98708519354493,0.7041911886246609,0.10883536909852932,0.5,1.3909586616913663,0.0,0.0,0.0,0.0,0.0,0.0,0.0,1.0,0.0,0.0,0.0,-0.14020871761086234,62,45,17,1,70.2,1
2023-03-13 13:15:00,2023-03-13 15:45:00,LONG,22439.13,23979.99,26.95,1,STOP_LOSS,0.9890153622681028,0.9877029315254842,0.9831049015637684,0.9477355632985364,65.00693710787482,99.99999999999999,91.99861952995504,0.23674383825494372,24.794832406115756,1.2973930237427616,0.7177201518396705,0.5,2.330649851295373,0.0,0.0,0.0,0.0,0.0,1.0,0.0,0.0,0.0,0.0,0.0,-0.03876486129373713,62,28,34,1,77.7,1
2023-03-13 23:15:00,2023-03-14 05:15:00,LONG,24040.0,24350.01,5.18,1,STOP_LOSS,1.0042552691851905,1.001950883537476,0.9842627029158897,0.9220281320978951,51.43682027612266,13.97880177889573,21.343636184180188,-0.37674854562126414,35.51910258174785,0.5665905014528063,0.6300058318893765,0.5,2.1969216018012863,0.0,0.0,0.0,0.0,0.0,0.0,0.0,1.0,0.0,0.0,0.0,0.2642622425021635,62,29,33,1,76.1,1
2023-03-14 10:45:00,2023-03-14 13:15:00,LONG,24575.52,25851.38,20.96,1,STOP_LOSS,0.9908253289270522,0.989187670434532,0.9846668216682802,0.9337901496484966,66.48907484488754,100.0,87.99310653461357,0.22404721836662198,20.821373666794816,1.6048040821858793,0.5864493541489485,0.5,2.5946507162450994,0.0,0.0,0.0,0.0,0.0,1.0,0.0,1.0,0.0,0.0,0.0,0.14730565802114678,64,27,37,1,77.9,1
2023-03-14 18:00:00,2023-03-14 18:45:00,LONG,25323.52,24996.02,-5.32,0,STOP_LOSS,1.0139595791886844,1.0115725232622124,0.9950603311250718,0.9325703211024879,43.14786551485144,0.0,1.369282651900494,-0.4723671830011436,40.24401439817344,0.5426032436315046,0.6379027967389354,0.5,1.8428908905611356,0.0,0.0,0.0,0.0,0.0,0.0,1.0,1.0,0.0,0.0,0.0,0.008869792999065661,64,45,19,1,70.9,1
2023-03-15 01:00:00,2023-03-15 11:15:00,LONG,24880.63,24293.2,-9.66,0,STOP_LOSS,0.9912611082328844,0.993715980578062,0.9987256229578321,0.95983187058171,53.12388958508299,86.02181523418966,68.93194341048037,0.18061428810866156,26.437760937932914,0.9102276828797915,0.9295402698503444,0.5,1.477006806607929,0.0,0.0,0.0,0.0,0.0,1.0,0.0,0.0,1.0,0.0,0.0,0.09208069194615218,62,40,22,1,66.7,1
2023-03-15 13:00:00,2023-03-15 14:30:00,LONG,25032.62,24505.77,-8.54,0,STOP_LOSS,0.9877453264080996,0.9861022040856878,0.9875778277992924,0.9668131796974375,63.260100944662135,92.5425012449489,86.30347283562905,0.21657286628366523,22.180205823902387,1.44591987387654,0.9438710066569859,0.5,1.604101651933375,0.0,0.0,0.0,0.0,0.0,0.0,0.0,0.0,0.0,0.0,0.0,0.13309810889926835,62,32,30,1,62.4,1
2023-03-16 05:30:00,2023-03-16 11:00:00,LONG,24371.67,24836.86,7.69,1,STOP_LOSS,0.9974423921763895,0.9974145271287798,0.9993937018886413,0.9962364745368955,54.50080825653169,79.84274436628712,54.08858882660747,0.10382847334611497,19.46353928446552,1.2050640834107282,0.9378061941571103,0.5,1.1990517597263979,0.0,0.0,0.0,0.0,0.0,0.0,0.0,0.0,0.0,0.0,0.0,-0.22156352033787352,61,27,34,1,63.0,1
2023-03-16 12:30:00,2023-03-17 07:00:00,LONG,24736.44,26007.14,20.83,1,STOP_LOSS,1.0020419349174121,0.9990289502960547,0.9939648386127746,0.9853902661241372,52.7095913766454,33.99559213591284,42.57684693939951,-0.05978760353385341,33.229350598568715,0.7256389805060852,0.38541779242182833,0.5,1.2169145702558564,0.0,0.0,0.0,0.0,0.0,0.0,0.0,0.0,0.0,0.0,0.0,-0.28830638617466225,60,37,23,1,65.4,1
2023-03-17 10:00:00,2023-03-17 12:30:00,LONG,26335.91,26536.21,3.14,1,STOP_LOSS,0.9922950443078957,0.9870121033188428,0.9751603586301496,0.9478873837695249,72.72476221612047,56.100371270547,39.09191037137795,0.012868284981839756,49.44450297490096,0.8377938520623072,0.1750778845765766,0.5,2.1357625641769813,0.0,0.0,0.0,0.0,0.0,1.0,0.0,1.0,0.0,0.0,0.0,-0.07419193173379392,62,21,41,1,79.5,1
2023-03-17 16:45:00,2023-03-17 23:30:00,LONG,26390.0,27269.7,13.8,1,STOP_LOSS,1.001159772676156,1.0011148849780966,0.9934510183997698,0.959886009115978,49.82980508509839,58.00865240058034,60.10758975740783,-0.11960978165022831,21.04108919046847,0.9514702031480409,0.8955467844061124,0.5,1.38011164239836,0.0,0.0,0.0,0.0,0.0,0.0,1.0,1.0,0.0,0.0,0.0,0.0907586123132185,62,29,33,1,73.7,1
2023-03-20 07:00:00,2023-03-20 13:30:00,LONG,27885.23,27851.89,-0.5,0,STOP_LOSS,0.9892647009420977,0.9886479579855078,0.9908007654947678,0.9790788489482245,62.705241231850536,91.85653564560877,90.18612815519148,0.37639919753129186,32.68715288218473,0.8943707402491843,0.6644587458966418,0.5,1.54544786090741,0.0,0.0,0.0,0.0,0.0,0.0,0.0,1.0,0.0,0.0,0.0,0.018190423871642148,67,24,43,1,66.1,1
2023-03-20 20:15:00,2023-03-20 23:30:00,LONG,27910.34,27617.99,-4.38,0,STOP_LOSS,0.997546701378092,0.997270985501158,0.9981366770944179,0.9877446571866123,53.10253215596478,74.27405213427252,67.49663965164643,0.1571511674335779,12.107393223793345,1.8677879443350645,1.764185534224213,0.5,0.48550232258986686,0.0,0.0,0.0,0.0,0.0,0.0,0.0,1.0,0.0,0.0,0.0,-0.027848987941215705,67,16,51,1,59.7,1
2023-03-21 04:30:00,2023-03-21 06:45:00,LONG,27893.26,27639.47,-3.79,0,STOP_LOSS,0.9980836300661586,0.9978562036291915,0.9983656725063826,0.9912454972852953,54.38057995205314,96.43162281548896,74.52786540415858,0.11756540121466666,11.165806225553773,2.206577705732267,1.713958244294619,0.5,1.6849819984399865,0.0,0.0,0.0,0.0,0.0,0.0,0.0,0.0,0.0,0.0,0.0,-0.03182639017441045,67,16,51,1,56.3,1
2023-03-21 09:45:00,2023-03-21 14:15:00,LONG,27934.62,27850.16,-1.26,0,STOP_LOSS,0.9928047626624955,0.9918568295778815,0.993524060006877,0.990024768404453,62.61723890781914,96.40926165095425,97.57421859596887,0.31125404191494505,28.82347138433413,1.014182470880573,0.5875423296588083,0.5,2.417485576367528,0.0,0.0,0.0,0.0,0.0,0.0,0.0,0.0,1.0,0.0,0.0,-0.0607326769642732,67,29,38,1,61.5,1
2023-03-21 15:30:00,2023-03-21 17:45:00,LONG,28017.55,27984.0,-0.5,0,STOP_LOSS,0.9978605863778001,0.9973930026717317,0.9955357791032691,0.9895416709440221,54.788141713621094,28.81795489344148,21.711590514193013,-0.09467604145260315,22.334890446972516,0.9113100541156555,0.5978811325610415,0.5,1.4041456869692217,0.0,0.0,0.0,0.0,0.0,0.0,0.0,0.0,0.0,0.0,0.0,-0.06122408374395582,59,15,44,1,61.5,1
2023-03-21 23:45:00,2023-03-22 15:30:00,LONG,28104.57,28600.32,7.32,1,STOP_LOSS,0.9984166306973863,0.9983965481789387,0.9973305237346304,0.9901418816677896,53.80342548145387,92.06128216203359,76.15155106619773,0.03921496787286007,11.6089049718842,1.7021815145206853,1.614161623580891,0.5,0.611478014534355,0.0,0.0,0.0,0.0,0.0,0.0,0.0,1.0,0.0,0.0,0.0,-0.08106343226462703,67,20,47,1,62.0,1
2023-03-22 17:15:00,2023-03-22 18:30:00,LONG,28377.08,28200.0,-2.61,0,STOP_LOSS,1.0054300731534977,1.002807562329291,0.9980818506452928,0.988191757075894,47.086998129755436,7.693177839489671,18.823260957078443,-0.10839193077784691,29.81845042169115,0.7247025942220559,0.8653345510061645,0.5,1.5000439913934052,0.0,0.0,0.0,0.0,0.0,0.0,1.0,1.0,0.0,0.0,0.0,0.06228004172536786,64,40,24,1,41.5,1
2023-03-23 05:30:00,2023-03-23 13:00:00,LONG,27570.15,27419.29,-2.28,0,SENAL_BAJISTA,0.993342432788868,0.9921897721926961,0.9967241554125579,1.0077007696526363,62.048685527527525,87.1947236079557,69.93386317200212,0.2954917308800764,19.030270270647613,1.616626867076945,1.1122791661415858,0.5,3.8046799715620367,0.0,0.0,0.0,0.0,0.0,1.0,0.0,0.0,0.0,1.0,0.0,0.10103990575603895,64,30,34,1,51.9,1
2023-03-23 15:15:00,2023-03-23 18:30:00,LONG,28472.89,28103.35,-5.4,0,STOP_LOSS,0.9783764120639502,0.9721211747902352,0.9693857750780885,0.9738853233513226,82.61401707186364,99.99999999999999,77.09610951236863,0.5906819453045035,28.447228266504386,1.94887722047839,0.3960368740372421,0.5,3.949715300474953,0.0,0.0,0.0,0.0,1.0,1.0,0.0,0.0,0.0,0.0,0.0,0.21888666739560067,64,40,24,1,60.6,1
2023-03-24 06:15:00,2023-03-24 08:30:00,LONG,28332.78,28058.9,-4.0,0,STOP_LOSS,0.9974212588672619,0.9967600954293818,0.9946682931079178,0.9868948572398912,60.211560129333705,99.99999999999999,96.33604450026063,0.1311140683633727,10.994918867539848,2.2675027025009737,1.667816444614135,0.5,1.8847749266287017,0.0,0.0,0.0,0.0,0.0,1.0,0.0,0.0,0.0,0.0,0.0,0.3095250026308357,64,32,32,1,56.8,1
2023-03-27 01:15:00,2023-03-27 05:45:00,LONG,27881.61,27712.08,-2.51,0,STOP_LOSS,1.0025503926205706,1.0018060455830622,0.9994436640432096,0.9944339384091699,46.252126592845244,18.29381360093113,33.67611613036896,-0.12171041672369057,22.468880563152243,1.0528502605104244,1.1076368852753926,0.5,2.334753597478391,0.0,0.0,0.0,0.0,0.0,0.0,0.0,1.0,0.0,0.0,0.0,0.12167389661489149,64,21,43,1,53.5,1
2023-03-27 07:45:00,2023-03-27 12:30:00,LONG,27806.09,27775.05,-0.46,0,STOP_LOSS,1.0001076333704801,1.0008919333108772,1.001382629639617,0.998064567596916,45.53541409857452,68.13936222429122,63.55380223972476,0.009299870129344865,26.394341014510772,0.5529512250437193,1.048033184433179,0.5,1.4265257724951146,0.0,0.0,0.0,1.0,0.0,0.0,0.0,0.0,0.0,0.0,0.0,0.09941296558201763,60,28,32,1,51.9,1
2023-03-27 13:45:00,2023-03-27 14:30:00,SHORT,27691.0,27393.46,4.42,1,STOP_LOSS,1.0033697182237942,1.0047318948939519,1.0053854447548103,1.0029231095533342,33.75405499541258,19.710647616342396,16.687808262339804,-0.2257974839097499,21.286575692716617,0.6776439173501639,1.1028025742099796,0.5,1.828916431063942,0.0,0.0,0.0,0.0,0.0,0.0,0.0,0.0,1.0,0.0,0.0,0.1427944306968048,36,61,25,0,38.5,-1
2023-03-27 22:00:00,2023-03-28 11:00:00,SHORT,27192.83,26829.64,5.52,1,STOP_LOSS,0.9969024112846464,0.9970999867578041,1.003262690592133,1.0141545218317627,53.35407471908075,96.74141053833401,96.741410538334,0.33815350702626606,25.867331257821185,0.8769978137596948,0.7614190301144224,0.5,1.2890852276230529,0.0,0.0,0.0,0.0,0.0,0.0,0.0,0.0,1.0,0.0,0.0,0.03829192845866877,39,59,20,0,42.6,-1
2023-03-28 12:15:00,2023-03-28 18:45:00,SHORT,26868.88,27339.29,-7.27,0,STOP_LOSS,1.0020991509708093,1.0023541061117422,1.0045610878070548,1.0167750483220503,45.14762989299037,84.62708107384398,90.27337969099283,0.11280608034964257,19.295192495426825,1.543324166448316,1.5123322521849656,0.5,1.3373919384047184,0.0,0.0,0.0,0.0,0.0,0.0,0.0,0.0,0.0,0.0,0.0,0.05669793474854589,28,61,33,0,41.5,-1
2023-03-28 19:45:00,2023-03-29 11:00:00,LONG,27419.87,28272.18,12.82,1,STOP_LOSS,0.9917564200141349,0.9873559719619109,0.9852875892532916,0.9933336117776912,73.34288804826221,88.22297661439211,86.90424673666567,0.41822723099827047,21.9761383263762,1.7876477523593377,0.6041702437920999,0.5,2.2244634052316035,0.0,0.0,0.0,0.0,0.0,0.0,0.0,0.0,0.0,0.0,0.0,0.07435499228494348,64,38,26,0,49.9,1
2023-03-29 16:00:00,2023-03-30 03:00:00,LONG,28364.91,28390.15,0.37,1,STOP_LOSS,1.0009863800856709,0.9997964968510782,0.9923619393283061,0.9739656305788905,53.29592790313487,45.35686440116615,49.278410588545164,-0.1687946327514365,43.38083232597024,0.5823286264918965,0.32006400646560723,0.5,1.346954500226173,0.0,0.0,0.0,0.0,0.0,0.0,0.0,1.0,0.0,0.0,0.0,0.08659835512785716,64,37,27,1,63.9,1
2023-03-30 04:30:00,2023-03-30 14:00:00,LONG,28615.09,28270.68,-5.02,0,STOP_LOSS,0.9984542516405012,0.9967125797012671,0.9932354247844956,0.9763906973131077,54.58375294937005,26.354778732513818,22.738961744170194,0.0020891503932024555,16.13587943414712,1.8071179162087805,1.7104007244948305,0.5,0.536398433580733,0.0,0.0,0.0,0.0,1.0,0.0,0.0,1.0,0.0,0.0,0.0,0.16611034824703147,64,20,44,1,67.3,1
2023-03-31 00:30:00,2023-03-31 02:00:00,LONG,28131.99,28085.51,-0.69,0,SENAL_BAJISTA,0.9972804748799814,0.9972738381921706,1.0007298120877945,0.999784380431823,54.71541267052884,87.30794595209831,77.35344097761956,0.206784416065248,26.569578223590636,0.6323564020559347,1.0646267326455767,0.5,0.8149918529772098,0.0,0.0,0.0,0.0,0.0,0.0,0.0,0.0,1.0,0.0,0.0,0.2265838706032053,58,33,25,1,54.4,1
2023-03-31 12:30:00,2023-03-31 17:30:00,LONG,28111.38,28273.27,2.39,1,STOP_LOSS,0.9941741223137889,0.9933733907217136,0.9953765707698272,0.9986958138637927,63.31269550128291,80.38921612984298,79.04158139177937,0.2961671855846304,20.512349624611993,1.544265850611297,0.8917455007681898,0.5,4.8261420970718465,0.0,0.0,0.0,0.0,0.0,0.0,0.0,0.0,1.0,0.0,0.0,0.09925269042394823,64,39,25,1,58.5,1
2023-03-31 22:15:00,2023-04-01 06:15:00,LONG,28566.18,28421.15,-2.11,0,STOP_LOSS,0.9965800482552685,0.9948881246094807,0.9914513015886264,0.98649048251713,63.79974107123941,83.25577022854105,79.11478581086725,0.0742274786769683,31.43389402896639,1.1414638478963428,0.3943823452418092,0.5,1.3001713545929512,0.0,0.0,0.0,0.0,0.0,0.0,0.0,1.0,0.0,0.0,0.0,0.04324722858317533,64,18,46,1,58.0,1
2023-04-03 01:30:00,2023-04-03 07:15:00,SHORT,27708.38,27921.39,-3.19,0,STOP_LOSS,1.0109348855279146,1.0124700219025273,1.0148437261394418,1.0200584984754797,26.298574420146807,35.840373647494644,55.02872306109638,-0.2166490973692052,27.331431884776126,0.48444114417535766,1.8760279705229552,0.5,7.188127184740574,0.0,0.0,0.0,0.0,0.0,0.0,1.0,0.0,1.0,0.0,0.0,0.0801493275574883,27,61,34,0,40.6,-1
2023-04-03 18:30:00,2023-04-03 20:15:00,SHORT,28130.93,27751.35,5.59,1,STOP_LOSS,0.996867066097898,0.9975507284400498,0.9980103719898117,1.0007313684788153,55.04643942532991,84.43683996345271,66.71411130941738,0.07902049686421662,17.64022942116296,1.4963307300758877,0.9250633516508411,0.5,2.648527460900448,0.0,0.0,0.0,0.0,1.0,0.0,0.0,1.0,0.0,0.0,0.0,0.1319238700720357,44,60,16,0,48.5,-1
2023-04-04 04:45:00,2023-04-04 05:15:00,SHORT,27811.71,27887.75,-1.14,0,SENAL_ALCISTA,1.0010601653852667,1.0011141569348065,1.0023920450310992,1.0083328656066577,47.20945179872273,25.22068843392118,41.413505690412855,-0.026451051862142128,12.82174937815202,1.7116205415353871,1.7906859073999897,0.5,0.3012168819643212,0.0,0.0,0.0,0.0,0.0,0.0,0.0,0.0,1.0,0.0,0.0,0.09055736652081321,19,61,42,0,48.4,-1
2023-04-04 09:45:00,2023-04-04 13:45:00,LONG,28202.3,28110.88,-1.35,0,STOP_LOSS,0.9961832267344433,0.9936766713919984,0.9914968971706154,0.994197155072311,67.13117922206699,72.74580142408588,57.97477504612981,0.17962726373258145,23.483033039606777,1.3341405594360782,0.6104004077929209,0.5,1.2114397556786833,0.0,0.0,0.0,0.0,0.0,1.0,0.0,0.0,0.0,1.0,0.0,0.07677844736495748,58,36,22,0,53.9,1
2023-04-04 15:15:00,2023-04-04 17:45:00,SHORT,28002.77,28220.0,-3.22,0,SENAL_ALCISTA,1.004488766873723,1.0054935325871701,1.003486397187488,1.0024881811669921,38.53060585589114,2.1739056916278,8.428640124205176,-0.3079804601238023,29.467805001048387,0.6380549012229628,0.8539941385372661,0.5,2.1968452552221756,0.0,0.0,0.0,0.0,0.0,0.0,1.0,1.0,0.0,0.0,0.0,0.06552214933381195,33,61,28,0,48.4,-1
2023-04-04 20:00:00,2023-04-05 03:00:00,LONG,28189.38,28481.05,4.28,1,STOP_LOSS,0.9986891670979445,0.998312080556075,0.997392766797921,0.9961647842965526,54.73140058886955,64.24424551191147,54.91845252876912,0.07791313134410394,21.018751574802263,1.1257598408655805,0.5814479976491083,0.5,0.659360840875256,0.0,0.0,0.0,0.0,0.0,0.0,0.0,1.0,0.0,0.0,0.0,0.039798199001133336,60,20,40,0,51.2,1
2023-04-05 12:15:00,2023-04-05 13:30:00,LONG,28537.89,28389.22,-2.17,0,STOP_LOSS,0.9999393596020004,0.9996277128979437,0.997884450723881,0.9904783367103608,52.66702538247162,84.0589205320885,85.58328833495054,0.022028475200907664,23.769454454808084,1.0575408471328227,0.75896913323567,0.5,3.254178586466352,0.0,0.0,0.0,0.0,0.0,0.0,0.0,1.0,0.0,0.0,0.0,0.07465856068067639,64,27,37,1,46.8,1
2023-04-06 04:00:00,2023-04-06 11:00:00,SHORT,28110.98,27910.79,2.95,1,STOP_LOSS,0.999056687721299,0.9991365181519852,1.0007485761936998,1.0030950254026383,52.231283859320854,96.29317511588772,96.83885362704271,0.15012026516683422,20.647742419904436,0.8716576579109413,1.0161764890182419,0.5,1.296885565083462,0.0,0.0,0.0,0.0,0.0,0.0,0.0,0.0,1.0,0.0,0.0,-0.10465267208461476,36,59,23,0,44.4,-1
2023-04-06 12:30:00,2023-04-06 15:00:00,SHORT,27916.1,28052.43,-2.03,0,STOP_LOSS,1.0004499404940586,1.000965095647912,1.0030424303769414,1.007752932851697,46.146762263364586,76.91176473802508,83.91723018837678,0.12555705879996645,31.791112934731807,0.7483161685004959,0.7595816020465539,0.5,2.7061443561604865,0.0,0.0,0.0,0.0,0.0,0.0,0.0,0.0,1.0,0.0,0.0,-0.10781062975523878,22,61,39,0,48.8,-1
2023-04-06 20:45:00,2023-04-07 00:45:00,SHORT,27978.6,28096.75,-1.75,0,STOP_LOSS,1.0020145651857586,1.0018560059691772,1.0015050086790995,1.0043739257314657,45.08308195139201,60.28344386015905,69.44493133219659,-0.0665278509905055,12.55699893393251,1.8863532220736594,2.28732154301743,0.5,1.5879157281761216,0.0,0.0,0.0,0.0,0.0,0.0,0.0,0.0,1.0,0.0,0.0,-0.16846235073240837,39,61,22,0,47.6,-1
2023-04-07 07:30:00,2023-04-07 10:15:00,SHORT,27860.63,27928.48,-1.01,0,STOP_LOSS,1.0027348889065975,1.0039973559548219,1.004915410163387,1.007390923671344,31.85930606116278,19.034088490953796,26.22115976384788,-0.2438991769712574,36.33444083855788,0.2502780664105623,1.240266848001097,0.5,3.571469781850394,0.0,0.0,0.0,0.0,0.0,0.0,1.0,0.0,0.0,0.0,0.0,-0.09575778304733508,27,61,34,0,42.8,-1
2023-04-10 10:45:00,2023-04-10 13:15:00,LONG,28328.26,28253.16,-1.1,0,STOP_LOSS,0.9993957474862194,0.9990604827438616,0.9978404413561591,0.9924983183284539,57.32326874657934,38.54246162424825,35.888945327394104,0.026958745719366968,20.010536065678046,1.908947911419524,0.8951657996730192,0.5,1.4561977241093798,0.0,0.0,0.0,0.0,0.0,0.0,0.0,0.0,0.0,0.0,0.0,-0.024692388704549872,64,18,46,1,59.5,1
2023-04-10 15:15:00,2023-04-10 18:00:00,LONG,28411.33,29129.91,10.47,1,STOP_LOSS,0.9970704715275437,0.9962731912543571,0.995515026082006,0.9906514111044625,63.923911803134445,94.01073203432878,85.86027717600352,0.291878982520062,21.157565321872482,1.8346342902097759,0.6941235881872478,0.5,3.762462732258934,0.0,0.0,0.0,0.0,1.0,0.0,0.0,0.0,0.0,0.0,0.0,-0.07065724321958841,64,30,34,1,63.5,1
2023-04-10 22:30:00,2023-04-11 03:15:00,LONG,29668.0,29985.1,4.46,1,STOP_LOSS,0.989955809669529,0.9835492851844996,0.9733604530216176,0.9567039957569886,82.80714359153065,91.45427578722126,64.59339327936084,0.19344978974261337,60.40358469110913,0.817984115824328,0.08870817475365533,0.5,1.446671007999538,0.0,0.0,0.0,0.0,0.0,1.0,0.0,0.0,0.0,0.0,0.0,0.2008311160371288,64,23,41,1,82.2,1
2023-04-11 05:45:00,2023-04-11 19:45:00,LONG,29884.43,30123.74,3.36,1,STOP_LOSS,1.0047379405524082,1.0027368839236932,0.9917484925185374,0.9630141605368161,48.84801579380576,0.0,4.31922687360365,-0.3988266193627465,50.61506284963176,0.522663013357836,0.49919016386675596,0.5,1.9213090326332896,0.0,0.0,0.0,0.0,0.0,0.0,1.0,1.0,0.0,0.0,0.0,0.16076908097026885,67,33,34,1,85.4,1
2023-04-11 23:00:00,2023-04-12 02:00:00,LONG,30229.06,30042.84,-2.59,0,STOP_LOSS,0.9991701179548202,0.9986810126549884,0.9969535825883781,0.9746115972091225,54.05378706795315,70.65561830687655,51.624391925371235,0.062170777808539635,10.20904872709979,2.602888716308391,1.9403615330720128,0.5,0.255937113957199,0.0,0.0,0.0,0.0,0.0,0.0,0.0,1.0,0.0,0.0,0.0,-0.04600605184833452,67,11,56,1,82.3,1
2023-04-12 09:15:00,2023-04-12 12:45:00,LONG,29985.36,30153.19,2.35,1,STOP_LOSS,0.9993482976612752,0.999707510137069,1.0012250077408176,0.9887874594256585,49.74578600005079,50.37126001298098,50.81633028081393,0.11912004423867505,17.914742184032747,1.4717251490911483,1.367228566986558,0.5,1.3453560805564224,0.0,0.0,0.0,0.0,0.0,0.0,0.0,0.0,1.0,0.0,0.0,-0.10228237341373095,63,39,24,1,73.2,1
2023-04-12 13:45:00,2023-04-12 15:00:00,LONG,30050.16,29796.86,-3.54,0,STOP_LOSS,1.0017096187954142,1.000356034012749,0.9997761269063365,0.9888784671782646,49.947660932368436,29.90676439538931,43.5718469684854,0.08877896932301962,23.497388012757472,1.3427795860279843,0.9268591279807078,0.5,1.4581461146424632,0.0,0.0,0.0,0.0,0.0,0.0,1.0,0.0,1.0,0.0,0.0,-0.15637449808701875,64,39,25,1,71.1,1
2023-04-13 00:30:00,2023-04-13 15:00:00,LONG,30022.61,30335.1,4.36,1,STOP_LOSS,0.9970061741842676,0.9967360947660228,0.9975457248162082,0.992371206493397,60.01175555973267,95.50443900206783,78.34034587235061,0.17560092213647438,14.436009259120688,1.735522968972264,1.1908579113129036,0.5,1.4809166952522526,0.0,0.0,0.0,0.0,0.0,1.0,0.0,0.0,1.0,0.0,0.0,-0.12006334015411961,64,41,23,1,70.0,1
2023-04-13 19:00:00,2023-04-14 01:15:00,LONG,30385.2,30776.67,5.42,1,STOP_LOSS,1.0008115319417428,0.999477936999716,0.9964808015492098,0.9879073841389084,53.812573254827925,39.41252763336299,50.963469190508576,-0.03744097534023506,25.77582811191443,1.0911064801381487,0.8687452518694277,0.5,1.273202524807114,0.0,0.0,0.0,0.0,0.0,0.0,0.0,1.0,0.0,0.0,0.0,-0.0238093973873167,64,28,36,1,71.0,1
2023-04-14 02:45:00,2023-04-14 08:15:00,LONG,30596.85,30691.61,1.31,1,STOP_LOSS,1.0025407701030804,0.999388451571441,0.995046791259771,0.9849842402677684,54.17379869875874,33.618626220279246,53.98250956793548,0.04444002409153135,32.48809447454199,0.8889462125939402,0.7157990104300281,0.5,1.491716153149024,0.0,0.0,0.0,0.0,0.0,0.0,1.0,1.0,0.0,0.0,0.0,0.05166327567016841,67,32,35,1,76.2,1
2023-04-14 12:30:00,2023-04-14 12:45:00,LONG,30762.25,30616.79,-2.0,0,STOP_LOSS,1.0008766117379875,1.0005353003110433,0.9982410247890954,0.9863545687228322,49.275882110429734,55.910032057729524,71.54210795469231,-0.051428825627916515,12.525080486334051,1.6566164205965808,1.4947495091786551,0.5,1.3024867646976144,0.0,0.0,0.0,0.0,0.0,0.0,0.0,1.0,0.0,0.0,0.0,0.013231347644832636,67,27,40,1,58.4,1
2023-04-14 20:30:00,2023-04-15 13:30:00,LONG,30496.48,30359.99,-1.89,0,SENAL_BAJISTA,0.9954780130019804,0.9954480958744296,0.9985474990966537,0.9952520442528882,59.407841220866636,99.52311689660846,99.16610588435606,0.3990301636563923,33.730535660464575,0.7156505166022655,0.6539254405729785,0.5,1.4463383004662502,0.0,0.0,0.0,0.0,0.0,1.0,0.0,0.0,1.0,0.0,0.0,0.11917321569842045,67,37,30,1,62.4,1
2023-04-17 07:45:00,2023-04-17 16:30:00,SHORT,29839.73,29454.44,5.44,1,STOP_LOSS,1.0022618676759936,1.0038615419604944,1.0072870076218434,1.0130304104252075,30.750212856047604,3.5828367343389456,11.243548248964801,-0.03426124973258145,34.67414531184663,0.36197217047218333,1.03645180820009,0.5,2.036249452237802,0.0,0.0,0.0,0.0,0.0,0.0,1.0,0.0,1.0,0.0,0.0,0.3060413115546406,38,59,21,0,40.1,-1
2023-04-17 22:00:00,2023-04-18 01:30:00,SHORT,29479.29,29393.35,1.23,1,STOP_LOSS,0.9994653004187951,0.9998030521030411,1.0026277653184987,1.0153309666542025,49.14765975256143,43.774985953501734,27.818010957740157,0.07021157656964382,32.2151455824496,0.5191429224305105,0.7119439313365364,0.5,1.354463728273665,0.0,0.0,0.0,0.0,0.0,0.0,0.0,0.0,1.0,0.0,0.0,0.21121749755138153,31,59,28,0,33.5,-1
2023-04-18 09:30:00,2023-04-18 14:15:00,LONG,29878.66,30173.27,4.18,1,STOP_LOSS,0.9960812690780959,0.993480373434889,0.9906770566573492,0.997128492383024,74.3007826728545,57.156758585820924,31.283798326942808,0.14204851629791881,36.69632798742349,1.186204452103161,0.33606140611979535,0.5,2.0419171782043533,0.0,0.0,0.0,0.0,0.0,1.0,0.0,0.0,0.0,1.0,0.0,0.01623800676280583,64,45,19,0,60.1,1
2023-04-18 20:45:00,2023-04-19 02:00:00,LONG,30425.99,30184.91,-3.37,0,STOP_LOSS,0.9949426449137121,0.9933065756390771,0.9896266037643356,0.9840157351699585,67.46103625539394,100.0,99.32027596174679,0.1842057151528382,17.935560160801163,1.9256212419110679,0.9562322863355057,0.5,2.1964452573440973,0.0,0.0,0.0,0.0,0.0,1.0,0.0,1.0,0.0,0.0,0.0,0.05562224218532033,64,30,34,1,58.9,1
2023-04-19 05:45:00,2023-04-19 06:15:00,LONG,30272.01,30117.0,-2.17,0,STOP_LOSS,0.9989568899612977,0.9991238861486962,0.9985168426800479,0.9923917090196456,53.222945203741276,89.90790730975833,81.84533832051119,0.09577060932878796,14.485297687583284,1.6217476378282076,1.3032771676777666,0.5,1.614817104693556,0.0,0.0,0.0,0.0,0.0,0.0,0.0,0.0,0.0,0.0,0.0,0.03218084997679352,58,30,28,1,51.3,1
2023-04-19 08:30:00,2023-04-19 23:30:00,SHORT,29289.6,28773.43,7.46,1,STOP_LOSS,1.0151415763443825,1.022862535073807,1.0275070527747108,1.025117276472041,15.153158728205758,0.48057360714543484,14.229689646164097,-0.6152365825817911,34.243154321869476,0.1588744637803366,1.5861596136543088,0.5,3.3711099415180144,0.0,0.0,0.0,0.0,0.0,0.0,0.0,0.0,1.0,0.0,0.0,0.1888466268802219,35,61,26,0,37.2,-1
2023-04-20 08:30:00,2023-04-20 12:30:00,SHORT,28809.58,28817.18,-0.11,0,STOP_LOSS,1.0027013285443713,1.00305970938534,1.0057071054623226,1.021368288046217,40.81559603790497,32.870774638393414,30.53324208805071,-0.017780828328076183,21.42941005476865,0.8198297613570268,1.511038168173915,0.5,2.464845589038295,0.0,0.0,0.0,0.0,0.0,0.0,0.0,0.0,1.0,0.0,0.0,0.10263996410234826,23,62,39,0,28.9,-1
2023-04-20 13:45:00,2023-04-21 07:30:00,SHORT,28820.0,27952.43,12.82,1,STOP_LOSS,0.9989994718985046,0.9993965499715793,1.001738593403909,1.0168546079627983,50.52300409825587,69.8817010883325,76.00418042438224,0.08505278601308335,34.8977439168131,0.32993499072051974,0.8222753923000514,0.5,1.4313082912542316,0.0,0.0,0.0,0.0,0.0,0.0,0.0,0.0,1.0,0.0,0.0,0.04006946816753632,35,62,27,0,27.7,-1
2023-04-21 15:15:00,2023-04-22 01:15:00,SHORT,28083.72,27224.55,13.16,1,STOP_LOSS,1.0007107074093489,1.0009096911511695,1.0021065870816632,1.0183679858577073,47.88153160322552,6.072554037373549,13.02077136143505,-0.07399034395823952,15.724529223563094,1.2273623747429119,1.131725886806503,0.5,0.5987846173682808,0.0,0.0,0.0,0.0,0.0,0.0,0.0,0.0,1.0,0.0,0.0,-0.2405845343985007,30,62,32,0,26.5,-1
2023-04-24 06:30:00,2023-04-24 09:30:00,SHORT,27611.07,27348.49,4.14,1,STOP_LOSS,1.0026165635311928,1.002976999294265,1.0016330092493726,1.0019853897268864,42.68322968382301,15.69854649172419,14.253024180647156,-0.2993878172767776,14.374948403603383,1.3920125432740202,2.1599610708618915,0.5,2.520399068695285,0.0,0.0,0.0,0.0,0.0,0.0,0.0,1.0,0.0,0.0,0.0,0.02882873798534543,42,60,18,0,37.7,-1
2023-04-24 15:15:00,2023-04-24 17:30:00,SHORT,27240.01,27379.99,-2.24,0,STOP_LOSS,1.0067428660379918,1.0077980334306864,1.0091990094231744,1.01306597680068,38.55041612148993,13.7549538378979,19.675584863171203,-0.17957863729445495,22.650403044504923,0.7734761501959454,1.490731526924286,0.5,1.6729454776511297,0.0,0.0,0.0,0.0,0.0,0.0,0.0,0.0,1.0,0.0,0.0,-0.04425478309086632,34,62,28,0,35.4,-1
2023-04-25 03:45:00,2023-04-25 08:45:00,SHORT,27345.0,27427.21,-1.31,0,STOP_LOSS,1.0019973005505944,1.002658180885921,1.0029710805609693,1.0064262657531957,39.810054157642824,35.96174358542388,40.737911251783075,-0.15928965290286431,10.55442949075811,1.9236187343941973,2.659535336020317,0.5,1.3315816929074782,0.0,0.0,0.0,0.0,0.0,0.0,0.0,0.0,1.0,0.0,0.0,-0.1846818756931322,35,62,27,0,39.1,-1
2023-04-25 14:00:00,2023-04-25 16:30:00,SHORT,27290.0,27410.0,-1.91,0,STOP_LOSS,1.0026262038111418,1.0028111939313766,1.0031847469562296,1.0065395996823063,39.67881223425061,23.01161380748673,54.26172888673245,-0.07710263502409452,14.399655195150089,1.3412487492779324,1.7278873279282307,0.5,1.760641925705616,0.0,0.0,0.0,0.0,0.0,0.0,1.0,0.0,0.0,0.0,0.0,-0.2522731114575554,28,62,34,0,40.3,-1
2023-04-26 00:00:00,2023-04-26 13:00:00,LONG,28373.16,29832.84,22.35,1,STOP_LOSS,0.9956887880841608,0.9896484145816332,0.9802555061982307,0.9719891884828161,75.87074703081696,40.92993986106669,34.29425936288332,0.00859729161071704,52.733167948216014,0.7786558542129163,0.16360102508963165,0.5,1.2306121954133797,0.0,0.0,0.0,0.0,0.0,1.0,0.0,1.0,0.0,0.0,0.0,0.16683735309350048,64,30,34,1,61.0,1
2023-04-26 19:00:00,2023-04-26 19:15:00,LONG,29596.35,29074.56,-7.8,0,STOP_LOSS,1.0043718727355468,1.002993734993414,0.9919975691623694,0.9594103052764068,48.11162470930845,3.1772024869607325,9.767795313784605,-0.47133268075127593,32.89272262257672,0.6954292403442178,0.7545999023140736,0.5,1.261580907187919,0.0,0.0,0.0,0.0,0.0,0.0,0.0,1.0,0.0,0.0,0.0,0.1358424583009333,62,31,31,1,48.5,1
2023-04-27 04:30:00,2023-04-27 06:15:00,LONG,29032.88,28982.03,-0.77,0,SENAL_BAJISTA,0.9975421439181676,0.9955190900046442,0.9952142975634891,0.9810334561267198,54.415249615264344,54.53533854147578,38.175385300385784,0.04481663975355605,13.099490771836221,1.6539032323352179,1.5919163233739022,0.5,0.5202745554682048,0.0,0.0,0.0,0.0,0.0,0.0,0.0,0.0,1.0,0.0,0.0,0.22235694346857984,64,22,42,1,57.7,1
2023-04-27 06:45:00,2023-04-27 07:00:00,LONG,28795.6,28843.21,0.73,1,SENAL_BAJISTA,1.00657860754286,1.0060249007163375,1.0048460962009473,0.9907744933857933,43.75373469406847,4.684821640659006,14.364155985071099,-0.1304014834713796,13.74519503013757,1.494247422610673,2.157850340064551,0.5,3.4713675827283463,0.0,0.0,0.0,0.0,0.0,0.0,0.0,0.0,1.0,0.0,0.0,0.21903044443796035,64,46,18,1,57.7,1
2023-04-27 10:00:00,2023-04-27 12:30:00,LONG,28975.26,28766.95,-3.16,0,STOP_LOSS,0.9990131316842052,0.9988504726863843,0.9984468379243152,0.9862658650537351,52.017628258146786,86.11498172985426,78.10217926244115,0.00666360710425927,8.854314822927467,2.251209665718276,2.297831986977883,0.5,0.5456109973469807,0.0,0.0,0.0,0.0,0.0,0.0,0.0,0.0,0.0,0.0,0.0,0.20847703465710665,64,15,49,1,58.0,1
2023-04-27 14:15:00,2023-04-27 15:30:00,LONG,29010.55,28985.07,-0.39,0,STOP_LOSS,0.997989954547743,0.9978347777816425,0.9976109439425989,0.9871044159307322,53.75326254183088,74.14502736430029,58.77991235808962,0.04712898378340895,10.304159576872882,2.1105049304290744,2.0663905663271334,0.5,0.877057373754843,0.0,0.0,0.0,0.0,0.0,0.0,0.0,0.0,0.0,0.0,0.0,0.1873194054347196,64,15,49,1,59.9,1
2023-04-27 17:45:00,2023-04-27 20:00:00,LONG,29301.76,29521.29,3.28,1,STOP_LOSS,0.9962826329671477,0.9934031420247846,0.9907204811065012,0.9795309680712132,61.55803128544349,72.90285498862087,62.7964525826765,0.1556131341294754,20.393702054929317,1.5418516486510618,0.6346337049834649,0.5,1.513431661094139,0.0,0.0,0.0,0.0,1.0,1.0,0.0,0.0,0.0,0.0,0.0,0.15032793445533835,64,32,32,1,64.3,1
2023-04-27 22:45:00,2023-04-28 13:30:00,LONG,29386.23,28946.25,-6.58,0,STOP_LOSS,1.005966090554197,1.0047969341280012,0.9988113460498563,0.9823743409544567,45.388969723495066,0.0,0.7999645225621219,-0.28026882744533327,22.682428076393794,0.9978229415243917,1.4039385179618133,0.5,1.8159168863730732,0.0,0.0,0.0,0.0,0.0,0.0,1.0,1.0,0.0,0.0,0.0,-0.12338016890023148,64,28,36,1,61.6,1
2023-04-28 18:45:00,2023-04-29 17:30:00,LONG,29239.21,29152.25,-1.3,0,STOP_LOSS,0.9987956838460065,0.9987014475477708,1.0001496468086024,0.9954661380150305,52.275141680330854,65.3337471564609,62.981248505138836,0.09779911831572695,9.77649584906984,2.4723148529255123,2.383226822575124,0.5,0.5957014561059186,0.0,0.0,0.0,0.0,0.0,1.0,0.0,0.0,1.0,0.0,0.0,0.023640318605856768,59,18,41,1,58.4,1
2023-05-01 14:00:00,2023-05-01 16:45:00,SHORT,28495.01,28364.52,2.0,1,STOP_LOSS,1.0013328159050694,1.0020706856205803,1.005918363755681,1.0180921858293548,41.13214627139897,20.27115305680147,43.90473990806723,-8.676493241140821e-05,27.12623809932812,0.5041954457327525,1.39352217540678,0.5,4.205222303018464,0.0,0.0,0.0,0.0,0.0,0.0,0.0,0.0,1.0,0.0,0.0,0.10024928552319251,26,61,35,0,36.0,-1
2023-05-01 19:15:00,2023-05-01 21:30:00,SHORT,28021.21,27985.76,0.55,1,STOP_LOSS,1.004512872836764,1.0077966752634984,1.0138300073576887,1.0300260151320422,33.530218494598095,48.32042722166333,57.035342658812844,-0.09936894760721504,39.46317495340297,0.2610027361582834,1.151517123112755,0.5,2.7365587008610857,0.0,0.0,0.0,0.0,0.0,0.0,0.0,0.0,1.0,0.0,0.0,0.04803084021874066,30,61,31,0,32.1,-1
2023-05-01 22:30:00,2023-05-02 07:00:00,SHORT,28072.22,28078.89,-0.1,0,SENAL_ALCISTA,0.9963651958780821,0.9981416950593112,1.0049012936054584,1.024026674961535,50.688996200254465,97.95634943421045,98.34030675334532,0.2384115242714592,42.44686085766919,0.5388000529991661,0.5937726461449563,0.5,1.247291166911399,0.0,0.0,0.0,0.0,0.0,0.0,0.0,0.0,1.0,0.0,0.0,0.021632677752221018,36,61,25,0,37.2,-1
2023-05-03 02:00:00,2023-05-03 02:30:00,SHORT,28424.99,28490.83,-1.01,0,SENAL_ALCISTA,1.004158999755665,1.0057614314691092,1.0037454564813768,1.0023123710569453,37.02995207235827,18.755634777746664,20.48638377300442,-0.3076534616808136,23.92243995735663,0.5802837643200555,1.2434833738521283,0.5,3.473947120688074,0.0,0.0,0.0,0.0,0.0,0.0,0.0,1.0,0.0,0.0,0.0,-0.08351862461930945,40,59,19,0,47.5,-1
2023-05-03 12:30:00,2023-05-03 16:15:00,SHORT,28327.2,28423.84,-1.49,0,STOP_LOSS,1.0070730246456554,1.008662723176921,1.0085564328288144,1.0067530403763452,29.775842807772847,8.120472833023454,6.960269022052636,-0.3798685960643517,21.52454495600584,0.5692647512231936,1.7089427436009315,0.5,3.245790508067817,0.0,0.0,0.0,0.0,0.0,0.0,0.0,0.0,0.0,0.0,0.0,-0.07206535114834682,42,58,16,0,43.5,-1
2023-05-03 19:15:00,2023-05-03 21:15:00,SHORT,28357.21,28844.63,-7.51,0,STOP_LOSS,1.0028081391712973,1.0028672035737212,1.0036124345811963,1.00457676861894,45.25457185176583,14.051270597289118,27.401684220076852,-0.044827071062116794,24.95783719503684,0.6040878998978113,0.9456440175612557,0.5,1.1381959820141387,0.0,0.0,0.0,0.0,0.0,0.0,0.0,0.0,1.0,0.0,0.0,-0.11688187318497116,27,61,34,0,43.8,-1
2023-05-04 10:30:00,2023-05-04 12:30:00,LONG,29276.42,29057.33,-3.25,0,STOP_LOSS,0.9950597924016732,0.9941244462805902,0.9912247294897328,0.9814155457540503,68.56044774472178,84.67355329800118,66.18245293741319,0.13784900392326044,18.062390350471173,2.196678435287337,0.7866796304815715,0.5,4.848215103440199,0.0,0.0,0.0,0.0,0.0,1.0,0.0,1.0,0.0,0.0,0.0,0.01786300552351782,64,29,35,1,59.7,1
2023-05-04 20:30:00,2023-05-05 02:00:00,LONG,28862.92,29268.37,6.08,1,STOP_LOSS,0.999361912890079,0.9998588613799255,1.0016233430997452,0.9975135088487695,49.06239217091969,81.52484685969634,84.75962957283059,0.15147278850077545,31.513359578557694,0.5207396897793599,0.6678556945408615,0.5,1.338863395747739,0.0,0.0,0.0,0.0,0.0,0.0,0.0,1.0,0.0,0.0,0.0,0.08842878855882898,64,44,20,1,52.0,1
2023-05-05 07:00:00,2023-05-05 12:30:00,LONG,29117.71,28970.82,-2.19,0,STOP_LOSS,1.0021224335477783,1.0016247298749725,0.9987746815294709,0.9921067439202772,46.551056528864336,1.7378171789888106,2.242761286336562,-0.3281583662236677,34.17639448245289,0.7220181441826331,0.7105618998827153,0.5,1.8142483793556496,0.0,0.0,0.0,0.0,0.0,0.0,0.0,1.0,0.0,0.0,0.0,-0.021174255711788135,64,28,36,1,55.9,1
2023-05-05 16:00:00,2023-05-06 03:15:00,LONG,29582.0,29376.27,-3.02,0,STOP_LOSS,0.9910009561777043,0.9878962371003319,0.9855153843247365,0.9792156382513322,71.46880735560907,84.68570681483162,76.33942534732302,0.2883750446709943,20.481449675742123,1.5924959961317207,0.5980847539596414,0.5,3.829541442142798,0.0,0.0,0.0,0.0,0.0,0.0,0.0,1.0,0.0,1.0,0.0,-0.03815690644307248,64,26,38,1,64.5,1
2023-05-08 01:15:00,2023-05-08 01:45:00,SHORT,28458.2,28228.33,3.5,1,STOP_LOSS,1.0043985542663307,1.0078767350953461,1.0113515334989305,1.016173808726919,29.85454780780773,63.82009060978855,64.29890843447191,-0.20520930758992292,36.49808416682096,0.29469769159798714,1.0222100240886127,0.5,1.3138299526301622,0.0,0.0,0.0,0.0,0.0,0.0,1.0,0.0,1.0,0.0,0.0,-0.1998053234405822,39,61,22,0,35.3,-1
2023-05-08 08:45:00,2023-05-08 14:45:00,SHORT,27712.59,27968.65,-4.01,0,STOP_LOSS,1.0087854917756014,1.013573833668247,1.0214610156130337,1.0361267937954846,22.56093153774867,11.748166929250175,10.292660421279642,-0.23346394094811204,59.63230866183857,0.07464929330536114,0.7960472450188771,0.5,3.877738264162523,0.0,0.0,0.0,0.0,0.0,0.0,0.0,0.0,1.0,0.0,0.0,-0.04345997443918492,40,61,21,0,31.5,-1
2023-05-08 16:45:00,2023-05-08 18:30:00,SHORT,27866.04,27535.75,5.13,1,STOP_LOSS,1.0005604145087612,1.0008397290591726,1.0047561877325468,1.0222323252832783,46.40212478633485,61.99799040591569,64.75098434223588,0.10818110775565437,28.092767511341595,0.6163732291558303,0.7163724739110919,0.5,1.5344089302536015,0.0,0.0,0.0,0.0,0.0,0.0,0.0,0.0,1.0,0.0,0.0,-0.06753370365730622,22,61,39,0,24.4,-1
2023-05-09 03:15:00,2023-05-09 07:45:00,SHORT,27573.46,27670.87,-1.54,0,STOP_LOSS,1.0016232280035064,1.0016256016530858,1.003564152542935,1.0218883604529045,45.31209837395682,21.74961569813169,22.39111648387045,-0.038088132095168495,18.96671723362268,1.2248704400716965,1.1285490891141512,0.5,0.9609517366796385,0.0,0.0,0.0,0.0,0.0,0.0,0.0,0.0,1.0,0.0,0.0,0.06476027001151498,20,62,42,0,33.0,-1
2023-05-09 13:45:00,2023-05-09 16:45:00,SHORT,27616.59,27700.43,-1.32,0,STOP_LOSS,1.002527782158409,1.0016134503333092,1.0009232097806182,1.0133661504889009,46.149160419019374,23.24492125748386,51.02575939398328,-0.02105270766638198,19.76811121200066,1.1866892940820541,1.3118738906383893,0.5,2.112300550059183,0.0,0.0,0.0,0.0,0.0,0.0,1.0,0.0,0.0,0.0,0.0,0.12920467507588787,46,62,16,0,30.4,-1
2023-05-09 22:15:00,2023-05-09 23:45:00,SHORT,27552.67,27631.21,-1.24,0,SENAL_ALCISTA,1.001782806419929,1.0018510946406487,1.001794677249016,1.011433871165683,45.35116536544171,17.8486003990403,33.56675952114876,-0.10257754858536211,15.049197483623908,1.4062075626112887,1.455458789925161,0.5,0.6947767513897433,0.0,0.0,0.0,0.0,0.0,0.0,1.0,0.0,0.0,0.0,0.0,-0.11623772315830888,23,60,37,0,37.7,-1
2023-05-10 02:30:00,2023-05-10 04:00:00,SHORT,27668.18,27677.79,-0.15,0,SENAL_ALCISTA,1.001268190141771,1.0003341340237062,0.9991113161596306,1.0061491996614629,50.167098571519155,39.3610477873642,46.35145588490652,-0.006428554272117888,29.774912100104657,1.0077359629915807,0.5381754569099747,0.5,1.2647983224220463,0.0,0.0,0.0,0.0,0.0,0.0,0.0,0.0,0.0,0.0,0.0,-0.08677651607116592,42,60,18,0,39.0,-1
2023-05-10 05:45:00,2023-05-10 11:45:00,SHORT,27654.58,27675.22,-0.32,0,STOP_LOSS,1.0008410028324135,1.000868379890329,1.0001371443338956,1.0059483024071616,46.46662004011997,3.732005817704886,18.617852467860686,-0.15643329269975864,27.200041879762384,0.960977024321322,0.6721909133636967,0.5,0.7737576614489777,0.0,0.0,0.0,0.0,0.0,0.0,1.0,1.0,0.0,0.0,0.0,-0.08060973788542013,44,62,18,0,36.7,-1
2023-05-10 17:15:00,2023-05-10 19:00:00,SHORT,27167.55,27650.4,-7.7,0,STOP_LOSS,1.027924856255964,1.0296086077544027,1.0257967087466395,1.0242196642815826,22.75407607398535,0.0,5.056106341018487,-0.49981381284399606,45.45100005570756,0.326866145035828,1.3193791128379644,0.5,6.059916547187599,0.0,0.0,0.0,0.0,0.0,0.0,1.0,0.0,0.0,0.0,0.0,0.3909064071954962,34,62,28,0,43.1,-1
2023-05-11 00:30:00,2023-05-11 19:00:00,SHORT,27466.17,27056.49,6.42,1,STOP_LOSS,1.003615398125052,1.0053476754584696,1.0078133602459012,1.0109611212712448,38.95701532999657,27.691726452545314,38.56041840551693,-0.02348380348433615,24.91841107028313,0.7716490582490594,1.396452475298341,0.5,1.209147122029657,0.0,0.0,0.0,0.0,0.0,0.0,1.0,0.0,0.0,0.0,0.0,0.17573825222013445,32,62,30,0,39.3,-1
2023-05-12 02:30:00,2023-05-12 08:00:00,SHORT,26811.76,26369.97,7.13,1,STOP_LOSS,1.0029160904357548,1.0044171455033504,1.0077968459949573,1.0209927880793386,36.86029346467855,6.465783041149846,14.105250517050099,-0.14979132003831722,27.574365116764064,0.46288359387291417,1.2548072541062527,0.5,1.486394741528532,0.0,0.0,0.0,1.0,0.0,0.0,1.0,0.0,1.0,0.0,0.0,-0.11963788104729162,36,62,26,0,29.3,-1
2023-05-12 09:45:00,2023-05-12 19:30:00,SHORT,26382.55,26143.98,3.94,1,STOP_LOSS,0.9984516745756958,1.0005560006569436,1.0079849821360864,1.0285607767886673,45.19708928919917,99.9847578056901,98.74852730443247,0.31881895648913694,41.834233070839474,0.45330252986843095,0.5616380759221175,0.5,1.5434170669639427,0.0,0.0,0.0,0.0,0.0,0.0,0.0,0.0,1.0,0.0,0.0,-0.004693001041337641,26,62,36,0,27.5,-1
2023-05-15 05:45:00,2023-05-15 11:45:00,LONG,27334.93,27337.15,0.04,1,STOP_LOSS,0.9973103753725527,0.9942187699487339,0.9901020972900406,0.9848101751820684,71.14113467404289,75.1196293201969,56.18023286654031,0.11029131318078397,46.91206595890909,0.8602116539222097,0.14081580718463263,0.5,1.3483374434742805,0.0,0.0,0.0,0.0,0.0,0.0,0.0,0.0,0.0,0.0,0.0,0.25173092320009194,62,36,26,1,59.1,1
2023-05-15 13:45:00,2023-05-15 17:30:00,LONG,27373.95,27448.55,1.19,1,STOP_LOSS,1.0004873160440673,1.0002534018711118,0.9974865009376798,0.988244415117535,50.608414420313586,51.224053023608946,54.68397591387824,-0.11795260962287894,27.039371731946037,0.8843103598045322,0.5789232033635501,0.5,1.42043967680571,0.0,0.0,0.0,0.0,0.0,0.0,0.0,1.0,0.0,0.0,0.0,0.1591788066986419,62,30,32,1,58.4,1
2023-05-16 07:30:00,2023-05-16 09:45:00,LONG,27227.72,27090.63,-2.2,0,STOP_LOSS,0.9963088552366032,0.9960002039494594,0.9980058963528187,0.9969356608875709,61.238036635004036,100.0,81.5446957907669,0.3512089848062442,26.707406885344525,1.1139535826577525,0.8373013149213303,0.5,1.7105806233541354,0.0,0.0,0.0,0.0,0.0,1.0,0.0,0.0,1.0,0.0,0.0,-0.11363881600518207,62,32,30,1,53.4,1
2023-05-17 05:30:00,2023-05-17 09:30:00,SHORT,27015.58,26862.56,2.47,1,STOP_LOSS,1.0014361906982756,1.0018513415704047,1.0016965954756825,1.0028438022543344,41.83028409649142,0.0,3.119863160710788,-0.2784837684209549,11.67890790672996,1.62321553507221,2.570477475760179,0.5,1.55278402470753,0.0,0.0,0.0,1.0,0.0,0.0,1.0,0.0,1.0,0.0,0.0,-0.08582025451044556,34,62,28,0,42.3,-1
2023-05-17 11:15:00,2023-05-17 12:00:00,SHORT,26729.94,26711.57,0.3,1,STOP_LOSS,1.003877595045624,1.0056075375943871,1.0081658893297682,1.0119581092670795,29.86684040979751,60.051030492886696,77.664857453334,-0.05148068318522149,28.460906621973084,0.48840414172561647,1.5722053425525102,0.5,3.6163563859914376,0.0,0.0,0.0,0.0,0.0,0.0,1.0,0.0,0.0,0.0,0.0,-0.05869947428813369,36,62,26,0,37.2,-1
2023-05-17 21:15:00,2023-05-18 06:00:00,LONG,27428.49,27184.22,-3.89,0,STOP_LOSS,0.9961949058968628,0.9913621101351188,0.9859490561662185,0.9853252575186257,74.00416268082049,31.04876128547533,40.270662589650314,0.08593681820952581,41.40204385386041,0.8958588152582431,0.3272495824138983,0.5,1.552330053701363,0.0,0.0,0.0,0.0,0.0,0.0,0.0,0.0,0.0,0.0,0.0,0.1110743421156665,62,18,44,1,58.0,1
2023-05-18 12:00:00,2023-05-18 12:15:00,LONG,27445.64,27330.98,-1.82,0,STOP_LOSS,0.9980470660196915,0.9971821213279555,0.9954825732083338,0.9898800673809655,64.20557854642868,76.47778538058961,54.51952647473775,0.07264786401645028,27.948091280676724,1.1062590010096527,0.45898620323834527,0.5,2.162061243147891,0.0,0.0,0.0,0.0,0.0,1.0,0.0,0.0,0.0,1.0,0.0,0.028735023340020812,62,34,28,0,48.4,1
2023-05-19 02:00:00,2023-05-19 07:00:00,SHORT,26822.69,26946.31,-2.01,0,STOP_LOSS,1.0004631091401317,1.000782877422806,1.0033852234635634,1.0087260180947455,46.666260816813,24.244743251784207,22.836584308450174,-0.002265722627523722,14.766143090385004,1.5976026923087443,1.7479425567426143,0.5,0.641635847851676,0.0,0.0,0.0,0.0,0.0,0.0,0.0,0.0,1.0,0.0,0.0,0.12939082794993162,14,62,48,0,43.5,-1
2023-05-19 11:00:00,2023-05-19 12:00:00,SHORT,26801.6,26955.18,-2.49,0,STOP_LOSS,1.0014533395175342,1.001998089291572,1.0026616386892608,1.0073049942677759,38.280668475146975,7.739202610925185,15.466958952716489,-0.2044444447033753,11.24891877888865,1.664526412946832,2.0629536208049477,0.5,1.6375286232999589,0.0,0.0,0.0,0.0,0.0,0.0,1.0,0.0,0.0,0.0,0.0,0.12916134381786432,27,62,35,0,44.1,-1
2023-05-19 14:00:00,2023-05-19 15:00:00,SHORT,26788.07,26905.39,-1.9,0,STOP_LOSS,1.0032997094583906,1.0033095239672585,1.0033867069581044,1.0073542641105837,37.99173638452943,32.48330967397302,54.953311687022776,-0.09687319913237111,19.14442218079706,1.0006170662334297,1.4432050898944528,0.5,2.2134375770112737,0.0,0.0,0.0,0.0,0.0,0.0,1.0,0.0,0.0,0.0,1.0,0.13298922298974908,19,62,43,0,45.1,-1
2023-05-22 00:30:00,2023-05-22 04:30:00,SHORT,26626.82,26714.65,-1.43,0,STOP_LOSS,1.003991888888128,1.0056476089401463,1.008197878163265,1.0116443532955086,28.383819517775123,55.309371631416894,69.37554850899959,-0.14923779368743242,45.36317918640836,0.15474713463330608,1.0252301496519711,0.5,5.110785973870483,0.0,0.0,0.0,0.0,0.0,0.0,0.0,0.0,1.0,0.0,0.0,-0.03293144132544058,30,62,32,-1,37.8,-1
2023-05-22 09:45:00,2023-05-22 13:30:00,SHORT,26862.73,27015.13,-2.45,0,STOP_LOSS,0.9997234365262659,0.998557229482761,0.9977043380829306,1.0007336044570925,58.90549750209187,30.016698172711056,22.72900024773142,-0.012527903697541976,33.84922706129283,0.8561690017048922,0.6086429676776173,0.5,1.225217599170322,0.0,0.0,0.0,0.0,0.0,0.0,0.0,0.0,1.0,0.0,0.0,-0.12301550907543767,36,59,23,-1,46.0,-1
2023-05-22 19:15:00,2023-05-22 20:45:00,SHORT,26838.1,26895.13,-0.92,0,SENAL_ALCISTA,1.00088086521205,1.000924229911174,1.0004000814320668,1.0013751998158786,47.23852203139648,46.23329704164303,64.4273311213521,-0.05255753132141102,11.290332181405253,2.0053507015827554,2.277943487562436,0.5,0.7034254169427901,0.0,0.0,0.0,0.0,0.0,0.0,1.0,1.0,0.0,0.0,0.0,-0.12346366775692019,38,60,22,-1,47.4,-1
2023-05-23 00:30:00,2023-05-23 00:45:00,LONG,26912.62,26826.5,-1.38,0,STOP_LOSS,0.9986950587486833,0.9986106344127536,0.9982260818993505,0.9986147993014878,58.35698302762743,58.14327531386833,30.015552122098523,0.009100363258917126,11.381439213909868,3.0030327214116794,1.7414259248062776,0.5,1.835696430943142,0.0,0.0,0.0,0.0,0.0,1.0,0.0,1.0,0.0,0.0,0.0,-0.1288330933938936,62,27,35,0,64.3,1
2023-05-23 02:15:00,2023-05-23 07:00:00,LONG,27047.08,27280.53,3.72,1,STOP_LOSS,0.9972876622430857,0.9955681363178146,0.9942460089318238,0.9938844320378786,65.13897133612855,89.57245830313381,91.42336507467759,0.35264797933407416,20.846380688542425,1.8950216607066108,0.6629556758712364,0.5,1.2833340943425389,0.0,0.0,0.0,0.0,0.0,0.0,0.0,0.0,0.0,0.0,0.0,-0.10561322606385638,58,37,21,0,64.3,1
2023-05-23 12:15:00,2023-05-23 12:45:00,LONG,27381.28,27283.4,-1.54,0,STOP_LOSS,0.9983800858129427,0.9975228740627712,0.9945271661967892,0.9869694659902053,64.41044075160525,95.46838693015303,85.68068425752793,0.046382294617861,28.838165938626073,0.9695787154888796,0.43051716383144656,0.5,1.2545774109824994,0.0,0.0,0.0,0.0,0.0,1.0,0.0,1.0,0.0,0.0,0.0,-0.016163012158922584,62,26,36,0,61.6,1
2023-05-23 15:15:00,2023-05-23 17:15:00,LONG,27325.32,27201.7,-1.95,0,STOP_LOSS,0.9991775068321003,0.9990338073864734,0.9973616722004539,0.9900763840192076,54.8625515820591,55.3505732680713,57.2055999355805,0.01079360491391562,18.63289242245703,1.2533286460686277,0.9373728503242944,0.5,0.8758889491618888,0.0,0.0,0.0,0.0,0.0,0.0,0.0,1.0,0.0,0.0,0.0,0.0476441272747556,62,23,39,0,61.6,1
2023-05-24 09:15:00,2023-05-24 15:15:00,SHORT,26794.72,26322.32,7.6,1,STOP_LOSS,0.9982690289630354,0.9996866611063725,1.0045422576802554,1.008798936665509,46.804327972526195,99.99999999999999,99.99999999999999,0.3864387613580438,54.27004430350485,0.37908362638582693,0.5067765207274428,0.5,1.7661554362767575,0.0,0.0,0.0,0.0,0.0,1.0,0.0,0.0,1.0,0.0,0.0,0.10908789196117824,22,62,40,-1,41.8,-1
2023-05-24 19:30:00,2023-05-25 03:00:00,SHORT,26295.68,26159.21,2.25,1,STOP_LOSS,0.9992476749853588,1.0007919354622061,1.0070312409975963,1.020344671060165,45.4618304777985,91.13095539767359,82.13114396112586,0.2613505682834014,43.26085247265513,0.46952704150418745,0.5281650290311345,0.5,1.8093695189551255,0.0,0.0,0.0,0.0,1.0,0.0,0.0,0.0,1.0,0.0,0.0,0.0902634688712866,19,62,43,-1,31.5,-1
2023-05-25 07:30:00,2023-05-25 09:45:00,SHORT,26157.37,26277.85,-2.0,0,STOP_LOSS,1.0023552343262225,1.0024858261398537,1.0042378795243898,1.0172469638200345,40.322006776779,12.224829689369034,37.359876742478164,-0.02254324004302046,14.961654846541423,1.1744587099804675,1.976809361364229,0.5,1.4020027867367562,0.0,0.0,0.0,0.0,0.0,0.0,1.0,0.0,1.0,0.0,0.0,-0.15695686361238093,20,62,42,-1,30.7,-1
2023-05-25 14:00:00,2023-05-25 18:15:00,SHORT,26307.99,26404.83,-1.6,0,STOP_LOSS,1.001361130606327,1.0002195471036928,0.9992985859950299,1.008629995715419,50.86086018728887,26.10947020554781,48.89343990221586,-0.011929459866468343,20.455599298152485,1.4040307253762685,0.9955583205636611,0.5,1.7619077399449667,0.0,0.0,0.0,0.0,1.0,0.0,0.0,1.0,0.0,0.0,0.0,-0.11548079942159623,42,62,20,-1,35.5,-1
2023-05-26 01:45:00,2023-05-26 07:45:00,SHORT,26415.79,26502.84,-1.43,0,STOP_LOSS,1.0012206489943238,1.0013076832478756,0.999897960784126,1.0028143768767235,45.75866407187047,0.0,11.853244053085174,-0.2083824563005513,22.371714200052743,0.880823855682664,1.2750639380701785,0.5,2.6168461305795088,0.0,0.0,0.0,0.0,0.0,0.0,1.0,1.0,0.0,0.0,0.0,-0.14727305944114688,33,58,25,-1,43.3,-1
2023-05-26 12:30:00,2023-05-26 13:30:00,SHORT,26407.31,26547.99,-2.3,0,STOP_LOSS,1.0015191110308317,1.0015756495920174,1.0011711558698164,1.002449787544425,42.278214345063844,52.68197250518329,59.709756042710424,-0.0991095738865373,13.340090955191107,1.417331932599141,2.2763466706804616,0.5,4.295647769491301,0.0,0.0,0.0,0.0,0.0,0.0,0.0,0.0,0.0,0.0,0.0,0.018142600399239754,23,62,39,-1,54.0,-1
2023-05-29 00:00:00,2023-05-29 03:45:00,LONG,28196.88,27953.77,-3.72,0,STOP_LOSS,0.994611260415408,0.9880815463505945,0.9787914743118052,0.9618381180760671,79.84320965367708,53.757093140014064,58.22469478560923,0.18413387789510355,69.09091474191771,0.7119859391888164,0.07409417924076611,0.5,2.06954864423463,0.0,0.0,0.0,0.0,0.0,0.0,0.0,1.0,0.0,0.0,0.0,0.219369003430128,62,44,18,0,76.1,1
2023-05-29 11:45:00,2023-05-29 14:45:00,LONG,27915.17,27793.06,-1.88,0,STOP_LOSS,0.9994556625852644,1.0000741744014334,0.9994197922775061,0.9831803092634147,48.88855871384116,55.382663441545276,47.18887364264855,0.029608321627705644,29.16362345840204,0.6458831705624767,1.12020281170651,0.5,1.3608965239644981,0.0,0.0,0.0,0.0,0.0,0.0,0.0,1.0,0.0,0.0,0.0,0.26241485747061616,62,41,21,0,74.3,1
2023-05-29 23:00:00,2023-05-30 05:00:00,LONG,27799.96,27699.35,-1.56,0,STOP_LOSS,0.9960125292822721,0.9959240578024243,0.9975612456178945,0.9908299937760373,60.77946532692551,99.94834667493313,66.84491663138844,0.23472040368236505,34.746433636144175,0.912804418483578,0.6621591005594191,0.5,2.531362043189747,0.0,0.0,0.0,0.0,0.0,1.0,0.0,0.0,1.0,0.0,0.0,-0.0407775300206873,62,40,22,0,65.3,1
2023-05-30 07:15:00,2023-05-30 10:45:00,LONG,27794.28,27904.31,1.7,1,STOP_LOSS,0.9996382683900218,0.9992373487775611,0.9988087340845687,0.9932850005190468,54.4198863214493,79.75288356845243,71.54939967873125,0.035117544862022225,14.598293194586457,2.126595594206052,1.4774171988937426,0.5,0.5018509707704665,0.0,0.0,0.0,0.0,0.0,0.0,0.0,0.0,0.0,0.0,0.0,-0.20971884793820714,62,30,32,0,63.5,1
2023-05-30 12:15:00,2023-05-30 13:45:00,LONG,27903.62,27804.23,-1.53,0,STOP_LOSS,1.0014542958283408,0.9996318966612119,0.9974766072333412,0.991150775953336,52.96221937629095,54.40193414452582,67.50556299474039,0.10094120384091605,24.913841008201743,1.0742913865989203,0.8995274346680467,0.5,1.9746010918713695,0.0,0.0,0.0,0.0,0.0,0.0,0.0,1.0,0.0,0.0,0.0,-0.20080916939544205,62,42,20,0,57.4,1
2023-05-31 13:00:00,2023-05-31 14:45:00,SHORT,27166.52,27033.28,2.11,1,STOP_LOSS,0.9978238831043207,0.9987825131848573,1.0039527832745192,1.013344678660315,50.88321225886127,77.77835588278327,73.27658785226161,0.33730924931467404,48.41889006492094,0.3998699618825519,0.5831866901173359,0.5,1.437780352492773,0.0,0.0,0.0,0.0,0.0,0.0,0.0,0.0,1.0,0.0,0.0,0.19724321927633223,35,62,27,-1,38.8,-1
2023-06-01 01:45:00,2023-06-01 03:00:00,SHORT,27080.76,26763.28,5.04,1,STOP_LOSS,1.0021189399579706,1.002075556150909,1.0018244925874624,1.009975092950189,45.52907289848761,15.32618757294465,16.679249925969,-0.21941988034460458,21.05697269474254,1.1266538425754944,1.3035152096124394,0.5,2.4556629984260034,0.0,0.0,0.0,0.0,0.0,0.0,0.0,0.0,1.0,0.0,0.0,0.10666005232415046,39,62,23,-1,38.8,-1
2023-06-01 08:30:00,2023-06-01 16:45:00,SHORT,26867.12,27092.55,-3.62,0,STOP_LOSS,0.9987410419096138,0.9994802975228166,1.0024778257641485,1.01347683572542,49.5570256383179,89.33269797770498,76.37853497169738,0.27787847081922507,23.082271848782952,1.0807544370881392,1.2124391125123126,0.5,1.4309698786670662,0.0,0.0,0.0,0.0,0.0,1.0,0.0,0.0,0.0,0.0,0.0,-0.06844902844739882,29,60,31,-1,41.8,-1
2023-06-01 19:30:00,2023-06-02 02:15:00,SHORT,26809.0,26933.46,-2.0,0,STOP_LOSS,1.0041808792452598,1.0045100382960923,1.0043741541067652,1.011547111142548,38.70304638354471,19.982464525028337,34.861430750469125,-0.18061399875513115,16.20117403477724,1.1634051466021151,2.3620287441157446,0.5,3.7300177643874997,0.0,0.0,0.0,1.0,0.0,0.0,1.0,0.0,0.0,0.0,0.0,-0.18505505934245395,34,62,28,-1,41.1,-1
2023-06-02 13:30:00,2023-06-02 15:45:00,SHORT,27069.45,27097.4,-0.44,0,STOP_LOSS,1.001003011045121,1.0010354682690132,0.9995373280571653,0.9998113547896114,46.62717802681376,8.799350689753448,15.439835283528112,-0.14183222232195178,18.927108508991267,0.9378566900085913,1.3734366029277612,0.5,1.192051361581226,0.0,0.0,0.0,0.0,0.0,0.0,0.0,1.0,0.0,0.0,0.0,-0.2592874247410749,36,62,26,-1,48.6,-1
2023-06-05 00:45:00,2023-06-05 19:45:00,SHORT,27025.51,25627.28,22.24,1,STOP_LOSS,1.0037217177931745,1.0053568916520301,1.005878152038408,1.0047011747629726,33.86521572211088,5.7761531452169415,5.437991405352197,-0.31406227836019374,22.628601340497692,0.7206812301996488,1.3003700184862717,0.5,1.8155550448653122,0.0,0.0,0.0,0.0,0.0,0.0,0.0,1.0,0.0,0.0,0.0,-0.3198394097397651,44,62,18,-1,38.9,-1
2023-06-06 02:15:00,2023-06-06 13:30:00,SHORT,25746.46,25643.29,1.75,1,STOP_LOSS,0.9977769338827095,0.9984397665645535,1.0054153867831623,1.0307456996047162,51.36479661945827,35.36889542744944,17.766056468631025,0.17735275287472269,39.29694784130189,0.5329509005481495,0.7157146774466492,0.5,1.3269518873584785,0.0,0.0,0.0,0.0,0.0,0.0,0.0,0.0,1.0,0.0,0.0,0.1870383706911701,29,64,35,-1,22.4,-1
2023-06-07 02:45:00,2023-06-07 09:30:00,SHORT,26943.14,26727.27,3.51,1,SENAL_ALCISTA,1.003955433015828,1.0040202038634343,0.9949641694934066,0.9826762576349811,45.070044062577914,2.2702343475496067,1.513489565033071,-0.5832705604518953,44.716932050926204,0.5288799940509871,0.4530493516181966,0.5,0.3213934293645181,0.0,0.0,0.0,0.0,0.0,0.0,0.0,1.0,0.0,0.0,0.0,0.03687832530874418,38,59,21,-1,54.4,-1
2023-06-07 11:15:00,2023-06-07 13:00:00,LONG,26748.2,26759.28,0.18,1,SENAL_BAJISTA,0.9969952975378659,0.9993169431145379,1.0010115652296243,0.9932568025918947,49.42257507026045,84.42014603159859,72.38552236087929,0.028332017680003704,32.710920692218984,0.6594624289612686,0.8710409426745869,0.5,1.978796337339527,0.0,0.0,0.0,0.0,0.0,0.0,0.0,1.0,0.0,0.0,0.0,0.056473818911121215,60,39,21,0,54.0,1
2023-06-07 13:30:00,2023-06-07 17:30:00,SHORT,26722.66,26529.37,3.18,1,STOP_LOSS,1.0016292046058866,1.0016779660663473,1.0022625780170578,0.9949685004041787,45.685195355306995,62.33587586358972,71.86262416464696,0.09936876854984132,20.14969562693281,0.9638214620648167,1.1453069628982246,0.5,1.4184444853265512,0.0,0.0,0.0,0.0,0.0,0.0,1.0,0.0,0.0,0.0,0.0,0.11189012789777027,23,59,36,-1,44.4,-1
2023-06-07 21:45:00,2023-06-08 01:00:00,SHORT,26149.27,26457.0,-5.18,0,STOP_LOSS,1.008007285462971,1.0102751919086905,1.0142807647893337,1.015235224721288,30.02190218629727,45.227195007248426,55.33379758866267,-0.10361663344326905,38.51869563485249,0.21120284311127865,0.9406602114142005,0.5,1.2343013234051217,0.0,0.0,0.0,0.0,0.0,0.0,0.0,0.0,1.0,0.0,1.0,0.03365820365166039,36,62,26,-1,44.7,-1
2023-06-08 03:15:00,2023-06-08 05:00:00,SHORT,26245.27,26428.5,-3.06,0,STOP_LOSS,1.0046365604596235,1.0050955041366814,1.0071181065817387,1.0101270241518943,36.66548744123764,5.355537442207837,28.489269613334685,-0.09012986762591345,30.037934827783854,0.3561691337155106,1.1080413842826957,0.5,1.9136626822447955,0.0,0.0,0.0,0.0,0.0,0.0,1.0,0.0,1.0,0.0,0.0,-0.01660303551191324,27,62,35,-1,44.7,-1
2023-06-08 06:00:00,2023-06-08 06:30:00,SHORT,26315.44,26469.48,-2.56,0,STOP_LOSS,1.0023320000831306,1.0024007330008708,1.0036881638336785,1.0068984769491125,42.689588416157015,61.811451246014634,80.59654107015878,-0.006105869038215621,23.856284773244496,0.6829424615908168,1.2985233096880109,0.5,1.4290002333265106,0.0,0.0,0.0,0.0,0.0,0.0,1.0,0.0,1.0,0.0,0.0,-0.022024212255826542,24,62,38,-1,46.9,-1
2023-06-08 12:15:00,2023-06-08 12:30:00,SHORT,26376.32,26504.94,-2.13,0,STOP_LOSS,1.001773273272949,1.0017873061914229,1.001786217171759,1.0040184932929381,43.50948164370955,19.997534935806296,31.030867429443166,-0.11435524875904873,11.620467394760437,1.848220964240858,2.313990154108787,0.5,1.6543673295398238,0.0,0.0,0.0,0.0,0.0,0.0,1.0,0.0,0.0,0.0,0.0,-0.050484151731054486,18,62,44,-1,52.7,-1
2023-06-08 13:45:00,2023-06-08 14:30:00,SHORT,26403.58,26583.58,-2.97,0,STOP_LOSS,1.0007913751715556,1.0008596591406798,1.0008246198549269,1.0028750517618275,47.823796812449444,34.21109158340022,33.24896611218609,-0.057798928944593084,12.034831069418393,2.0333964485032863,1.8511966055736657,0.5,0.7593403118553628,0.0,0.0,0.0,0.0,0.0,0.0,0.0,0.0,0.0,0.0,0.0,-0.07496372352510715,18,62,44,-1,52.7,-1
2023-06-08 17:45:00,2023-06-08 18:45:00,SHORT,26483.57,26551.98,-1.12,0,SENAL_ALCISTA,1.0014938258029613,1.001575973403825,1.0002567271708407,1.00033467416729,46.95184343403486,6.289657979704915,3.8342198482996026,-0.2458401068716556,19.453215446966777,1.1851394164221172,1.3111257761067758,0.5,0.21706853674425164,0.0,0.0,0.0,0.0,0.0,0.0,0.0,1.0,0.0,0.0,0.0,-0.035852950546149225,30,58,28,-1,48.9,-1
2023-06-08 23:45:00,2023-06-09 01:30:00,SHORT,26501.57,26577.07,-1.24,0,STOP_LOSS,1.0016056891506366,1.0019612046901618,1.0011677565684192,1.000182512859878,41.48520443055816,2.4123791062817244,2.4123791062817244,-0.2716773403556483,15.210067634734465,1.2082697027748823,1.8110490733202063,0.5,1.2212780298369195,0.0,0.0,0.0,0.0,0.0,0.0,0.0,1.0,0.0,0.0,0.0,0.10703763972526212,40,61,21,-1,48.1,-1
2023-06-09 02:30:00,2023-06-09 06:30:00,SHORT,26405.58,26560.17,-2.54,0,STOP_LOSS,1.0025525910371071,1.0036708751018466,1.0040680812166078,1.0037097175048713,37.05476175014531,21.59319296855029,43.23047928699366,-0.16213705575808252,21.207306555584903,0.6992622074713948,1.7094106634712534,0.5,1.2950264458971075,0.0,0.0,0.0,0.0,0.0,0.0,0.0,1.0,0.0,0.0,0.0,0.05546403226880973,35,62,27,-1,47.8,-1
2023-06-09 07:30:00,2023-06-09 08:15:00,SHORT,26461.58,26597.61,-2.23,0,STOP_LOSS,1.0010395577914368,1.0010983711937287,1.0013807079887675,1.0014521167287598,45.11714993971067,28.64041666945856,42.14200762396687,0.005484242536520172,13.991872917939153,1.5740460758862058,1.7899329431268656,0.5,2.317889423851875,0.0,0.0,0.0,0.0,0.0,0.0,1.0,0.0,1.0,0.0,0.0,0.04318264265365433,20,62,42,-1,48.0,-1
2023-06-09 15:30:00,2023-06-10 01:00:00,SHORT,26590.75,26503.33,1.42,1,SENAL_ALCISTA,1.000848995560241,1.0009596889501864,0.9998721250432522,0.9978105496001856,46.885577424624714,5.298235327350169,4.57879681308915,-0.2203102010752699,21.6047179376088,1.1143308930633058,1.0353660337967885,0.5,0.6963949080261516,0.0,0.0,0.0,0.0,1.0,0.0,0.0,0.0,0.0,0.0,0.0,-0.01367026999592941,24,62,38,-1,47.7,-1
2023-06-12 02:15:00,2023-06-12 09:00:00,SHORT,25738.04,26017.34,-4.7,0,STOP_LOSS,1.006194862892974,1.0073041149529725,1.0069224912288681,1.007699101928376,35.55517306478146,55.57737932020848,72.77552867906223,-0.1334916909239366,28.27967527473551,0.4379512477722496,1.337699927244598,0.5,3.908612420635672,0.0,0.0,0.0,0.0,0.0,0.0,0.0,0.0,0.0,0.0,0.0,-0.20397831421633686,35,62,27,-1,41.3,-1
2023-06-12 13:15:00,2023-06-12 20:45:00,SHORT,25882.5,25891.14,-0.14,0,STOP_LOSS,1.001680470063116,1.001830106385967,1.0011003514168104,1.0014265996027443,43.33312724148676,3.338328621579461,4.69146599073131,-0.25360560406042265,20.728077426485207,0.9900954921281769,1.417923631275245,0.5,1.247365048698381,0.0,0.0,0.0,1.0,0.0,0.0,0.0,0.0,1.0,0.0,0.0,-0.15862338711258184,35,62,27,-1,43.5,-1
2023-06-13 00:45:00,2023-06-13 01:15:00,SHORT,25871.55,26002.64,-2.19,0,STOP_LOSS,1.0017160426572407,1.0011122822454896,1.0004886655785856,1.0010703183264111,46.84488789227182,52.36487029717007,67.31775819548933,-0.010609447640097285,18.435408418260806,1.4857641571722877,1.4076857634096798,0.5,2.250462245473078,0.0,0.0,0.0,0.0,0.0,0.0,0.0,0.0,0.0,0.0,0.0,-0.0714723894248339,32,61,29,-1,50.9,-1
2023-06-13 15:15:00,2023-06-14 00:30:00,SHORT,25765.86,26010.67,-4.09,0,STOP_LOSS,1.0074547827342684,1.010314829904632,1.011013196567911,1.0081814845467425,29.581853672135587,7.204780912547836,9.166988440141688,-0.32492000290805395,26.118065866264264,0.46974978213604635,1.056696902868606,0.5,1.4291786041036756,0.0,0.0,0.0,0.0,0.0,0.0,0.0,1.0,0.0,0.0,1.0,-0.06525871343326355,43,62,19,-1,42.7,-1
2023-06-14 05:30:00,2023-06-14 08:45:00,SHORT,25888.38,25927.7,-0.65,0,STOP_LOSS,1.0029642208189373,1.0030707634304155,1.0025640644341252,1.0024393661745532,34.64082890738977,1.1589624994195336,1.5879941747957333,-0.37829981935612583,31.956552228089198,0.6977344274010951,1.0245860497497477,0.5,1.9275280380398803,0.0,0.0,0.0,0.0,0.0,0.0,0.0,0.0,0.0,0.0,0.0,-0.1525262694182608,33,62,29,-1,46.8,-1
2023-06-14 18:00:00,2023-06-14 21:00:00,SHORT,25874.44,25111.75,12.64,1,STOP_LOSS,1.003227183472615,1.0036492041215164,1.0034982899958722,1.0030831435680385,36.33275067410575,49.467987177233276,39.72194171692307,-0.11810787794148549,21.09632415869697,0.7864516875859744,1.5950626206680778,0.5,7.418818488472268,0.0,0.0,0.0,0.0,0.0,0.0,0.0,0.0,0.0,0.0,0.0,-0.16807515392629352,21,62,41,-1,45.8,-1
2023-06-15 10:45:00,2023-06-15 11:30:00,SHORT,24924.36,25016.36,-1.6,0,STOP_LOSS,1.0010726240411099,1.0023030728219615,1.0070389871299976,1.0248630939062777,39.60322966233743,26.413386167480514,37.09050422072076,-0.0069731867901935765,40.33924709872872,0.2651776573654763,0.8145311091839856,0.5,1.901466406249131,0.0,0.0,0.0,0.0,0.0,0.0,0.0,0.0,0.0,0.0,0.0,0.0924179245988979,24,64,40,-1,29.4,-1
2023-06-16 11:15:00,2023-06-16 12:30:00,SHORT,25506.73,25588.29,-1.38,0,STOP_LOSS,1.0021198268520413,1.0023232897799674,1.000742728705537,0.9988097680274876,41.070696860997295,6.5764307650493175,13.59263259865839,-0.23643150425711845,19.337885426599467,1.0539054482115897,1.5318803192305708,0.5,1.395229216172862,0.0,0.0,0.0,0.0,0.0,0.0,0.0,0.0,0.0,0.0,0.0,0.1943250550285677,28,62,34,-1,45.3,-1
2023-06-16 13:45:00,2023-06-16 14:45:00,SHORT,25488.41,25619.42,-2.22,0,STOP_LOSS,1.0022230789345477,1.0024773492260497,1.0016577849368005,0.9997635696525999,41.80250693591981,53.353542394511756,75.4738265905648,-0.06979133420513811,16.61536144967458,1.4527916932438611,1.765778060398466,0.5,2.2823198304771766,0.0,0.0,0.0,0.0,0.0,0.0,0.0,0.0,0.0,0.0,1.0,0.20757924875998637,32,62,30,-1,54.9,-1
2023-06-16 16:00:00,2023-06-17 01:45:00,LONG,25822.02,26195.42,6.24,1,STOP_LOSS,0.9943021070937317,0.9919582050636202,0.9900571954989759,0.9873616737233405,67.81033795326235,84.11595366091069,85.77903051874716,0.2939936954993198,21.75977013810123,0.9866008299060943,1.042804639348162,0.5,2.192194489832689,0.0,0.0,0.0,0.0,0.0,0.0,0.0,1.0,0.0,0.0,0.0,0.07616161859447619,62,34,28,0,64.7,1
2023-06-19 07:30:00,2023-06-19 08:45:00,LONG,26435.49,26418.37,-0.28,0,SENAL_BAJISTA,0.9997895418374252,0.9997830603329062,1.0004113226240214,0.99877165892819,50.90526556645649,41.019194425665546,38.41218634706104,0.01871304823906407,28.357891332851835,0.5133971858786353,1.0072315773067426,0.5,2.8170010980054623,0.0,0.0,0.0,1.0,0.0,0.0,0.0,0.0,0.0,0.0,0.0,-0.14736094652950343,58,41,17,0,56.5,1
2023-06-19 12:15:00,2023-06-19 14:00:00,LONG,26528.23,26473.79,-0.89,0,STOP_LOSS,0.996710769835156,0.9962236859561356,0.996453627182657,0.9954025435777237,69.10950967310238,93.23803703483767,85.69732591506154,0.3012839443523574,26.823875674294158,1.5008467859667411,0.7234586578135391,0.5,3.602056083655267,0.0,0.0,0.0,0.0,0.0,0.0,0.0,0.0,0.0,0.0,0.0,-0.14917518381807596,62,34,28,0,56.9,1
2023-06-19 17:00:00,2023-06-19 18:45:00,LONG,26609.02,26495.77,-1.84,0,STOP_LOSS,0.9954502211867313,0.9947513167814638,0.9943042277409293,0.9928594753256821,68.70373171034785,72.30592260480435,53.82403337183074,0.16268540620719213,27.116145370564148,0.8752461453373956,1.0370733200583115,0.5,2.426726602511415,0.0,0.0,0.0,0.0,0.0,1.0,0.0,0.0,0.0,0.0,0.0,0.03476677762181192,62,42,20,0,63.2,1
2023-06-20 00:15:00,2023-06-20 01:30:00,LONG,26923.82,26912.6,-0.18,0,STOP_LOSS,0.9959910483898083,0.9940099747973051,0.99046947465383,0.98436955050178,64.24911707692596,89.52433960235764,79.11964330225499,0.06252569791285821,13.885821204571448,2.4983582295911684,1.296193476049796,0.5,1.9489734286518163,0.0,0.0,0.0,0.0,0.0,0.0,0.0,1.0,0.0,0.0,0.0,-0.1531419233008136,62,38,24,0,67.9,1
2023-06-20 10:15:00,2023-06-20 14:00:00,LONG,26796.33,26801.72,0.09,1,STOP_LOSS,0.9996367366963501,1.0003834797780515,1.0002713526072355,0.9934581593141137,47.30432534542353,90.80007505922676,81.49819576221,0.0306196395802004,18.580091401080292,1.1909322393022648,1.329891344665407,0.5,1.241338215947063,0.0,0.0,0.0,0.0,0.0,0.0,0.0,1.0,0.0,0.0,0.0,-0.10589457663594369,60,41,19,0,66.9,1
2023-06-20 15:45:00,2023-06-20 17:00:00,LONG,27073.8,27361.5,4.6,1,STOP_LOSS,0.9920305192984943,0.9912014645451909,0.9907066248868985,0.9848284251553562,68.6504446401231,76.42429335268395,58.239748210260096,0.20554782655690512,19.170077494528094,2.1820972322761873,0.891169245918682,0.5,3.091085716225378,0.0,0.0,0.0,0.0,0.0,1.0,0.0,0.0,0.0,0.0,0.0,-0.07060768131951674,62,28,34,0,70.4,1
2023-06-20 18:00:00,2023-06-21 15:15:00,LONG,27966.69,29917.92,30.29,1,TAKE_PROFIT,0.9828706160508479,0.973358731212093,0.9660884785747157,0.9558137101100669,88.8159757794391,99.99999999999999,99.11363147037086,0.69305627629537,41.68956275584168,1.2877038506680136,0.14460513959421814,0.5,1.3254516073142173,0.0,0.0,0.0,0.0,0.0,1.0,0.0,1.0,0.0,1.0,0.0,0.0852143885017113,62,38,24,0,81.8,1
2023-06-21 15:15:00,2023-06-21 16:45:00,LONG,29917.92,30159.91,3.6,1,STOP_LOSS,0.9840452808994958,0.9766022892975977,0.9672555185081231,0.9326703034398968,79.11602998728601,99.99999999999999,96.55678200994288,0.43015364449214977,62.51954263338682,0.7115961844203018,0.07750319704965103,0.5,2.2909890393532226,0.0,0.0,0.0,0.0,0.0,1.0,0.0,1.0,0.0,1.0,0.0,0.010471312217049835,64,46,18,0,91.0,1
2023-06-22 00:00:00,2023-06-22 06:00:00,LONG,29955.39,30088.65,1.98,1,STOP_LOSS,1.0024787873160335,1.001710378197218,0.9940064909814101,0.9527761040672569,48.951735132970256,48.43125588608145,74.45446819700119,-0.13493649525231044,20.980423757268913,1.0201176080169114,1.161633253345035,0.5,1.261777076194008,0.0,0.0,0.0,0.0,0.0,0.0,1.0,1.0,0.0,0.0,0.0,0.05693892173930073,67,22,45,1,89.4,1
2023-06-22 09:45:00,2023-06-22 11:00:00,LONG,30136.67,29976.44,-2.38,0,STOP_LOSS,0.9996685432567812,1.0002013234242526,0.9984484832207813,0.9647267316738016,49.22373253036468,80.01318422622725,76.72080792467528,0.014260132662280484,13.313082646377817,1.5010455764405504,1.7047981978329203,0.5,1.2878267854652876,0.0,0.0,0.0,0.0,0.0,0.0,0.0,0.0,0.0,0.0,0.0,0.07719177335381615,59,18,41,1,79.6,1
2023-06-22 13:15:00,2023-06-22 14:30:00,LONG,30252.15,29742.89,-7.51,0,STOP_LOSS,0.9958736992350781,0.9955972083197435,0.9948792018560517,0.9655041709848046,58.60576598888014,81.81128433256953,71.08413372708173,0.16167147209191798,21.316842728145467,1.2611797300710106,1.1534141838384566,0.5,2.088516635501443,0.0,0.0,0.0,0.0,0.0,0.0,0.0,0.0,0.0,0.0,0.0,0.07113710356830834,67,14,53,1,77.6,1
2023-06-22 19:30:00,2023-06-22 22:45:00,LONG,30170.63,29923.81,-3.63,0,STOP_LOSS,0.9970376996518785,0.9960915064758838,0.9961008001801082,0.974054388887852,56.963764206959944,71.1665548630383,72.69715308877969,0.14899300863722617,10.921807632219569,2.333752588461647,2.0198512613780055,0.5,1.2521705279695632,0.0,0.0,0.0,0.0,0.0,0.0,0.0,0.0,1.0,0.0,0.0,0.05261748677037198,64,31,33,1,80.1,1
2023-06-23 04:00:00,2023-06-23 12:30:00,LONG,30023.84,30031.47,0.11,1,STOP_LOSS,0.9990281977802521,0.9990032734036985,0.9996759049970645,0.9847995397568421,53.06994501539073,99.17955754225184,97.51744058817803,0.14904589649422528,15.7050347195491,1.3317670983683108,1.58298151038035,0.5,0.3389625323663752,0.0,0.0,0.0,0.0,0.0,0.0,0.0,0.0,0.0,0.0,0.0,0.03662226928283407,61,21,40,1,71.4,1
2023-06-23 13:30:00,2023-06-23 16:15:00,LONG,30133.08,30909.35,11.39,1,STOP_LOSS,0.9992284609172863,0.9983493690923783,0.9973590633945651,0.9863098661999902,55.35577989409515,46.55815204299134,40.521315296352896,0.03633645655766136,9.122186934424667,2.6563230155795385,2.5794014393587688,0.5,1.2810141394631056,0.0,0.0,0.0,1.0,0.0,0.0,0.0,0.0,0.0,0.0,0.0,0.1183005047330962,67,14,53,1,80.9,1
2023-06-26 06:45:00,2023-06-26 07:30:00,LONG,30478.31,30362.99,-1.69,0,STOP_LOSS,0.9943423113458862,0.9938400407622339,0.9959130998003354,0.9994232795739619,64.18637034330595,99.99999999999999,84.69921468609742,0.354794735351638,30.029452311893344,1.089492408079601,0.6876857448627997,0.5,3.0909861632534636,0.0,0.0,0.0,0.0,0.0,1.0,0.0,0.0,1.0,0.0,0.0,-0.16878967891865987,64,43,21,1,56.9,1
2023-06-26 12:45:00,2023-06-26 14:30:00,LONG,30355.9,30296.49,-0.87,0,STOP_LOSS,0.9991606523915394,0.9989026691096043,0.9994754042798318,1.0025843884126988,53.2354160827121,80.51082912790346,78.93033411219758,0.09696016305646663,12.510908947023195,1.7291487649709087,1.7416193880603354,0.5,1.1276448334676679,0.0,0.0,0.0,0.0,0.0,0.0,0.0,0.0,1.0,0.0,0.0,-0.07335633145327851,63,44,19,1,56.9,1
2023-06-27 01:45:00,2023-06-27 05:15:00,LONG,30377.99,30309.56,-1.0,0,STOP_LOSS,0.9980862694456585,0.996667436539523,0.9963723008776021,0.9995542638473599,63.10470708800074,88.74098964903519,83.97346043119654,0.24536187905541254,17.901947027960954,1.484494992443232,0.9483534198758321,0.5,1.6986985679498106,0.0,0.0,0.0,0.0,0.0,1.0,0.0,0.0,0.0,0.0,0.0,-0.08848864353342381,61,37,24,1,55.4,1
2023-06-27 07:30:00,2023-06-27 10:15:00,LONG,30388.0,30514.49,1.85,1,STOP_LOSS,0.9982800652158134,0.9981855929333028,0.997654933244109,0.9991683101971511,57.295924638344516,94.50103572519527,73.37021766985696,0.00876669313357833,17.101816084185185,1.634228631712334,1.0648625585054314,0.5,1.206689481114679,0.0,0.0,0.0,0.0,0.0,0.0,0.0,0.0,0.0,0.0,0.0,-0.02167359444060725,63,26,37,1,56.2,1
2023-06-27 11:45:00,2023-06-27 15:00:00,LONG,30732.49,30648.48,-1.22,0,STOP_LOSS,0.9955235348191925,0.9925832748715386,0.9897119740253582,0.9886817046340624,68.38934286799746,53.92692079754827,50.04991278770534,0.29639952859512225,32.90300785839095,1.227110974543291,0.31250368305729465,0.5,2.5015666840224493,0.0,0.0,0.0,0.0,0.0,0.0,0.0,1.0,0.0,0.0,0.0,-0.1301983195812148,64,28,36,1,62.7,1
2023-06-28 17:00:00,2023-06-29 05:00:00,SHORT,30115.0,30239.0,-1.83,0,STOP_LOSS,1.005864688637806,1.006172860827319,1.0072996933459946,1.0101127176610014,37.78376677418317,27.064593847734805,47.521402534290516,-0.10306275483620844,24.783268942912244,0.6484515792718948,1.378863034315436,0.5,1.7037206445113326,0.0,0.0,0.0,0.0,0.0,0.0,1.0,0.0,1.0,0.0,0.0,-0.07619531642408044,31,61,30,0,45.6,-1
2023-06-29 10:00:00,2023-06-29 13:45:00,LONG,30528.0,30565.0,0.54,1,STOP_LOSS,0.9967489477026913,0.9944081993725818,0.9919141752497186,0.9932188521864124,72.65819728888331,68.82430488088929,64.33302719415806,0.17790436885829095,40.744736385999126,0.951659875954995,0.17447369319750256,0.5,2.384944317704437,0.0,0.0,0.0,0.0,0.0,0.0,0.0,1.0,0.0,1.0,0.0,-0.13835536308164775,62,31,31,1,58.5,1
2023-06-29 18:30:00,2023-06-29 20:15:00,LONG,30594.22,30355.95,-3.46,0,STOP_LOSS,0.9986653895198511,0.9985310395097179,0.99687598263582,0.9935839009898308,54.41904806763034,60.88445644342086,55.53572872540762,0.01957890899823235,19.98400893692569,1.1112434662450168,0.7739988131141687,0.5,0.5407838725606134,0.0,0.0,0.0,0.0,0.0,0.0,0.0,1.0,0.0,0.0,0.0,-0.09707507399819117,62,21,41,1,55.8,1
2023-06-30 02:15:00,2023-06-30 04:45:00,LONG,30563.97,30870.49,4.45,1,STOP_LOSS,0.9968850128845361,0.9966235541203652,0.9968342995415578,0.9950733546794651,60.337435184507555,66.66666666666666,36.793066538855975,0.18595832916350893,14.335533187182149,2.0212176394481864,1.4868636824392487,0.5,2.9412204260299495,0.0,0.0,0.0,1.0,0.0,0.0,0.0,0.0,0.0,0.0,0.0,-0.013643466801972523,64,23,41,1,58.1,1
2023-06-30 11:45:00,2023-06-30 13:30:00,LONG,30904.5,30313.96,-8.5,0,STOP_LOSS,0.9974091118974014,0.9964914415269905,0.9940955337649111,0.9879274320153829,60.84818486270862,51.77847560987167,36.016210352633706,0.008686339261300474,29.832582711180482,1.071390477418841,0.49298573105977184,0.5,1.3163222981729343,0.0,0.0,0.0,0.0,0.0,0.0,0.0,1.0,0.0,0.0,0.0,-0.30643525366781493,64,19,45,1,61.2,1
2023-07-03 04:30:00,2023-07-03 12:15:00,LONG,30711.38,30591.08,-1.73,0,STOP_LOSS,1.0007853323905829,0.9997957772318441,0.9978912848160812,0.995290835932171,53.642011397751816,19.723045244406965,44.31544471123001,-0.07670994893594969,19.436474872018216,1.161747337857444,1.0696256148710939,0.5,1.6299652716341158,0.0,0.0,0.0,0.0,0.0,0.0,1.0,1.0,0.0,0.0,0.0,-0.24857048536251317,64,39,25,1,55.0,1
2023-07-03 13:45:00,2023-07-03 16:00:00,LONG,30655.64,30955.99,4.32,1,STOP_LOSS,0.99946589252075,0.9995640006856994,0.9996814704596995,0.9979437175666598,52.143535716456036,80.0768408227635,80.2575996474641,0.0867746776213484,14.017566678216795,1.8797432928751603,1.6422515197583705,0.5,1.4800573230125809,0.0,0.0,0.0,0.0,0.0,0.0,0.0,1.0,0.0,0.0,0.0,-0.20895427716951134,60,41,19,1,64.6,1
2023-07-03 18:45:00,2023-07-03 21:00:00,LONG,31201.99,31088.27,-1.61,0,STOP_LOSS,0.9951903007756171,0.992082514878107,0.9880751678370887,0.9826145411056716,70.5723902800825,28.830429264015113,21.219639367416036,0.12329674941301706,26.59111497946563,1.314502336238464,0.4541695796771258,0.5,2.5058651952024236,0.0,0.0,0.0,0.0,0.0,0.0,0.0,1.0,0.0,0.0,0.0,-0.24484173957862745,64,23,41,1,68.2,1
2023-07-04 01:30:00,2023-07-04 04:30:00,LONG,31272.0,31040.0,-3.28,0,STOP_LOSS,0.9968471946303178,0.9957583404812782,0.9926634532028591,0.9841543682682077,64.6476572082486,80.4930936158514,64.00874622387647,0.05598637105264795,16.192991007420257,1.9951396350453947,0.9047883684491845,0.5,2.640728678993297,0.0,0.0,0.0,0.0,0.0,1.0,0.0,1.0,0.0,0.0,0.0,-0.17548635959783448,64,28,36,1,65.3,1
2023-07-04 10:30:00,2023-07-04 15:15:00,LONG,31038.01,30935.48,-1.46,0,STOP_LOSS,0.9989985013887407,0.9993484622837185,1.000065879233077,0.9943648041817038,51.262499944704714,96.1985577424489,94.41551883854778,0.2083087803476017,28.512784692149406,0.6242484018607501,1.187793878990609,0.5,2.7381863383933447,0.0,0.0,0.0,0.0,0.0,0.0,0.0,0.0,0.0,0.0,0.0,-0.17403836013028812,62,45,17,1,59.3,1
2023-07-05 22:15:00,2023-07-06 02:00:00,SHORT,30455.93,30509.99,-0.78,0,SENAL_ALCISTA,1.0003517972912632,1.0003780986761839,1.0015033134379427,1.0077216374329372,48.06515011515155,50.63748354203564,51.27019728895288,-0.019699471528583173,16.716701288298744,1.210057848803144,1.2054356050357844,0.5,0.6360157840670947,0.0,0.0,0.0,0.0,1.0,0.0,0.0,0.0,1.0,0.0,0.0,-0.05629172130157157,30,61,31,0,45.1,-1
2023-07-06 05:30:00,2023-07-06 08:45:00,LONG,30577.83,31327.67,10.8,1,TAKE_PROFIT,0.9974023771092648,0.996983702118094,0.9970060832502846,1.0019238666658925,62.52699164153268,50.47672298129898,35.42250847124604,0.091219588976784,12.614281728809543,3.140484474631355,1.6553900995297322,0.5,1.8086405164381656,0.0,0.0,0.0,0.0,0.0,0.0,0.0,0.0,0.0,1.0,0.0,-0.02215008311586399,64,35,29,0,53.7,1
2023-07-06 08:45:00,2023-07-06 09:30:00,LONG,31327.67,31144.69,-2.59,0,STOP_LOSS,0.9861933521604824,0.9811469510133946,0.977254883481598,0.978519531143289,88.77763924630318,94.463821922146,88.36718805045842,0.6351907725486272,44.059264988848234,1.5041723874763244,0.09808780926711881,0.5,6.8829581368588695,0.0,0.0,0.0,0.0,0.0,1.0,0.0,1.0,0.0,1.0,0.0,0.25148400417458683,64,36,28,0,54.7,1
2023-07-06 11:45:00,2023-07-06 12:15:00,LONG,30843.5,30707.5,-1.95,0,SENAL_BAJISTA,1.0076497555512622,1.005197560896924,0.9991342331383624,0.9957047620021486,44.34272095444064,4.360955541134073,9.56410170945603,-0.28057461571767495,43.85647831013737,0.6228946487339638,0.8191373648865334,0.5,3.5777039465804505,0.0,0.0,0.0,0.0,0.0,0.0,0.0,1.0,0.0,0.0,0.0,0.19401788771159292,64,48,16,0,54.7,1
2023-07-06 14:00:00,2023-07-06 15:30:00,SHORT,30317.68,30419.02,-1.48,0,STOP_LOSS,1.0081187036479204,1.0135440384360535,1.013743659896662,1.0125289226199086,26.336633512414434,0.0,1.1987496176551309,-0.5709851231637272,39.35604428794968,0.32144050621762477,1.049042753272017,0.5,2.1494277127531887,0.0,0.0,0.0,0.0,0.0,0.0,1.0,0.0,0.0,0.0,0.0,0.2672956585910891,35,61,26,0,43.6,-1
2023-07-06 21:00:00,2023-07-07 00:00:00,SHORT,30300.77,29994.89,4.46,1,STOP_LOSS,0.9997976621506631,1.000675402857675,1.0043422240112612,1.0097418968990968,46.47319279941008,69.60989991547311,63.77821341964648,0.18607734831386852,27.251758312911825,0.6653780254307513,0.8042289609131946,0.5,1.222029634767585,0.0,0.0,0.0,0.0,0.0,0.0,0.0,0.0,1.0,0.0,0.0,0.14961695685252596,29,61,32,0,34.2,-1
2023-07-07 05:15:00,2023-07-07 06:00:00,LONG,30201.18,30197.18,-0.06,0,SENAL_BAJISTA,0.9974033123843897,0.9972163832544884,0.9996618535481493,1.0084903858809358,58.23132355672096,33.545025201681106,36.41359469525393,0.1823601641873265,29.568040740404957,1.0116446597134632,0.7423532391947244,0.5,2.0531533433308873,0.0,0.0,0.0,0.0,0.0,0.0,0.0,0.0,1.0,0.0,0.0,0.1382053548251691,64,38,26,0,38.7,1
2023-07-07 07:45:00,2023-07-07 12:45:00,SHORT,30014.14,30203.17,-2.79,0,STOP_LOSS,1.0029915849344262,1.0035295949524978,1.0052389748152846,1.0137582074575342,36.78851479472928,1.5156656209518808,5.696120590227841,-0.13580793299112837,20.96195283667026,0.7493897728376233,1.5298538237461003,0.5,2.452551951589267,0.0,0.0,0.0,0.0,0.0,0.0,0.0,0.0,1.0,0.0,0.0,0.1286027308599757,32,61,29,0,38.7,-1
2023-07-10 00:00:00,2023-07-10 02:45:00,SHORT,30036.0,30203.16,-2.46,0,STOP_LOSS,1.0034817630522106,1.0047466782384045,1.0062006986151857,1.0074810909277974,30.675275226111864,58.31542920580504,72.93341893332058,-0.13003307892344954,42.616202209979534,0.20236539130408887,1.2376483975163735,0.5,6.382020286044362,0.0,0.0,0.0,0.0,0.0,0.0,0.0,0.0,0.0,0.0,0.0,-0.01892342355348862,31,61,30,0,43.8,-1
2023-07-10 06:00:00,2023-07-10 09:15:00,SHORT,30117.82,30179.52,-0.9,0,STOP_LOSS,1.0000879607759585,1.0004342715288232,1.0014652975796976,1.0037661095813715,46.881048593901994,12.061558705563566,13.684780937518529,-0.036141834098231865,17.255664373604898,1.0609136810760087,1.5230088703605298,0.5,2.0493311024487997,0.0,0.0,0.0,0.0,0.0,0.0,0.0,0.0,1.0,0.0,0.0,-0.07870418270457923,30,61,31,0,42.3,-1
2023-07-10 18:30:00,2023-07-10 21:00:00,LONG,30446.29,30653.82,3.01,1,STOP_LOSS,0.9963970393555989,0.995138790191655,0.993393853353735,0.9928594611489018,67.12742044685046,63.049875263093384,33.58602435192152,0.09631793659330691,31.42328621068925,1.3338581297331602,0.4252517455710328,0.5,2.559093383096649,0.0,0.0,0.0,0.0,0.0,1.0,0.0,1.0,0.0,0.0,0.0,-0.20917187531209586,64,23,41,1,65.2,1
2023-07-11 06:30:00,2023-07-11 08:45:00,LONG,30562.01,30494.52,-0.98,0,STOP_LOSS,0.9980655318043952,0.9975034465547999,0.9965370386754641,0.9925679314456632,60.74285131565351,99.99999999999999,81.74688009727171,0.18352290257837445,13.112671772028117,2.8119863805013456,1.391970858533441,0.5,2.0381149222301675,0.0,0.0,0.0,0.0,0.0,0.0,0.0,1.0,0.0,0.0,0.0,0.02652213302487108,64,24,40,1,54.9,1
2023-07-11 13:45:00,2023-07-11 18:15:00,LONG,30450.52,30496.0,0.66,1,STOP_LOSS,0.9988704807921238,0.9993400492644092,0.9998922006653196,0.9972058503641096,51.83925019156747,58.579822184154196,61.166777661980916,0.06749936123913927,20.141958086323324,0.5817087111970951,1.3818403447193113,0.5,1.9102632693439323,0.0,0.0,0.0,0.0,0.0,0.0,0.0,0.0,0.0,0.0,0.0,0.04560266314918626,64,22,42,1,55.9,1
2023-07-11 22:00:00,2023-07-12 00:45:00,LONG,30578.52,30512.01,-0.96,0,STOP_LOSS,0.9993073689971297,0.9991484447174511,0.9983885438401684,0.994813320306363,54.25288223885526,53.70153402768521,38.225302585405316,-0.03975800040066862,17.26324918501742,1.8132132564997563,1.1772511737600253,0.5,1.9398763535827186,0.0,0.0,0.0,0.0,0.0,1.0,0.0,1.0,0.0,0.0,0.0,-0.060086979592828174,64,10,54,1,56.5,1
2023-07-12 02:30:00,2023-07-12 08:15:00,LONG,30608.53,30712.52,1.5,1,STOP_LOSS,0.9985960717908672,0.998551364085959,0.9980744503038901,0.9946470632786467,56.25518283791693,48.06144211833713,34.08470207721214,0.0026383372374732756,13.796993066372954,2.2170331373791514,1.3570762463905945,0.5,2.131113023714877,0.0,0.0,0.0,0.0,0.0,0.0,0.0,1.0,0.0,0.0,0.0,-0.20319467451244844,64,16,48,1,55.4,1
2023-07-12 12:15:00,2023-07-12 13:15:00,LONG,30798.01,30660.52,-1.98,0,STOP_LOSS,0.9981385484312881,0.997463055973814,0.9959981292618193,0.9911534222357833,62.506952268537745,89.32130121220756,76.09562935443331,0.0700119852368702,28.822215976515984,1.2469264318688995,0.5030323333205742,0.5,2.084435940452733,0.0,0.0,0.0,0.0,0.0,0.0,0.0,1.0,0.0,0.0,0.0,-0.2728705698934391,64,16,48,1,51.5,1
2023-07-13 04:00:00,2023-07-13 06:45:00,SHORT,30284.01,30388.0,-1.52,0,STOP_LOSS,1.000970716696557,1.0018428110200825,1.0039275640424934,1.0064942855282974,36.70068347306821,12.969873832946229,8.755394956126677,-0.09879720491139372,19.18492430736863,0.8117953870831662,1.6798345129127767,0.5,1.4092292819208587,0.0,0.0,0.0,1.0,0.0,0.0,0.0,0.0,1.0,0.0,0.0,-0.07435406065581782,42,61,19,0,47.4,-1
2023-07-13 09:00:00,2023-07-13 11:45:00,LONG,30512.52,30543.0,0.44,1,STOP_LOSS,0.9967614893484052,0.9956914357966986,0.9958730468943674,0.9982670656319618,71.2628057637759,85.29308696271704,76.62348829764939,0.36140460015747394,19.833981907098703,2.1875791545891734,0.7500550568187055,0.5,5.491208211287957,0.0,0.0,0.0,0.0,0.0,0.0,0.0,0.0,0.0,1.0,0.0,-0.054027583237400215,64,36,28,1,52.9,1
2023-07-13 14:00:00,2023-07-13 15:45:00,LONG,30548.0,30918.0,5.35,1,STOP_LOSS,1.0010720347900077,0.9999310510511448,0.9980451859188354,0.9977597652137085,51.812054883806475,35.635303722285826,32.71047406358671,-0.03736360491726718,31.050325335871893,0.7054026659251225,0.7489256652151082,0.5,2.4122833270751665,0.0,0.0,0.0,0.0,0.0,0.0,0.0,0.0,0.0,0.0,0.0,0.02776796791132179,64,39,25,1,61.8,1
2023-07-13 17:30:00,2023-07-13 20:45:00,LONG,31123.52,31372.52,3.55,1,STOP_LOSS,0.992285733983815,0.9886305287068267,0.9842152160945647,0.9806925159882636,72.63885732462202,56.12003457793999,42.63578962240855,0.17202442139068147,37.76640721109386,0.9923924088542202,0.27713349443917595,0.5,2.5640542238576995,0.0,0.0,0.0,0.0,0.0,1.0,0.0,1.0,0.0,1.0,0.0,0.1286762832334571,64,26,38,1,72.2,1
2023-07-14 13:30:00,2023-07-14 16:15:00,LONG,31191.99,31176.18,-0.23,0,STOP_LOSS,0.9995097164114521,1.0002007577087006,1.0011168832862953,0.9923714149650539,47.50482151064458,71.35093464010001,59.09538232367946,0.06380614626744752,28.054619384909305,0.5340469755756907,0.8523118637909792,0.5,2.0366927716030734,0.0,0.0,0.0,1.0,0.0,0.0,0.0,0.0,0.0,0.0,0.0,0.018484641930302758,64,35,29,1,60.6,1
2023-07-17 06:15:00,2023-07-17 10:45:00,SHORT,30276.48,30163.42,1.66,1,STOP_LOSS,1.000345110171282,1.0003492618565573,1.0004752397551417,1.0026256468092487,47.792124861785936,14.219890403845795,25.574845186636573,-0.04275165519435395,11.343362634586972,1.7785984795492964,2.2408249922448475,0.5,0.5046697050414258,0.0,0.0,0.0,0.0,0.0,0.0,0.0,0.0,1.0,0.0,0.0,-0.17729095031672945,26,62,36,0,44.8,-1
2023-07-17 12:00:00,2023-07-17 13:15:00,SHORT,30090.0,30246.0,-2.31,0,STOP_LOSS,1.0028665210606391,1.0039527630906537,1.0051433524762485,1.007932038945934,36.03712540740876,55.61943090535868,66.01981163506593,-0.1183935167239345,33.6410440384087,0.4686929943191922,1.3093286123128836,0.5,1.315798418868397,0.0,0.0,0.0,0.0,0.0,0.0,1.0,0.0,1.0,0.0,0.0,-0.011546477317838514,35,62,27,0,42.1,-1
2023-07-17 16:00:00,2023-07-17 18:15:00,SHORT,30235.36,30024.0,3.11,1,STOP_LOSS,0.9994201603308543,0.9994530438963821,0.999926568646725,1.0025473575606352,51.72368476083536,36.26693858244977,40.54981244514498,-0.004777815904895623,20.641988731488812,1.01414571546827,1.329090215718613,0.5,1.2488492792015813,0.0,0.0,0.0,0.0,0.0,0.0,0.0,0.0,1.0,0.0,0.0,-0.0052503227159453845,24,58,34,0,35.0,-1
2023-07-18 03:30:00,2023-07-18 08:15:00,SHORT,30086.1,30062.0,0.36,1,STOP_LOSS,1.0015792437122217,1.001617460761776,1.0014378225239013,1.004767772411516,43.63764905962649,9.502170443229051,9.502170443229051,-0.2374615389850848,13.070376863249002,1.588658338074654,1.9727822859326964,0.5,1.5184863664735166,0.0,0.0,0.0,0.0,0.0,0.0,0.0,0.0,1.0,0.0,0.0,0.04100767609729599,29,61,32,0,42.3,-1
2023-07-18 10:15:00,2023-07-18 14:00:00,SHORT,29951.91,29920.88,0.46,1,STOP_LOSS,1.000984462361756,1.001937068918482,1.0033609052922132,1.007627304186843,40.25696909704031,43.1920645562618,52.155575080287306,-0.04486044392212258,26.1207985427939,0.5736546287508142,1.1977405001584507,0.5,1.448649836895312,0.0,0.0,0.0,0.0,0.0,0.0,1.0,0.0,0.0,0.0,0.0,0.027037793084735945,26,61,35,0,37.7,-1
2023-07-18 16:45:00,2023-07-18 18:15:00,SHORT,29701.99,29926.08,-3.36,0,STOP_LOSS,1.0051032981941246,1.0061406634647179,1.0080979315973153,1.013855760845097,33.39109162242382,39.12155460948871,63.96976409626605,-0.06996999089010218,21.16833400398938,0.6841290894182628,1.9952296477474238,0.5,4.5189590682788605,0.0,0.0,0.0,0.0,0.0,0.0,1.0,0.0,1.0,0.0,0.0,0.0576220611639575,38,61,23,0,34.4,-1
2023-07-18 23:00:00,2023-07-19 00:30:00,SHORT,29797.47,29997.0,-2.98,0,STOP_LOSS,1.0000965949611536,1.000304213563658,1.0018375145224983,1.0082850214111825,47.88391845710578,87.50746938406559,80.72165789458639,0.1101335293442159,15.708478248740812,1.288023831327133,1.4687402266324376,0.5,1.2468909709007197,0.0,0.0,0.0,0.0,0.0,0.0,0.0,0.0,1.0,0.0,0.0,0.031208328776124807,19,61,42,0,40.0,-1
2023-07-19 12:30:00,2023-07-19 13:30:00,SHORT,29921.86,30041.17,-1.77,0,STOP_LOSS,1.001480101888911,1.0020997189362704,1.002070782374253,1.003557954572736,38.14383536318204,11.68446493710406,40.1718674116251,-0.15770926115798953,15.295442465105511,1.3209393695301817,2.216191951594901,0.5,1.4304438267329158,0.0,0.0,0.0,0.0,0.0,0.0,1.0,1.0,0.0,0.0,0.0,0.07038986185865448,41,58,17,0,43.8,-1
2023-07-20 14:15:00,2023-07-20 18:30:00,SHORT,30122.67,29743.35,5.58,1,STOP_LOSS,1.0029915091526738,1.003511924133649,1.0017499553896763,0.9981680818793278,37.29718241694611,14.126204609761272,21.535492071002732,-0.37120417568382186,27.100690686637012,0.612590228209776,1.0651646666494188,0.5,1.9865335158503201,0.0,0.0,0.0,0.0,0.0,0.0,1.0,1.0,0.0,0.0,0.0,-0.0778408406453985,38,61,23,0,42.1,-1
2023-07-21 00:15:00,2023-07-21 02:00:00,SHORT,29776.53,29901.51,-1.87,0,STOP_LOSS,1.0007816248851833,1.0008230313792206,1.0028098749651513,1.0065333965429926,45.20831955298138,27.724487924905663,44.407275429746434,0.10614966683717632,22.874406827550988,0.7403866723596914,0.995461985402255,0.5,1.222459529016068,0.0,0.0,0.0,0.0,0.0,0.0,0.0,0.0,1.0,0.0,0.0,-0.08524472444049253,26,62,36,0,45.5,-1
2023-07-21 07:30:00,2023-07-21 12:30:00,SHORT,29779.89,29859.98,-1.19,0,STOP_LOSS,1.0014382199984022,1.0019634193614235,1.0024833909374453,1.0054437458938932,39.22974597229788,9.743040281087547,23.725579779318778,-0.24114080461225382,14.255504729231536,1.2761880869949906,2.227931630700608,0.5,2.730443710907473,0.0,0.0,0.0,0.0,0.0,0.0,1.0,0.0,0.0,0.0,0.0,-0.07831050611261405,24,62,38,0,42.2,-1
2023-07-24 02:15:00,2023-07-24 05:15:00,SHORT,29788.12,29811.65,-0.35,0,STOP_LOSS,1.004169438704621,1.0062888195129092,1.0068136861361379,1.0049568631303893,28.652594330630496,7.028325940166231,7.02832594016623,-0.5553732083931486,26.220801966388333,0.5213726608202458,1.6013873976819206,0.5,1.7021248509957225,0.0,0.0,0.0,0.0,0.0,0.0,0.0,0.0,0.0,0.0,1.0,0.1123784697179626,43,61,18,0,41.1,-1
2023-07-24 09:30:00,2023-07-24 10:00:00,SHORT,29700.02,29314.01,5.77,1,STOP_LOSS,1.0020336077146357,1.0028804274691818,1.0047948221597278,1.006565416681546,34.3259094264922,9.385102524721766,16.040545431134948,-0.06081990580566944,29.58710645697679,0.4950455112648359,1.1708478348437825,0.5,1.390395638526966,0.0,0.0,0.0,0.0,0.0,0.0,1.0,0.0,1.0,0.0,0.0,0.10760064459457,32,61,29,0,31.7,-1
2023-07-25 01:00:00,2023-07-25 02:30:00,SHORT,29071.77,29160.01,-1.35,0,STOP_LOSS,1.0021840255231975,1.0025017869840913,1.0044522885325633,1.0164808588477297,35.65976176518869,0.0,16.344096626927126,-0.21573728383483948,23.2162973544511,0.6991365338395501,1.5083749976303562,0.5,2.0235712791589906,0.0,0.0,0.0,0.0,0.0,0.0,1.0,0.0,1.0,0.0,0.0,-0.1705954230492066,33,62,29,0,31.0,-1
2023-07-25 05:45:00,2023-07-25 08:45:00,SHORT,29130.85,29191.19,-0.92,0,STOP_LOSS,0.999287278819772,0.9993682713405159,1.0006468221536249,1.0117607656999241,53.42007213891905,71.6789929251538,59.74714318332388,0.15303582787129785,15.30069841853848,2.040355974847856,1.5702585681168717,0.5,2.172120653124098,0.0,0.0,0.0,0.0,0.0,1.0,0.0,0.0,0.0,0.0,0.0,-0.17532909624562068,41,61,20,0,32.4,-1
2023-07-27 13:30:00,2023-07-27 21:30:00,SHORT,29458.99,29206.97,3.81,1,STOP_LOSS,1.0006309118693073,1.0006831274755528,0.9998851061557078,0.9971212073203174,46.86332131412652,2.5064094582712553,7.870885992127141,-0.2390030259169244,17.517418379483168,1.6567373020714382,1.16171396327595,0.5,1.3647672571908707,0.0,0.0,0.0,0.0,1.0,0.0,0.0,0.0,0.0,0.0,0.0,-0.21407626042613562,43,62,19,0,43.7,-1
2023-07-28 05:30:00,2023-07-28 09:45:00,SHORT,29176.01,29218.97,-0.66,0,STOP_LOSS,1.0017027809578982,1.0018983280218705,1.0024476229592605,1.0045262119319194,37.84366950102599,31.51423050466889,50.499705779476436,-0.17400222159028206,14.380348231167059,1.554610915939641,2.440698131167824,0.5,1.336559051979736,0.0,0.0,0.0,0.0,0.0,0.0,1.0,0.0,1.0,0.0,0.0,-0.05246984286283593,32,62,30,0,39.5,-1
2023-07-28 17:30:00,2023-07-28 18:30:00,SHORT,29208.0,29333.19,-1.91,0,STOP_LOSS,1.004104725816784,1.0042988445307772,1.0030265349724545,1.002999997532716,36.16131179763813,0.0,3.1428198021145306,-0.4391016150015045,30.250485648001373,0.7210450852865071,1.1753389088193988,0.5,1.3112506698458235,0.0,0.0,0.0,0.0,0.0,0.0,1.0,1.0,0.0,0.0,0.0,0.09489363879403938,35,62,27,0,48.2,-1
2023-07-31 06:45:00,2023-07-31 13:45:00,LONG,29406.0,29357.99,-0.73,0,STOP_LOSS,0.999948997470772,0.9997633680312987,0.9987720666692482,0.9975049125002826,52.77927696437162,45.8269739896834,37.539172723584386,-0.19953336485633388,19.67616710420141,1.4524090839091446,1.1502120142416272,0.5,2.705859133795713,0.0,0.0,0.0,0.0,0.0,0.0,0.0,0.0,0.0,0.0,0.0,0.005845603349195376,62,11,51,1,52.4,1
2023-07-31 16:00:00,2023-08-01 00:30:00,SHORT,29206.5,29264.99,-0.89,0,STOP_LOSS,1.0027741775697017,1.0043371237305914,1.0051832934214975,1.0046629059129892,25.95742750962577,0.0,4.359279509744082,-0.41860668437971377,36.02468123458582,0.22469816706014167,1.14847634886034,0.5,2.006866559894928,0.0,0.0,0.0,0.0,0.0,0.0,1.0,0.0,0.0,0.0,0.0,0.022932953863540013,32,62,30,0,41.5,-1
2023-08-01 02:00:00,2023-08-01 15:45:00,SHORT,28925.99,28952.0,-0.4,0,STOP_LOSS,1.008901857875383,1.0099035293588252,1.0109958080228079,1.01296682588496,24.53578417412851,8.104169196988439,28.11390611378281,-0.25050575658929886,25.042407503006338,0.504680678269533,2.425693530763802,0.5,13.097747971760903,0.0,0.0,0.0,0.0,0.0,0.0,1.0,0.0,1.0,0.0,0.0,-0.03222555599868631,31,62,31,0,32.1,-1
2023-08-02 00:00:00,2023-08-02 03:00:00,LONG,29713.99,29772.42,0.87,1,STOP_LOSS,0.9916198637326025,0.9867513827730475,0.9817448128139813,0.9811436447166705,83.31492795659672,99.99999999999999,97.77952964834536,0.4700460194701246,46.066638932943896,1.1511564849092901,0.12904038436482781,0.5,3.325488627982654,0.0,0.0,0.0,0.0,0.0,1.0,0.0,0.0,0.0,0.0,0.0,0.07368170321736596,62,35,27,1,60.6,1
2023-08-03 02:45:00,2023-08-03 09:45:00,SHORT,29178.33,29152.29,0.4,1,STOP_LOSS,1.000273229179488,1.000343441034371,1.0016679433302038,1.0035400367567793,47.84710926813439,9.913206050212677,29.339337943701985,0.007170809564519788,26.37127662563891,0.7815436943920516,1.1782173723131166,0.5,1.2506433927563716,0.0,0.0,0.0,0.0,0.0,0.0,0.0,0.0,1.0,0.0,0.0,-0.10368875982575546,24,62,38,0,46.2,-1
2023-08-03 12:30:00,2023-08-03 13:30:00,SHORT,29115.2,29167.73,-0.8,0,SENAL_ALCISTA,1.000733843784835,1.0006394566449366,1.001145957790903,1.0039928595201126,45.515319545102024,10.807386801782389,28.786326921004722,-0.02194536789649559,27.697816932808788,0.5797535257012915,1.1678818706219234,0.5,1.4691721325351073,0.0,0.0,0.0,0.0,0.0,0.0,0.0,0.0,0.0,0.0,0.0,-0.16797985400996132,28,59,31,0,50.0,-1
2023-08-04 02:15:00,2023-08-04 05:45:00,SHORT,29163.96,29240.0,-1.16,0,SENAL_ALCISTA,1.0010543506324618,1.0016991127976613,1.0020054464247476,1.0024451967334753,40.53253584171057,16.661646084391577,42.34246149899088,-0.09264642061109193,19.002241142175425,0.8366334421700439,1.8213661106487844,0.5,4.0746258438052125,0.0,0.0,0.0,0.0,0.0,0.0,1.0,1.0,0.0,0.0,0.0,0.052567506499744315,29,62,33,0,46.4,-1
2023-08-04 08:45:00,2023-08-04 09:15:00,SHORT,29183.89,29211.81,-0.43,0,SENAL_ALCISTA,1.0006024972522631,1.0006054038542924,1.0007614569950245,1.0014403371263352,45.208830231862564,26.278008296895887,46.69292007341268,-0.01500768575582425,15.523644067602364,1.7072057017539533,1.8089386866895676,0.5,0.7495676634708215,0.0,0.0,0.0,0.0,0.0,0.0,1.0,0.0,0.0,0.0,0.0,0.09350153374608743,22,62,40,0,47.0,-1
2023-08-04 18:00:00,2023-08-04 18:45:00,SHORT,29176.51,29067.45,1.66,1,STOP_LOSS,1.0017645109745124,1.00195959337317,1.0016072016229607,1.0016500460621773,36.68622821908755,0.0,5.326948142714673,-0.34042667715675295,20.037183023925312,0.9704030690626584,1.533794810800148,0.5,1.5470177546387462,0.0,0.0,0.0,0.0,0.0,0.0,1.0,0.0,0.0,0.0,0.0,0.044391157887196456,27,62,35,0,42.9,-1
2023-08-04 20:30:00,2023-08-04 21:00:00,SHORT,28986.02,29083.89,-1.5,0,STOP_LOSS,1.0026910584887707,1.0046608222232982,1.0062548245721066,1.0076752751479425,27.07398404687978,28.643738106289145,22.8712684341898,-0.28136044795267146,38.54281507265278,0.29060347182327334,1.0292580155882702,0.5,1.240158881947382,0.0,0.0,0.0,0.0,0.0,0.0,0.0,0.0,1.0,0.0,0.0,0.011347708127594528,44,62,18,0,46.0,-1
2023-08-07 09:00:00,2023-08-07 10:30:00,SHORT,29045.3,29136.22,-1.39,0,STOP_LOSS,1.00093990390769,1.0017117817287513,1.0020830383293067,1.0018703578050838,34.58668221732431,21.970269594019577,26.09023216852266,-0.2634600531350996,21.367456085814187,0.9282337498273151,1.7107624875027834,0.5,2.145083387323684,0.0,0.0,0.0,0.0,0.0,0.0,1.0,1.0,0.0,0.0,0.0,0.03948828699009085,37,62,25,0,47.3,-1
2023-08-07 12:15:00,2023-08-07 16:15:00,SHORT,29042.4,28929.59,1.72,1,STOP_LOSS,1.0014714221542687,1.0017278355997437,1.0020073840443904,1.0019459680981269,36.3583678029147,32.134767085623025,42.6700379283002,-0.09043003567998713,16.319170105452752,1.5197530625615558,2.5015297499255076,0.5,2.047662684565286,0.0,0.0,0.0,0.0,0.0,0.0,1.0,1.0,0.0,0.0,1.0,0.04604436489942617,42,62,20,0,36.3,-1
2023-08-08 01:30:00,2023-08-08 07:30:00,LONG,29163.89,29191.88,0.43,1,STOP_LOSS,1.0009689577811784,1.0004588127079568,0.9989980798222414,0.9978464368652797,49.716532554274835,0.0,22.74116610733423,-0.22079191479898488,29.74554353310925,1.0246640570513963,0.5950660496591952,0.5,1.7874863568934116,0.0,0.0,0.0,0.0,0.0,0.0,1.0,0.0,0.0,0.0,0.0,-0.18065166356188123,60,26,34,1,53.7,1
2023-08-08 10:30:00,2023-08-08 13:15:00,LONG,29263.15,29483.99,3.35,1,STOP_LOSS,0.9983979324682077,0.9982563203676589,0.9976653944736298,0.9956158346288834,62.8745658164528,93.26621280904533,74.51703732433509,0.16374898616582254,24.094751106053472,1.8643213574604474,0.7303275018097795,0.5,1.3790863255456463,0.0,0.0,0.0,0.0,0.0,1.0,0.0,1.0,0.0,0.0,0.0,-0.1755844360262177,62,35,27,1,62.7,1
2023-08-08 16:30:00,2023-08-08 22:00:00,LONG,29707.98,29763.41,0.83,1,STOP_LOSS,0.9953234084644312,0.9925968569242559,0.988883894189006,0.9831535141499159,72.43313382247891,65.42110828097474,50.499733005742854,0.20828131559477978,52.12033249135811,0.860896074106695,0.14566858046207737,0.5,2.696831558118886,0.0,0.0,0.0,0.0,0.0,1.0,0.0,1.0,0.0,0.0,0.0,-0.099573343202917,62,30,32,1,73.8,1
2023-08-09 07:00:00,2023-08-09 13:15:00,LONG,29771.99,29963.99,2.88,1,STOP_LOSS,0.9987496356147416,0.9991013267574667,0.9987225097062169,0.9897506188792596,53.569949250051486,72.24095265784163,45.706264293289834,0.06419655357254547,12.335621702888918,2.441350882445336,2.16380761878135,0.5,1.4110034157409381,0.0,0.0,0.0,0.0,0.0,1.0,0.0,1.0,0.0,0.0,0.0,0.15140308383560255,62,21,41,1,68.2,1
2023-08-10 13:45:00,2023-08-10 14:30:00,LONG,29683.99,29431.99,-3.79,0,STOP_LOSS,0.9966434168307547,0.9957734078478251,0.9958221612837812,0.9959466832688717,70.32642819754331,99.99999999999999,91.60316989479584,0.3243329949014605,22.275976621316946,1.6547166477479882,0.4786700732889125,0.5,1.8530448052344912,0.0,0.0,0.0,0.0,0.0,1.0,0.0,0.0,0.0,1.0,0.0,-0.13948705832948405,62,42,20,1,51.1,1
2023-08-11 14:00:00,2023-08-11 15:00:00,LONG,29513.99,29415.0,-1.49,0,STOP_LOSS,0.9981103553590834,0.9975332092287733,0.9974218123190405,0.9990754621428624,68.56201900394697,87.34695037240915,81.16992058713858,0.29532697986657436,15.759137491754736,2.7356838550435842,1.450147218777115,0.5,5.616630709314197,0.0,0.0,0.0,0.0,0.0,0.0,0.0,0.0,0.0,0.0,0.0,-0.14361657493427601,62,41,21,0,47.7,1
2023-08-11 16:30:00,2023-08-11 19:30:00,SHORT,29297.0,29410.82,-1.73,0,STOP_LOSS,1.00338684035711,1.0042088969560623,1.0045642083999604,1.0062620897762202,31.085393375715373,14.160511062064316,15.045912127336848,-0.3250792499431414,18.372553443753972,1.0270507718384825,2.3597971787869283,0.5,2.5278804224756004,0.0,0.0,0.0,0.0,0.0,0.0,0.0,0.0,0.0,0.0,0.0,0.10834411814781104,37,62,25,0,48.0,-1
2023-08-14 00:30:00,2023-08-14 02:30:00,SHORT,29255.98,29348.0,-1.4,0,STOP_LOSS,1.0020022126213786,1.003063118627798,1.0039371783797602,1.005144823221576,27.180800900672615,33.00406246927942,34.297382034880926,-0.31895277414488576,43.8075497305875,0.15276034987969508,0.8620395248295978,0.5,2.9495396253065893,0.0,0.0,0.0,0.0,0.0,0.0,0.0,0.0,0.0,0.0,1.0,-0.08825984082611038,35,62,27,0,48.7,-1
2023-08-14 09:30:00,2023-08-14 14:00:00,SHORT,29388.41,29429.01,-0.61,0,STOP_LOSS,1.0010890116656435,1.0008415642543445,1.0001646330686267,1.000403135952111,45.402707755694074,9.126756732921068,25.531417958547614,-0.21185798658398142,26.295282044282178,1.1083326288021174,0.9536190145089365,0.5,2.349528442240699,0.0,0.0,0.0,0.0,0.0,0.0,1.0,0.0,0.0,0.0,0.0,-0.1173691758409027,42,62,20,0,49.6,-1
2023-08-14 15:15:00,2023-08-14 17:15:00,LONG,29633.95,29554.41,-1.19,0,STOP_LOSS,0.9954227883882505,0.9937861364143953,0.9927380865223021,0.9923000205745481,74.08808172206712,84.6021081830341,87.56831527974055,0.5389635188671115,25.924924308179936,1.820729719197805,0.5669294273014339,0.5,2.314697695311151,0.0,0.0,0.0,0.0,0.0,0.0,0.0,1.0,0.0,1.0,0.0,-0.10839741061787615,62,38,24,1,61.7,1
2023-08-15 00:00:00,2023-08-15 02:45:00,LONG,29439.98,29383.8,-0.85,0,STOP_LOSS,0.9997488995133295,0.9996412794091953,0.9997843486022621,0.9992981695419042,52.007619664722355,67.02878558506117,66.79888855520005,0.23427370817037,15.684047565823342,1.7436922879276635,1.774461110755546,0.5,1.4434537751096896,0.0,0.0,0.0,0.0,0.0,0.0,0.0,1.0,0.0,0.0,0.0,-0.0348690074427572,59,30,29,0,48.7,1
2023-08-15 08:30:00,2023-08-15 10:15:00,LONG,29449.48,29406.42,-0.65,0,STOP_LOSS,0.9985444905548506,0.9982242914989436,0.9984818854880976,0.9987506247153342,63.89073680933415,97.21873860152061,97.21873860152061,0.49314172221217295,20.814606555362275,2.0683464969305367,0.813588538718028,0.5,2.3904518053202786,0.0,0.0,0.0,0.0,0.0,0.0,0.0,0.0,0.0,1.0,0.0,-0.006466238203904403,58,40,18,0,46.9,1
2023-08-15 15:30:00,2023-08-15 20:15:00,SHORT,29344.54,29229.98,1.73,1,STOP_LOSS,1.0018826922380941,1.0019390773852292,1.0020103376876193,1.0022518723331098,38.792622242285866,32.73623745864859,62.97335635285342,-0.059574589801613564,18.377147999573488,1.3136208849193263,1.3624695743077482,0.5,1.3758404748465203,0.0,0.0,0.0,0.0,0.0,0.0,1.0,0.0,0.0,0.0,1.0,-0.002548614454570427,26,62,36,0,45.2,-1
2023-08-16 00:45:00,2023-08-16 08:30:00,SHORT,29228.0,29212.05,0.24,1,STOP_LOSS,0.9995373051599904,0.9999096201290426,1.0014822507025016,1.0044793546587063,48.37659004508156,81.21413131705944,82.11029978480421,0.21759996551227975,32.464320379371046,0.8298583014938276,0.9167951648195947,0.5,1.8335786495395558,0.0,0.0,0.0,0.0,0.0,0.0,0.0,0.0,0.0,0.0,0.0,-0.06903639346750706,20,62,42,0,41.1,-1
2023-08-16 09:30:00,2023-08-16 12:30:00,SHORT,29160.0,29170.49,-0.16,0,STOP_LOSS,1.0005558445471878,1.0009474246364962,1.0018541426119867,1.005230760926742,41.564729192910754,43.435539397223714,59.09314749670466,-0.06024959906801947,26.777356083808787,0.5541698875076565,1.5100795347106146,0.5,2.2341401617685404,0.0,0.0,0.0,1.0,0.0,0.0,0.0,0.0,0.0,0.0,0.0,-0.024552867274269714,33,62,29,0,37.9,-1
2023-08-16 13:30:00,2023-08-16 15:00:00,SHORT,29120.69,29176.96,-0.86,0,STOP_LOSS,1.0007430998400833,1.001310841657979,1.0022621624029928,1.0058066461537227,40.60122287244498,49.503330790909985,61.01768916882034,-0.09510327415547867,36.7599912857809,0.3175285425973296,1.1909143541361153,0.5,1.2718813217295948,0.0,0.0,0.0,0.0,0.0,0.0,1.0,0.0,1.0,0.0,0.0,-0.03913439934321342,17,62,45,0,35.1,-1
2023-08-16 16:00:00,2023-08-16 16:45:00,SHORT,29022.91,29082.94,-0.92,0,STOP_LOSS,1.00320008653317,1.0038762134072927,1.0049170505358693,1.0086514970528253,30.982242934620107,33.445927115946574,59.84957083542913,-0.12544524123285902,37.2579093116622,0.3399853143337955,1.2964040756246278,0.5,5.352781938484528,0.0,0.0,0.0,0.0,0.0,0.0,1.0,0.0,1.0,0.0,0.0,0.028553590236813683,21,62,41,0,35.8,-1
2023-08-16 18:00:00,2023-08-16 20:45:00,SHORT,29131.01,28974.99,2.37,1,STOP_LOSS,0.999524476459603,0.9995857362178392,1.0005522016247066,1.004434150571681,50.91669891240216,92.60739306873529,91.48662549006819,0.17533032360149475,31.573479558461944,0.7392610526299649,0.7736118827896901,0.5,1.243361771813741,0.0,0.0,0.0,0.0,0.0,0.0,0.0,0.0,1.0,0.0,0.0,0.05606784673907711,24,62,38,0,35.8,-1
2023-08-16 23:00:00,2023-08-17 00:45:00,SHORT,28872.0,28582.0,4.46,1,STOP_LOSS,1.0022167849189643,1.0042276768437983,1.0067150525610815,1.0119170162822264,34.05836331299437,31.306226369851267,41.19844537276093,-0.1509542664934019,38.343904469450166,0.29984556089435266,1.0261693061684831,0.5,1.4699853247882488,0.0,0.0,0.0,0.0,0.0,0.0,1.0,0.0,1.0,0.0,0.0,0.010942732337448698,30,62,32,0,23.1,-1
2023-08-17 06:45:00,2023-08-17 16:15:00,SHORT,28687.98,27889.98,12.38,1,STOP_LOSS,0.999341790306279,0.9994900893129911,1.002907457148599,1.0131638713361946,49.724072778061576,96.62828759883314,95.47582914755357,0.41184893923360477,33.00738828002323,0.6070900732066206,0.7025356470523839,0.5,1.575981931049578,0.0,0.0,0.0,1.0,0.0,0.0,0.0,0.0,1.0,0.0,0.0,-0.1538826845892096,29,62,33,-1,20.7,-1
2023-08-17 20:45:00,2023-08-17 21:45:00,SHORT,27675.99,26249.46,23.17,1,STOP_LOSS,1.0056316355051935,1.0099207018051142,1.0180992536116127,1.0373953055629952,24.059725792469123,0.0,15.167940665021703,-0.05601314221268889,51.565480408037445,0.17556514930338743,0.9266017619799067,0.5,4.23610182057953,0.0,0.0,0.0,1.0,0.0,0.0,1.0,0.0,1.0,0.0,0.0,0.023244873103850847,34,62,28,-1,6.0,-1
2023-08-18 06:00:00,2023-08-18 17:15:00,SHORT,26608.95,25911.97,11.99,1,STOP_LOSS,0.9939574902473262,0.9961674770087836,1.010122888975572,1.0534948278348502,51.372785659668146,98.72198883168772,96.67469986947381,0.3247776508376188,50.80854476965861,0.4138268568950713,0.5712958025792669,0.5,1.6136557949322856,0.0,0.0,0.0,0.0,0.0,0.0,0.0,0.0,1.0,0.0,0.0,-0.4443954974307105,37,64,27,-1,6.7,-1
2023-08-18 18:45:00,2023-08-19 15:45:00,SHORT,26123.97,26218.0,-1.66,0,STOP_LOSS,0.9971450109470322,0.9986545039575185,1.005589297687301,1.045929089789427,50.05111684384478,96.93297017753031,92.97621924971773,0.19373112436816223,33.343766645465834,0.6798440570713484,0.671770471189246,0.5,1.4275324631959156,0.0,0.0,0.0,0.0,1.0,0.0,0.0,0.0,0.0,0.0,0.0,-0.4501122254170538,27,64,37,-1,9.8,-1
2023-08-21 02:30:00,2023-08-21 11:45:00,SHORT,26085.97,26031.96,0.96,1,STOP_LOSS,1.0017411699952612,1.0022875477842854,1.0022284296120128,1.0058149546933726,39.73674607664066,23.16950203044705,34.04434199252245,-0.19229141978391395,16.5598224519716,0.8045228042160933,1.6716313125816327,0.5,1.3318477021372737,0.0,0.0,0.0,0.0,0.0,0.0,0.0,0.0,0.0,0.0,0.0,-0.1963095046578839,44,62,18,-1,26.1,-1
2023-08-21 15:15:00,2023-08-21 17:15:00,SHORT,25869.99,26066.1,-3.5,0,STOP_LOSS,1.0061658880858908,1.0064345079832797,1.0070529858771244,1.0112302161191289,33.89434543856935,29.843418001698616,54.06384632552231,-0.10025135747751551,22.64487485407408,0.8357956857199196,1.798135593170721,0.5,7.712718186305417,0.0,0.0,0.0,0.0,0.0,0.0,1.0,0.0,1.0,0.0,0.0,0.03861717557434518,24,64,40,-1,23.8,-1
2023-08-22 01:00:00,2023-08-22 07:30:00,SHORT,26065.69,26112.91,-0.83,0,STOP_LOSS,1.0016446712431228,1.0017436218353446,1.0009832565426913,1.0027498944880007,41.8977790068169,1.1032131207195937,2.3225528740919414,-0.2959144385810505,27.1455369899406,0.8114879178375889,0.79987745050001,0.5,1.749343532396796,0.0,0.0,0.0,0.0,0.0,0.0,0.0,0.0,0.0,0.0,0.0,-0.0616474319333915,36,60,24,-1,31.6,-1
2023-08-22 10:00:00,2023-08-22 12:30:00,SHORT,26042.25,26097.45,-0.98,0,STOP_LOSS,1.0006448948753877,1.000816439745226,1.000958467655748,1.0027280145683064,42.44649813346643,6.937009468138736,6.69284356705463,-0.14048634614439623,17.107525661969593,1.2901103188896892,1.3316943909017598,0.5,1.4640932724998983,0.0,0.0,0.0,0.0,0.0,0.0,0.0,0.0,0.0,0.0,0.0,-0.02804933198841593,35,64,29,-1,32.8,-1
2023-08-22 13:45:00,2023-08-22 16:30:00,SHORT,26001.8,25979.97,0.39,1,STOP_LOSS,1.0015071913757627,1.001863466641234,1.00218112131368,1.0039417954435814,39.4363072529491,14.624244595166001,14.888108043327104,-0.12475039163508463,15.51150936939265,0.9140656418905753,1.7590924581659269,0.5,2.1165966634434583,0.0,0.0,0.0,0.0,0.0,0.0,0.0,0.0,0.0,0.0,0.0,-0.11053758022342364,35,64,29,-1,29.9,-1
2023-08-22 17:30:00,2023-08-22 19:00:00,SHORT,25770.8,25943.96,-3.09,0,STOP_LOSS,1.005957348168965,1.007640126603105,1.0092979173917467,1.0121473874473519,30.082433129719618,54.02783458003155,74.6025409261524,-0.1594316690782757,32.96685262050453,0.3770844415889362,1.144845176567849,0.5,2.4985832976209585,0.0,0.0,0.0,0.0,0.0,0.0,1.0,0.0,1.0,0.0,0.0,-0.01354196443137579,24,64,40,-1,26.4,-1
2023-08-22 21:15:00,2023-08-22 23:00:00,SHORT,25639.11,25971.98,-5.96,0,STOP_LOSS,1.0068303856519176,1.008785585231397,1.0114943772254361,1.0160483309805213,31.72271983544759,53.358346123918395,66.82060419083744,-0.08716118539085849,26.89436736723695,0.3969707866683244,1.7909923812965252,0.5,5.931780492209462,0.0,0.0,0.0,0.0,0.0,0.0,0.0,0.0,1.0,0.0,0.0,-0.11744478637556448,36,64,28,-1,39.7,-1
2023-08-23 05:30:00,2023-08-23 09:30:00,SHORT,26017.99,26043.96,-0.46,0,SENAL_ALCISTA,1.000338550341533,0.999850500279009,0.9987408779151244,1.0005634137465056,51.92325851741465,39.324618382272405,56.38427414188974,-0.14020188708349812,17.554031543696063,1.4702817196276483,1.309184034775175,0.5,1.2278419263846927,0.0,0.0,0.0,1.0,0.0,0.0,1.0,0.0,0.0,0.0,0.0,-0.14636282834160885,37,60,23,-1,40.5,-1
2023-08-23 11:00:00,2023-08-23 13:45:00,SHORT,25937.97,26018.0,-1.41,0,STOP_LOSS,1.0022934916686446,1.0031346938266377,1.0028664895077515,1.003687413189514,36.35657029146036,6.860210627879015,6.860210627879014,-0.3212696804565386,16.036004881267367,1.3261956371012387,2.164039987903781,0.5,1.3667708445718199,0.0,0.0,0.0,0.0,0.0,0.0,0.0,1.0,0.0,0.0,0.0,-0.15293744371889378,38,64,26,-1,37.1,-1
2023-08-24 06:30:00,2023-08-24 09:30:00,LONG,26473.96,26435.92,-0.66,0,STOP_LOSS,0.9986559436759225,0.998596546478277,0.9974998907849227,0.9903862408520956,56.224864938631654,53.52397448559621,38.958450229374435,0.05486229510128344,9.972480122107292,3.1988593535804837,2.498461731531515,0.5,2.822047065775769,0.0,0.0,0.0,0.0,0.0,0.0,0.0,1.0,0.0,0.0,0.0,-0.027528456577747645,61,31,30,0,54.6,1
2023-08-24 17:30:00,2023-08-24 23:45:00,SHORT,25993.9,26179.04,-3.25,0,STOP_LOSS,1.003384504186879,1.0066245745403233,1.0109166662538278,1.0099266368798694,30.368826113235816,67.76942296694794,77.19873297586918,-0.03646566755199539,46.21208195052229,0.15317795431730147,0.8550342255295139,0.5,3.525831382907962,0.0,0.0,0.0,0.0,0.0,0.0,1.0,0.0,1.0,0.0,0.0,-0.011649555201613421,21,64,43,-1,42.6,-1
2023-08-25 03:15:00,2023-08-25 08:15:00,SHORT,26063.97,26108.8,-0.78,0,STOP_LOSS,1.0021780739905146,1.0022439347649963,1.0031344086541696,1.0053320636531622,40.41768124599875,3.899582619365132,27.875115658938462,-0.11757513282284836,24.690316835840918,1.0312824520970938,1.295118378585005,0.5,2.0162937207833513,0.0,0.0,0.0,0.0,0.0,0.0,1.0,0.0,1.0,0.0,0.0,-0.11130965289610886,20,64,44,-1,45.1,-1
2023-08-25 14:15:00,2023-08-25 15:15:00,SHORT,26069.97,26000.75,1.21,1,STOP_LOSS,1.0014662889628885,1.0012979852470636,1.001176790178144,1.0034487388662086,45.24937181038791,12.355504894937459,34.126122451629776,-0.07116159453077528,20.499755349053896,1.9406671244571,0.9977605061909948,0.5,7.149083637915701,0.0,0.0,0.0,0.0,1.0,0.0,0.0,1.0,0.0,0.0,0.0,-0.158646153307737,38,59,21,-1,41.8,-1
2023-08-25 16:30:00,2023-08-25 21:45:00,SHORT,25925.76,26079.99,-2.71,0,STOP_LOSS,1.0020570653985927,1.0035597541523842,1.005016124537714,1.008336187049424,41.536215804081586,47.183007714664555,44.424319567068984,-0.10426781612726128,12.748128736233705,1.8217313106585038,2.0354220635586224,0.5,1.3667622464365505,0.0,0.0,0.0,0.0,0.0,0.0,0.0,0.0,0.0,0.0,0.0,-0.12777378150251392,16,64,48,-1,43.1,-1
2023-08-28 00:15:00,2023-08-28 07:45:00,SHORT,26050.01,25932.02,2.06,1,STOP_LOSS,1.0013435730299167,1.001655263397198,1.0017033755362001,1.0010093499610848,38.84747666623228,58.14857957895777,73.73458196874012,-0.0678045136278752,13.934244037956011,1.6712091830103961,2.4374593873482184,0.5,1.309239750502843,0.0,0.0,0.0,0.0,0.0,0.0,0.0,1.0,0.0,0.0,1.0,0.09321959953040306,43,64,21,-1,44.4,-1
2023-08-28 08:45:00,2023-08-28 11:45:00,SHORT,25965.1,25997.77,-0.57,0,STOP_LOSS,0.9993699508237748,1.0001126010771633,1.00170716070984,1.0033437764919133,46.689394545672975,90.04107920475907,78.37339098252998,0.15312390810228674,43.79380830788073,0.3834849641833061,0.6750425183471739,0.5,1.306351828348824,0.0,0.0,0.0,0.0,0.0,0.0,0.0,0.0,1.0,0.0,0.0,0.07745484695252959,23,64,41,-1,44.5,-1
2023-08-28 19:15:00,2023-08-28 23:15:00,SHORT,25977.97,26129.96,-2.66,0,STOP_LOSS,1.0049221966856374,1.005191648119113,1.0040934274650573,1.0032634062572838,33.90469659739577,21.4492469835747,20.73239400597422,-0.33473886330126507,31.836636541309982,0.5426141857098892,1.316282634866622,0.5,6.232861338763847,0.0,0.0,0.0,0.0,0.0,0.0,0.0,0.0,0.0,0.0,0.0,0.024290331409838127,30,64,34,-1,45.2,-1
2023-08-29 06:00:00,2023-08-29 11:00:00,SHORT,26040.96,26024.01,0.3,1,STOP_LOSS,1.0009788722853308,1.0013427123683434,1.0013438596179167,1.0009094340066698,38.983529101891136,27.367721389812168,33.31772520928928,-0.1861077314352959,15.13922811409223,1.2537316380142258,1.9015846522196684,0.5,1.3672606182698828,0.0,0.0,0.0,0.0,0.0,0.0,0.0,0.0,0.0,0.0,0.0,-0.02250741866404824,22,63,41,-1,45.9,-1
2023-08-29 13:30:00,2023-08-29 14:45:00,LONG,26069.95,27494.97,24.79,1,TAKE_PROFIT,0.9981157633605703,0.9977509732967926,0.9982615779170455,0.9991650246364848,61.1816455461008,79.80146761370943,83.16788967809119,0.2773992669756696,32.5219459358389,1.3779512167211678,0.4542158778731777,0.5,1.5957479074296752,0.0,0.0,0.0,0.0,0.0,0.0,0.0,0.0,0.0,0.0,0.0,-0.04878167553813543,61,34,27,0,78.8,1
2023-08-29 16:15:00,2023-08-30 02:00:00,LONG,27911.97,27443.97,-7.75,0,STOP_LOSS,0.9804781417524798,0.9632293466415506,0.9484515383094663,0.9376811165085142,88.85669629523638,81.5325888381144,80.80718272199361,0.5706452164553032,60.79834715040243,0.8611181418627696,0.06618409974752985,0.5,2.537448306547442,0.0,0.0,0.0,0.0,0.0,0.0,0.0,1.0,0.0,0.0,0.0,0.5064338862915165,61,35,26,0,82.2,1
2023-08-30 08:30:00,2023-08-30 09:15:00,LONG,27493.97,27346.06,-2.47,0,STOP_LOSS,0.9983294374746474,0.9985446219344997,0.9978190261859272,0.9765523027036762,54.5379933093574,76.25412463688559,73.35533618944476,0.21172141702046665,32.06268525466699,0.7104258377455435,0.8949172329583275,0.5,2.5040449854522002,0.0,0.0,0.0,0.0,0.0,0.0,0.0,0.0,0.0,0.0,0.0,0.4343246707476533,62,33,29,0,66.6,1
2023-08-30 23:15:00,2023-08-31 11:45:00,LONG,27304.0,27306.9,0.05,1,STOP_LOSS,0.998663959131119,0.9982518353488568,0.9989626321359111,0.9903337070473857,56.20703889119323,70.22621539766597,57.97946212564311,0.11103123984096372,20.343554596532606,1.2208186515653943,0.9792963170978624,0.5,1.3046352315979501,0.0,0.0,0.0,0.0,0.0,0.0,0.0,0.0,1.0,0.0,0.0,0.029495088930789833,60,39,21,0,64.1,1
2023-08-31 21:00:00,2023-09-01 20:15:00,SHORT,25871.96,25738.0,2.38,1,STOP_LOSS,1.0092484119667593,1.0172551552762013,1.0301845068138682,1.0421116284678926,22.028525870504538,40.188512632180014,63.52353818575353,-0.0426997575775056,68.5352413987839,0.04419052063607981,0.7495511643865034,0.5,2.978215788053548,0.0,0.0,0.0,0.0,0.0,0.0,1.0,0.0,0.0,0.0,0.0,0.08508715027243344,24,62,38,-1,34.9,-1
2023-09-04 00:45:00,2023-09-04 02:45:00,SHORT,25912.02,25982.01,-1.24,0,STOP_LOSS,1.001288700747515,1.0015678959730006,1.00106591322786,1.0013747501599244,41.30615274321358,4.278054125381674,5.8162692783758,-0.23691407143847948,23.94240288149292,1.0721777780149973,1.0374392702836606,0.5,1.367380719248091,0.0,0.0,0.0,0.0,0.0,0.0,0.0,0.0,0.0,0.0,0.0,-0.26354431454512556,36,62,26,-1,45.3,-1
2023-09-04 09:30:00,2023-09-04 15:15:00,SHORT,25934.0,25822.0,1.98,1,STOP_LOSS,1.0013612168301798,1.0014868355152162,1.0011623156711007,1.0007776709416236,40.48028288687158,15.973586272626974,40.11781172315906,-0.16565663405307235,16.57520814030671,1.1825468615468795,1.599923439442116,0.5,1.5296689389209308,0.0,0.0,0.0,0.0,0.0,0.0,1.0,0.0,0.0,0.0,0.0,-0.24010400525588227,34,64,30,-1,41.7,-1
2023-09-04 20:30:00,2023-09-04 22:45:00,SHORT,25846.01,25777.03,1.23,1,STOP_LOSS,1.0012773429221014,1.00136195578466,1.0018574251623364,1.0031788098339742,43.58843985230169,27.242009466607254,43.31164267584597,-0.036938040107853023,20.077768154234477,1.0834795502448291,1.353278457136079,0.5,2.1046066664472414,0.0,0.0,0.0,1.0,0.0,0.0,0.0,0.0,1.0,0.0,0.0,-0.20269087533758468,33,64,31,-1,40.8,-1
2023-09-05 00:00:00,2023-09-05 05:00:00,SHORT,25809.99,25753.97,1.0,1,STOP_LOSS,0.9994587341653949,0.9999124224225439,1.001311978537457,1.003803246279303,48.875504935654384,96.93153323472936,87.63592294882592,0.13900321701907556,22.13318597433845,0.9495753474795323,0.9035420569263068,0.5,1.2399042678680432,0.0,0.0,0.0,0.0,0.0,0.0,0.0,0.0,1.0,0.0,0.0,-0.1295967302115435,26,64,38,-1,36.4,-1
2023-09-05 08:45:00,2023-09-05 12:45:00,SHORT,25707.97,25824.55,-2.09,0,STOP_LOSS,0.9999456580928022,1.0001859239306745,1.0014247808367116,1.0055704183521978,48.31977211769994,27.943337483757713,46.65517479371478,0.03477611192627075,12.810399172134481,2.068968008927983,2.119951632068864,0.5,1.9590614612243642,0.0,0.0,0.0,0.0,0.0,0.0,0.0,0.0,1.0,0.0,0.0,-0.0753304898906538,19,64,45,-1,41.3,-1
2023-09-05 14:15:00,2023-09-05 15:00:00,SHORT,25697.99,25821.22,-2.21,0,STOP_LOSS,1.0017901801287874,1.0019584056944455,1.0020612441411747,1.0052287262531705,41.8553258570854,1.5729848325626339,12.583308847830788,-0.1786363661459373,14.859577339399609,1.2123035702146323,1.696645467312378,0.5,1.2738960100566685,0.0,0.0,0.0,0.0,0.0,0.0,1.0,0.0,1.0,0.0,0.0,-0.026761275516044788,23,64,41,-1,40.4,-1
2023-09-05 18:00:00,2023-09-06 01:00:00,SHORT,25730.0,25818.81,-1.58,0,STOP_LOSS,1.0008983455232765,1.0009545866068235,1.0009133567473583,1.003565621326513,47.26585789250757,40.022428250569234,46.31854064737997,-0.06114199554488981,15.740281959131636,1.317503975875273,1.2083948559837572,0.5,0.36534776530567664,0.0,0.0,0.0,0.0,0.0,0.0,0.0,0.0,0.0,0.0,0.0,-0.24315234973544234,20,61,41,-1,37.6,-1
2023-09-06 12:45:00,2023-09-06 13:30:00,SHORT,25715.97,25757.39,-0.74,0,STOP_LOSS,1.0006641255797715,1.0010144230601294,1.0014275529693053,1.0028124750038463,40.95092419743608,19.40572928386081,28.301835537830918,-0.08196823194330471,10.035575532859463,2.0148166068555877,3.03575995982277,0.5,2.3043148302467826,0.0,0.0,0.0,1.0,0.0,0.0,0.0,0.0,0.0,0.0,0.0,-0.338738027027779,39,63,24,-1,35.7,-1
2023-09-06 17:00:00,2023-09-06 17:30:00,SHORT,25525.98,25675.71,-2.69,0,STOP_LOSS,1.0023857673041587,1.0041285047518098,1.0062469640144058,1.0092688485486454,33.346160570210465,40.324060262251194,39.72999042087692,-0.10599227730204852,24.7447646227143,0.48075143601968134,1.6686790203298052,0.5,7.440093064308371,0.0,0.0,0.0,1.0,0.0,0.0,0.0,0.0,1.0,0.0,0.0,-0.01730136837207753,35,64,29,-1,41.4,-1
2023-09-07 07:15:00,2023-09-07 13:30:00,SHORT,25752.89,25725.97,0.48,1,STOP_LOSS,1.000901956272232,1.0010082742429094,1.0002992588998127,1.0002668216862083,44.0338699967678,0.0,3.829153733200018,-0.29414156060062163,17.168268028487756,1.2866630369587468,1.18517005166928,0.5,1.3096798779465268,0.0,0.0,0.0,0.0,0.0,0.0,1.0,0.0,0.0,0.0,0.0,-0.04611754399123102,32,61,29,-1,46.2,-1
2023-09-07 20:30:00,2023-09-07 23:00:00,LONG,25954.0,26240.01,5.04,1,STOP_LOSS,0.9980889111405857,0.9966319648607508,0.9946745202411588,0.9930480785635505,65.8552353890724,63.4324918384467,46.9717832976432,0.05718404227868802,43.35440087595889,0.725757273754665,0.26882904132502405,0.5,1.521823767278288,0.0,0.0,0.0,0.0,0.0,1.0,0.0,0.0,0.0,0.0,0.0,-0.24175335449401178,61,33,28,0,65.2,1
2023-09-08 05:45:00,2023-09-08 09:15:00,LONG,26237.14,26125.97,-1.95,0,STOP_LOSS,1.0022031569970749,1.00140869621299,0.9974849063306525,0.98815125168959,47.96952492631788,44.6543944105445,68.23498767022787,-0.16337469985032133,40.759396887597106,0.6580128502055641,0.47081949723709393,0.5,1.9409884549787937,0.0,0.0,0.0,0.0,0.0,0.0,0.0,1.0,0.0,0.0,0.0,0.01733154561792351,62,40,22,0,65.2,1
2023-09-08 19:30:00,2023-09-09 07:00:00,SHORT,25886.65,25888.01,-0.02,0,SENAL_ALCISTA,0.9979534258121658,0.9983077420990544,1.000946980333349,1.0015403252034427,54.428272718305514,95.56277581205646,88.31908215614706,0.2636220416142558,39.72236563450956,0.4507425538444561,0.6573183218777235,0.5,1.5272800902025256,0.0,0.0,0.0,0.0,0.0,1.0,0.0,0.0,1.0,0.0,0.0,0.029948051272821217,40,62,22,0,49.5,-1
2023-09-11 00:30:00,2023-09-11 05:30:00,SHORT,25703.97,25841.98,-2.46,0,STOP_LOSS,1.0044350911260853,1.0047247115699836,1.004394059642914,1.005521804216982,34.31104277455017,13.649988763147194,19.13949096124997,-0.283299721847883,22.405545530739996,1.0305410729903945,1.532931804261704,0.5,1.4879075174979786,0.0,0.0,0.0,0.0,0.0,0.0,0.0,0.0,0.0,0.0,0.0,0.06865255452773383,39,64,25,-1,41.9,-1
2023-09-11 09:15:00,2023-09-11 12:45:00,SHORT,25676.0,25715.85,-0.71,0,STOP_LOSS,1.0040092892982424,1.0044713604267825,1.004520692204721,1.0058169311924128,33.096198114016104,21.379472113329314,23.10435538708289,-0.28334060088086926,16.583149762955827,1.194196912485604,2.3183453631155944,0.5,6.023140456541454,0.0,0.0,0.0,0.0,0.0,0.0,0.0,1.0,0.0,0.0,1.0,0.0857905065074354,34,64,30,-1,37.1,-1
2023-09-11 14:00:00,2023-09-12 00:45:00,SHORT,25372.34,25204.56,3.03,1,STOP_LOSS,1.0091988006825203,1.0113209774409824,1.0134938987434077,1.0166817960939756,24.12111424947117,33.26459170037652,55.82561983037924,-0.1968220310540322,26.923988151073292,0.5569723366960138,1.915796522070837,0.5,8.015094714115119,0.0,0.0,0.0,0.0,0.0,0.0,1.0,0.0,1.0,0.0,0.0,0.12633131415607446,23,64,41,-1,24.3,-1
2023-09-12 20:30:00,2023-09-12 23:00:00,LONG,26106.0,25855.97,-4.39,0,STOP_LOSS,0.998817117310803,0.9987787114573896,0.9962599247206451,0.9873751885701472,53.339347233869674,94.13707760751612,80.76756634410421,0.046404139519161294,30.761420913154932,1.1175768456562563,0.6066180071440911,0.5,0.11170481754699653,0.0,0.0,0.0,0.0,0.0,1.0,0.0,1.0,0.0,0.0,0.0,-0.007352830814535867,59,29,30,0,51.1,1
2023-09-13 06:45:00,2023-09-13 10:15:00,LONG,25956.01,26100.0,2.54,1,STOP_LOSS,0.9985667517419593,0.9985554705316445,0.9993781564633766,0.9951207080162814,55.904332491210894,99.99999999999999,84.24031466442767,0.2029511023234735,17.19514692460339,1.729908953082768,1.2749146095311226,0.5,2.2884063196760644,0.0,0.0,0.0,0.0,0.0,1.0,0.0,0.0,0.0,0.0,0.0,-0.14531725600138495,58,36,22,0,52.1,1
2023-09-13 17:30:00,2023-09-14 01:00:00,LONG,26146.98,26353.97,3.62,1,STOP_LOSS,1.0037486683959993,1.0028700434947369,0.9998638168543709,0.9921899329610816,45.822654837727725,18.986535201088387,32.61243849507453,-0.1465179152243575,36.49217582573606,0.6236814926802107,0.4958441442614743,0.5,2.4295131763171995,0.0,0.0,0.0,0.0,0.0,0.0,0.0,1.0,0.0,0.0,0.0,-0.11319590816602318,58,42,16,0,57.4,1
2023-09-14 07:00:00,2023-09-14 12:15:00,LONG,26273.98,26407.66,2.34,1,STOP_LOSS,0.9991128272943931,0.9988539923031693,0.9982216868885223,0.9919415667764342,54.34952442793384,92.59473657426706,92.35623920139042,0.11378851031219757,15.77096449473342,1.9039150863794292,1.2313792307588804,0.5,1.186440853496408,0.0,0.0,0.0,0.0,0.0,0.0,0.0,1.0,0.0,0.0,0.0,-0.1353186763326517,62,30,32,0,62.1,1
2023-09-14 13:15:00,2023-09-14 21:30:00,LONG,26661.96,26554.0,-1.86,0,STOP_LOSS,0.993019602403442,0.9902713088469958,0.9875160583712592,0.9800815562091709,75.66046239459543,77.00980582830475,60.784155582574535,0.3040180094173285,37.75430350429684,1.308012955208358,0.22982840710841523,0.5,5.559753125322851,0.0,0.0,0.0,0.0,0.0,1.0,0.0,1.0,0.0,0.0,0.0,-0.13524474198142275,62,34,28,0,69.3,1
2023-09-15 03:45:00,2023-09-15 11:15:00,LONG,26615.97,26521.98,-1.62,0,STOP_LOSS,0.9986817644361472,0.9982356429098818,0.9976841906386217,0.9894155547091106,57.53887123243085,84.59244753787937,85.24682975662935,0.2316353478400531,17.923471471388208,1.5453170015847673,1.0101938048588748,0.5,1.4588267540806368,0.0,0.0,0.0,0.0,0.0,0.0,0.0,1.0,0.0,0.0,0.0,-0.06849641544420924,62,34,28,0,64.6,1
2023-09-15 22:30:00,2023-09-15 23:45:00,LONG,26714.0,26602.75,-1.91,0,STOP_LOSS,0.9923221146048852,0.9902306017179066,0.9899021670352179,0.9883280716805409,77.44905343225463,100.0,93.94326737197164,0.44409568246861814,25.97549988896101,2.0249710747384313,0.30986207825783624,0.5,7.149271969303298,0.0,0.0,0.0,0.0,0.0,1.0,0.0,0.0,0.0,0.0,0.0,-0.07787067006086629,62,42,20,0,61.2,1
2023-09-18 02:15:00,2023-09-18 12:45:00,LONG,26651.97,27382.02,12.55,1,TAKE_PROFIT,0.9949483945621663,0.9943496781459252,0.9945274667373787,0.9947595894601182,70.65894719625723,61.77342527524514,46.13116353611035,0.2282720360665188,30.75327724473737,1.3319075081915013,0.6675494145018603,0.5,5.692433327972406,0.0,0.0,0.0,0.0,0.0,0.0,0.0,0.0,0.0,0.0,0.0,-0.10160562879879029,62,43,19,0,61.6,1
2023-09-19 06:45:00,2023-09-19 09:30:00,LONG,26832.49,27326.0,8.51,1,TAKE_PROFIT,0.9993950810901597,0.9991450008345945,0.9996949583660011,0.9970451091580911,54.219418630938236,40.62018386028842,19.943288366387797,0.026782388453179873,16.08232702731598,1.4415190515315226,1.3399658002124664,0.5,0.6018941576181244,0.0,0.0,0.0,0.0,0.0,0.0,0.0,0.0,0.0,0.0,0.0,0.15360833286600437,62,17,45,0,57.7,1
2023-09-19 09:30:00,2023-09-19 10:15:00,LONG,27326.0,27108.31,-3.71,0,STOP_LOSS,0.9912829651769448,0.9868260121925864,0.984215292454548,0.980004750519577,87.99215703271993,99.99999999999999,99.99999999999999,0.7023850867065132,35.49238154533092,1.6940237859349836,0.13540664473070507,0.5,5.282989023642415,0.0,0.0,0.0,0.0,1.0,1.0,0.0,1.0,0.0,0.0,0.0,0.24097246296268204,62,40,22,0,66.9,1
2023-09-19 12:30:00,2023-09-19 13:45:00,LONG,27115.74,26975.42,-2.4,0,STOP_LOSS,1.0023353988301074,0.9999911375844086,0.9959388508548923,0.9892989579661693,52.18630609700866,13.898798672960442,17.24581551597626,-0.0982550030782352,36.66753177675105,0.785911343515134,0.5062534322549412,0.5,1.302244878899042,0.0,0.0,0.0,0.0,0.0,0.0,0.0,1.0,0.0,0.0,0.0,0.12356472006895365,62,36,26,0,70.1,1
2023-09-19 15:15:00,2023-09-19 17:00:00,LONG,27327.95,27205.45,-2.08,0,STOP_LOSS,0.994932399758477,0.9934893187851548,0.9902228827682117,0.9828785798177484,63.16700695639032,70.501273773711,58.50734462937057,0.026577978563111372,24.076844303928283,1.2142235466933593,0.7602430339727555,0.5,1.393482580324108,0.0,0.0,0.0,0.0,0.0,1.0,0.0,1.0,0.0,0.0,0.0,0.04884683246928419,62,23,39,0,70.1,1
2023-09-19 23:30:00,2023-09-20 02:45:00,LONG,27211.79,27167.97,-0.74,0,STOP_LOSS,0.9989546363624769,0.9986202350076808,0.9977566854380883,0.9905257386031653,54.38493965085105,98.05270208176722,98.81519732464672,0.13752570306913395,19.10523848220763,1.0292616540526232,1.279209445348706,0.5,0.7737134746909512,0.0,0.0,0.0,1.0,0.0,0.0,0.0,1.0,0.0,0.0,0.0,-0.07507748393850439,62,27,35,0,62.2,1
2023-09-20 08:45:00,2023-09-20 09:30:00,LONG,27187.97,27080.22,-1.83,0,SENAL_BAJISTA,0.9978329212862864,0.9975435290460185,0.9980870136750165,0.9935675333452396,58.743446952589174,99.99999999999999,96.37510767909995,0.3116955862078645,20.75019915363996,1.0440628239183265,0.9138102564143976,0.5,1.4230069833545846,0.0,0.0,0.0,0.0,0.0,1.0,0.0,0.0,0.0,0.0,0.0,-0.06808317568041938,62,39,23,0,58.5,1
2023-09-20 13:45:00,2023-09-20 19:00:00,LONG,27159.97,27103.96,-0.95,0,STOP_LOSS,0.9976210918084734,0.9974756087611998,0.9980324646797959,0.995043471913611,57.83622776516071,82.29770510434774,78.16433185335836,0.11672345468401708,28.295437831729966,0.8026169010090799,0.9124826522036134,0.5,2.0015720555417262,0.0,0.0,0.0,0.0,0.0,0.0,0.0,0.0,0.0,0.0,0.0,-0.10171883654307412,58,36,22,0,60.7,1
2023-09-21 12:30:00,2023-09-21 15:00:00,SHORT,26645.44,26593.97,0.89,1,STOP_LOSS,1.0027564812322998,1.005689155118124,1.009760477711709,1.0134830136702762,29.385721634544804,63.95905372161573,66.33170419664717,-0.0875790797984786,47.368699226843205,0.19403401137733256,0.8081269869083406,0.5,2.9219812343177156,0.0,0.0,0.0,0.0,0.0,0.0,1.0,0.0,1.0,0.0,0.0,-0.04371994663196691,24,62,38,-1,41.2,-1
2023-09-21 20:15:00,2023-09-22 03:00:00,SHORT,26540.0,26615.97,-1.32,0,SENAL_ALCISTA,1.0017796713554388,1.0024213945535196,1.0053031135538852,1.0132841164078066,37.94215367442826,17.943351018200147,26.166042462364192,-0.014590019915352342,21.19218319849473,0.7650138927578648,1.4029627629820105,0.5,1.9409730207540843,0.0,0.0,0.0,0.0,0.0,0.0,0.0,0.0,1.0,0.0,0.0,-0.05218919500152711,26,62,36,-1,41.0,-1
2023-09-22 21:00:00,2023-09-23 00:00:00,SHORT,26507.97,26606.0,-1.71,0,STOP_LOSS,1.001397599455025,1.0023309082523135,1.0033269937260851,1.0077718105023687,36.285432400085426,9.478160153968032,15.962170913598353,-0.13962560206744348,18.097052843408598,0.7383628313102742,1.5852053466545646,0.5,1.3956352855807737,0.0,0.0,0.0,0.0,0.0,0.0,0.0,0.0,0.0,0.0,0.0,-0.12035769286655951,29,63,34,-1,42.5,-1
2023-09-25 00:00:00,2023-09-25 01:00:00,SHORT,26191.85,26318.0,-2.22,0,STOP_LOSS,1.005483561544604,1.0086679565462713,1.0114468517390507,1.0144651670621252,24.220297645328632,8.007649167935686,10.975808643172115,-0.4086722108406975,47.85434267147332,0.14013433165065756,1.0435697428769666,0.5,2.4910335911637884,0.0,0.0,0.0,0.0,0.0,0.0,0.0,0.0,0.0,0.0,0.0,-0.030957880075639894,27,62,35,-1,27.0,-1
2023-09-25 07:45:00,2023-09-25 15:00:00,SHORT,26188.01,26169.22,0.33,1,STOP_LOSS,0.9985019188690835,0.9990712444454038,1.0025613637590747,1.0104977865238896,50.88196854873621,92.94417846113757,86.0257643571531,0.30197702697427664,39.204295586822006,0.46726520894244494,0.7140931245625388,0.5,1.4297737291357144,0.0,0.0,0.0,0.0,0.0,0.0,0.0,0.0,1.0,0.0,0.0,0.009155502675909687,29,62,33,-1,29.3,-1
2023-09-25 23:30:00,2023-09-26 02:15:00,SHORT,26275.98,26314.39,-0.67,0,SENAL_ALCISTA,1.000514560973596,1.0006167379590212,0.999692848511487,1.0030285231592753,47.90436671912156,14.334564110901397,13.913253744240295,-0.19332078771487632,18.233429361050757,1.3987639612635536,1.192537656005798,0.5,0.1586452955846841,0.0,0.0,0.0,0.0,0.0,0.0,0.0,1.0,0.0,0.0,0.0,0.02179281495134353,34,60,26,-1,41.1,-1
2023-09-26 06:30:00,2023-09-26 09:30:00,SHORT,26287.97,26298.01,-0.18,0,STOP_LOSS,1.0011123561019373,1.001288114856197,1.0006284524730147,1.0022336140974304,41.495191997989004,0.0,0.0,-0.32712426341089157,13.940545730062183,1.3785014329129395,2.267996599448562,0.5,2.864048133120052,0.0,0.0,0.0,0.0,0.0,0.0,1.0,1.0,0.0,0.0,0.0,-0.11103870749718195,40,60,20,-1,40.7,-1
2023-09-26 11:00:00,2023-09-26 11:45:00,SHORT,26199.32,26275.96,-1.34,0,STOP_LOSS,1.0018610283730294,1.0026189490964768,1.0031519059737748,1.0050973998883497,33.77442662915164,34.62130281015236,42.443141359623425,-0.1432771456692977,20.804610367327328,0.8444330132567688,1.633893882506341,0.5,2.847646567587609,0.0,0.0,0.0,0.0,0.0,0.0,0.0,0.0,0.0,0.0,1.0,-0.12210210457603721,31,62,31,-1,40.8,-1
2023-09-26 13:30:00,2023-09-26 16:15:00,SHORT,26245.34,26233.45,0.21,1,STOP_LOSS,0.9994428276730568,1.0000435235997949,1.0008063900680901,1.0029852522262228,48.49913656669695,42.62503969188522,35.138750178255755,-0.027511185398401142,15.476593912626507,1.4796219364221248,1.5232153364204961,0.5,3.1812078739732694,0.0,0.0,0.0,0.0,0.0,0.0,0.0,0.0,0.0,0.0,0.0,-0.10197725016935805,20,62,42,-1,35.1,-1
2023-09-26 21:15:00,2023-09-27 01:45:00,SHORT,26148.38,26260.12,-1.96,0,STOP_LOSS,1.001702560465792,1.0019165563019716,1.0025284620341504,1.0053502933816658,41.63880163512682,5.558222005352956,27.060824962788338,-0.06863817531420405,16.918047165870387,1.1566370114917466,1.7713184311427266,0.5,1.218682033905972,0.0,0.0,0.0,1.0,0.0,0.0,0.0,0.0,1.0,0.0,0.0,-0.07741386653073695,26,62,36,-1,41.0,-1
2023-09-28 04:00:00,2023-09-28 05:00:00,SHORT,26351.41,26428.18,-1.34,0,SENAL_ALCISTA,1.001123492945938,1.0011417919098535,1.0004803251077405,0.999115115385477,46.34708849202417,10.143141476915561,9.813824422891518,-0.206748863722883,23.850825046842395,1.0549550844800415,0.698984659069391,0.5,0.29362435754728805,0.0,0.0,0.0,0.0,0.0,0.0,0.0,0.0,1.0,0.0,0.0,0.2413606277148113,36,62,26,-1,52.5,-1
2023-09-28 10:30:00,2023-09-28 16:45:00,LONG,26561.98,27056.38,8.53,1,STOP_LOSS,0.9960039298145941,0.9954463174016083,0.994503147966184,0.9921901619102479,68.79400215807517,66.38046362717112,50.45132274378004,0.11489713164013676,23.51206403870834,1.7652860392325984,0.4850458032614864,0.5,7.1124657498363755,0.0,0.0,0.0,0.0,0.0,1.0,0.0,0.0,0.0,0.0,0.0,0.21885846342797952,62,24,38,0,53.0,1
2023-09-28 18:45:00,2023-09-29 12:00:00,LONG,26962.42,26924.33,-0.65,0,STOP_LOSS,1.0039234864212987,1.0002186837560243,0.9927568851670896,0.9823755530749336,52.87765030189273,0.0,6.6344682112113915,-0.19506130777440375,54.81289424611597,0.4596031685815398,0.4244346786796625,0.5,1.5236975346987405,0.0,0.0,0.0,0.0,0.0,0.0,1.0,1.0,0.0,0.0,0.0,-0.07563795692904438,62,32,30,0,68.1,1
2023-10-02 07:30:00,2023-10-02 14:00:00,LONG,28313.96,28262.01,-0.85,0,STOP_LOSS,0.9935881086336478,0.9906399119393151,0.9831273784509891,0.9657444932410636,76.91846895033842,81.31519790869775,61.02019355545299,0.05212041132034737,49.4489030050534,0.9645645853222528,0.2107765695299607,0.5,3.618971043426859,0.0,0.0,0.0,0.0,0.0,1.0,0.0,0.0,0.0,0.0,0.0,0.13463295865897712,62,31,31,0,82.1,1
2023-10-03 06:30:00,2023-10-03 07:45:00,LONG,27620.01,27544.0,-1.27,0,SENAL_BAJISTA,0.9992486672751932,0.9990530987315168,1.0018104739606672,1.0006599400723324,52.10980888765544,73.40994631663084,59.15099882138247,0.19289804667851762,16.07695205440509,1.3560705511331343,1.1310857333843074,0.5,0.6017490261390798,0.0,0.0,0.0,0.0,0.0,1.0,0.0,0.0,1.0,0.0,0.0,-0.06430741984659351,61,44,17,0,54.5,1
2023-10-03 08:30:00,2023-10-03 09:15:00,LONG,27634.0,27550.93,-1.38,0,SENAL_BAJISTA,0.9988826313043171,0.9986861195154486,1.0006131064017922,1.000047462752448,54.31290827168247,84.03257637712902,51.42093851278827,0.10822781527084492,13.250015397614124,1.7838590608693903,1.532526229580469,0.5,0.9725132106397889,0.0,0.0,0.0,0.0,0.0,1.0,0.0,0.0,1.0,0.0,0.0,-0.09271181591087901,59,37,22,0,55.0,1
2023-10-04 07:15:00,2023-10-04 10:15:00,LONG,27417.11,27539.64,2.05,1,STOP_LOSS,0.9996351647184025,0.9993951098266367,0.9995357540484662,1.0030878265278427,53.01054570042454,90.5850008174344,74.61553555340805,0.04582290441448226,14.005265064864227,1.616316594303676,1.509009602887758,0.5,1.3705713078808446,0.0,0.0,0.0,0.0,0.0,0.0,0.0,0.0,1.0,0.0,0.0,-0.027432197847697553,59,38,21,0,52.1,1
2023-10-04 16:45:00,2023-10-04 19:15:00,LONG,27524.74,27761.9,3.97,1,STOP_LOSS,0.9981082556441971,0.9982830784725866,0.9982411146851983,0.9992263509403773,54.88371421885462,88.87950584987361,70.08218074382745,0.10773396362758812,26.6510753398185,1.015027250543335,0.6195608146301901,0.5,1.205442595790601,0.0,0.0,0.0,0.0,1.0,0.0,0.0,1.0,0.0,0.0,0.0,-0.03877383499900378,62,36,26,0,55.9,1
2023-10-05 11:30:00,2023-10-05 14:30:00,LONG,27764.03,27969.98,3.42,1,STOP_LOSS,0.9980956238319117,0.9972094708091532,0.9966536865462844,0.994003919395847,66.24508873576256,86.28114709684215,88.23040878023453,0.3547865313887875,22.717036747915238,1.613103589534322,0.6446026079830657,0.5,1.5993928283751593,0.0,0.0,0.0,0.0,0.0,0.0,0.0,1.0,0.0,1.0,0.0,0.03671465103880585,62,34,28,0,57.3,1
2023-10-06 01:30:00,2023-10-06 05:30:00,LONG,27523.98,27497.47,-0.45,0,SENAL_BAJISTA,0.9981818561693088,0.9980824322168772,0.9999245513156234,1.0019680903961234,56.5702456969148,99.99999999999999,99.4146671773339,0.31271951436561807,24.139483640677575,1.019272585260191,0.7975985227203436,0.5,1.319515109251651,0.0,0.0,0.0,0.0,0.0,1.0,0.0,0.0,0.0,0.0,0.0,0.17601046727507513,59,39,20,0,52.3,1
2023-10-06 07:30:00,2023-10-06 10:30:00,LONG,27599.12,27739.34,2.35,1,STOP_LOSS,0.9973691942965761,0.997049388422131,0.997281875678326,0.9988519752308451,65.28637842367617,80.79347805774387,51.82398695736477,0.12910158067223584,16.212712642953385,1.7590917554789325,0.7984950417957979,0.5,3.7594992688521005,0.0,0.0,0.0,0.0,0.0,1.0,0.0,0.0,0.0,1.0,0.0,0.19336700116833044,62,28,34,0,54.5,1
2023-10-06 15:15:00,2023-10-07 19:45:00,LONG,27828.02,27862.0,0.57,1,STOP_LOSS,0.993829793795941,0.9925390154235527,0.9916902561873104,0.9912407004229432,64.16324156763037,85.17335895139891,76.77591533976684,0.23034016646456004,24.112068759665007,1.3794754037351897,0.8179254704460414,0.5,1.29939738509543,0.0,0.0,0.0,0.0,0.0,1.0,0.0,0.0,0.0,1.0,0.0,0.16717948536463506,62,28,34,0,62.1,1
2023-10-09 08:30:00,2023-10-09 12:15:00,SHORT,27790.61,27523.15,4.46,1,STOP_LOSS,1.0017165648588566,1.002763329889672,1.0034268866556322,1.0033336596109745,32.20389282898959,10.211524670963856,9.213554671222877,-0.2856935482568615,24.784650750666632,0.3837029852590505,1.6271496613919232,0.5,6.0005948708628845,0.0,0.0,0.0,0.0,0.0,0.0,0.0,0.0,0.0,0.0,0.0,-0.07651560529889377,34,62,28,0,38.0,-1
2023-10-09 16:30:00,2023-10-09 17:45:00,SHORT,27326.0,27594.0,-4.56,0,STOP_LOSS,1.0041433681402232,1.0060349551117647,1.0101871841645649,1.016681690341569,28.377139640176217,30.72981185702048,47.811800289808076,-0.031734824627627084,42.591186695649945,0.19195166733832933,0.671036049207309,0.5,4.098354100706569,0.0,0.0,0.0,0.0,0.0,0.0,0.0,0.0,1.0,0.0,0.0,0.05128295801788445,42,62,20,0,45.2,-1
2023-10-10 00:45:00,2023-10-10 02:45:00,SHORT,27553.98,27678.76,-2.1,0,STOP_LOSS,1.0011031894376314,1.0011032705427294,1.0013449950759576,1.0062314041207494,45.76804927268366,22.750939606411418,26.094652710343077,-0.11768287333492924,19.52845500953767,1.1179307953162352,0.9589802031006555,0.5,1.7158475745546997,0.0,0.0,0.0,0.0,0.0,0.0,0.0,0.0,1.0,0.0,0.0,0.07301257707571523,23,62,39,0,46.2,-1
2023-10-10 11:00:00,2023-10-10 14:00:00,SHORT,27603.97,27549.98,0.91,1,STOP_LOSS,1.001314618925078,1.0014915496463497,1.0010069137372988,1.0033090790339079,40.05186957687633,0.0,5.38664226833171,-0.2717943935216545,22.95825981569735,0.7694978186714357,1.1452498791263293,0.5,2.1317117224044835,0.0,0.0,0.0,1.0,0.0,0.0,1.0,0.0,0.0,0.0,0.0,-0.039539383017853064,38,62,24,0,41.6,-1
2023-10-10 15:15:00,2023-10-11 03:15:00,SHORT,27403.98,27119.8,4.8,1,STOP_LOSS,1.001894880937497,1.003511989940032,1.0054279530517003,1.0093793856208997,38.724589326306706,59.290270819906,71.36847654717165,-0.050643574093628387,30.409356200005675,0.589436074020769,0.8714041452645576,0.5,1.3319646508309522,0.0,0.0,0.0,0.0,0.0,0.0,0.0,0.0,0.0,0.0,0.0,0.095401273942115,23,62,39,0,38.2,-1
2023-10-11 08:30:00,2023-10-11 09:45:00,SHORT,27112.01,27285.0,-2.97,0,STOP_LOSS,0.9985028773348641,0.9998969614155597,1.0037721372672672,1.0130231203655684,47.452457651481126,81.05521716431932,59.585051791118744,0.1997345156698035,54.345157197967204,0.22190424926886881,0.49553136923866664,0.5,1.7556613158158365,0.0,0.0,0.0,0.0,0.0,0.0,0.0,0.0,1.0,0.0,0.0,0.08121056116354823,31,62,31,0,37.1,-1
2023-10-11 13:30:00,2023-10-11 19:30:00,SHORT,27102.0,26768.05,5.72,1,STOP_LOSS,1.0020784537083647,1.0026022578103493,1.0037072302305503,1.0116008167855814,41.795898607160694,1.1939983172264235,5.642313210983983,-0.20815922422338143,30.478070503507556,0.45787701423887905,0.8584908536316215,0.5,1.2638937533477257,0.0,0.0,0.0,0.0,0.0,0.0,0.0,0.0,1.0,0.0,0.0,0.025025977194411752,26,62,36,0,28.0,-1
2023-10-12 08:30:00,2023-10-12 11:45:00,SHORT,26818.05,26836.86,-0.33,0,STOP_LOSS,1.0002515898784905,1.000526621539878,1.000746353942553,1.0102141047630455,47.862371849219194,12.621832830103905,7.712193790365793,-0.24239678425570477,14.16426813523082,1.479766782411917,1.7982754270060033,0.5,1.4198354854893527,0.0,0.0,0.0,0.0,0.0,0.0,0.0,0.0,0.0,0.0,0.0,0.03411422602204546,31,58,27,0,32.7,-1
2023-10-12 13:30:00,2023-10-12 20:00:00,SHORT,26712.22,26742.76,-0.53,0,STOP_LOSS,1.0027359642368936,1.00297952666604,1.0035544628378117,1.0120994887992392,38.32832169502558,41.515781333851784,69.14046634004978,-0.029397832884206748,19.203749469708594,0.753491507609462,1.511015002252037,0.5,1.5532711521494063,0.0,0.0,0.0,0.0,0.0,0.0,0.0,0.0,0.0,0.0,0.0,0.11340360333579502,23,62,39,0,29.0,-1
2023-10-13 09:45:00,2023-10-13 11:00:00,SHORT,26741.72,26837.78,-1.67,0,STOP_LOSS,1.0022907664603593,1.0027140100104703,1.002212907075012,1.0055414209239257,36.44208232389062,8.229411001789392,9.25492760524836,-0.3548616946509487,26.172327360516345,0.9537906967582119,1.2263393841234465,0.5,1.727463552634842,0.0,0.0,0.0,0.0,0.0,0.0,0.0,1.0,0.0,0.0,1.0,-0.005927093571815295,36,59,23,0,37.7,-1
2023-10-13 16:30:00,2023-10-13 20:45:00,SHORT,26799.4,26984.05,-3.2,0,STOP_LOSS,0.9989639653910802,0.9997400759082231,1.0000989018944408,1.0026570491147526,50.28844340871017,45.6912250630232,24.973542516113177,-0.10542306438850493,18.884356436346827,1.1071116594895616,1.1308955828006029,0.5,1.2189592340719069,0.0,0.0,0.0,0.0,0.0,1.0,0.0,1.0,0.0,0.0,0.0,0.004546796125024661,44,64,20,0,38.3,-1
2023-10-16 05:00:00,2023-10-16 06:15:00,LONG,27288.97,27822.93,9.08,1,STOP_LOSS,0.9981180704063404,0.997014926888352,0.9944059090859514,0.9887938033893561,63.323894589710946,70.01895635647455,53.6742950356589,0.022934998315715154,29.7730162978233,1.1790848080303333,0.5621049787666701,0.5,1.6670455062880967,0.0,0.0,0.0,0.0,0.0,1.0,0.0,1.0,0.0,1.0,0.0,0.06790389115184448,62,22,40,1,77.9,1
2023-10-16 13:00:00,2023-10-16 13:30:00,LONG,27928.05,28247.35,5.34,1,STOP_LOSS,0.9960139108921877,0.9942919185220902,0.9887508516823237,0.9742041742041573,69.1301220322838,99.99999999999999,92.15639012698982,0.01841591153042375,24.554061385608613,1.4863891456771305,0.691359949859946,0.5,3.196409975117646,0.0,0.0,0.0,0.0,0.0,1.0,0.0,1.0,0.0,0.0,0.0,0.14629986707087425,62,33,29,1,77.8,1
2023-10-16 18:45:00,2023-10-17 00:45:00,LONG,28552.0,28281.57,-4.44,0,STOP_LOSS,0.9919559634693791,0.9879246666407939,0.9804466843217081,0.9603660162703647,65.20612738064686,97.00954331016828,97.50444588189134,0.12671471925464722,61.1702044300715,0.730386315376428,0.11940399694907648,0.5,1.373932866996589,0.0,0.0,0.0,0.0,0.0,0.0,0.0,1.0,0.0,0.0,0.0,-0.3188828791025863,62,40,22,1,82.3,1
2023-10-17 07:45:00,2023-10-17 12:45:00,LONG,28422.29,28219.25,-3.34,0,STOP_LOSS,0.9946732513469658,0.9943807049347401,0.9943881271829631,0.9778945944191307,61.91805443311801,95.89639936802459,95.89639936802459,0.31120719952954323,23.86704022206157,1.2389558553354068,0.7259891390446126,0.5,2.2661635922886303,0.0,0.0,0.0,0.0,0.0,0.0,0.0,0.0,0.0,0.0,0.0,-0.3329782165542718,62,31,31,1,75.1,1
2023-10-17 17:15:00,2023-10-18 07:45:00,LONG,28424.87,28496.84,1.18,1,STOP_LOSS,1.002184950710828,1.0009652821335027,0.9991192140331275,0.9848756807891974,48.85758449066794,51.94313097100684,74.35786407296146,0.03551611317958486,19.217846545065587,1.1210036122414277,1.24056416339422,0.5,1.3616267645731512,0.0,0.0,0.0,0.0,0.0,0.0,0.0,0.0,0.0,0.0,0.0,0.06766867559207292,62,14,48,1,76.5,1
2023-10-18 16:00:00,2023-10-18 22:30:00,LONG,28338.7,28314.0,-0.41,0,SENAL_BAJISTA,0.9977092412433965,0.9990675173594405,1.0015479373999392,0.9970955068843481,50.61611541000088,80.16959908812689,74.08720619166138,0.08620391699858089,23.983679549174436,0.8887689585378196,0.7934276645417029,0.5,2.3113860059474503,0.0,0.0,0.0,0.0,0.0,0.0,0.0,0.0,0.0,0.0,0.0,-0.19029525255385268,62,42,20,1,61.5,1
2023-10-19 07:30:00,2023-10-19 13:30:00,LONG,28319.88,28474.87,2.55,1,STOP_LOSS,0.999072477272416,0.9989244463950956,0.9992237973318577,0.9983936326559021,55.11784691207564,28.366305155747273,26.00536149206509,0.030328915499940833,13.794232519296264,1.7231071311548471,1.6686606187431439,0.5,1.4667542797254534,0.0,0.0,0.0,0.0,0.0,0.0,0.0,0.0,1.0,0.0,0.0,-0.2680868286708443,62,42,20,1,62.8,1
2023-10-19 20:30:00,2023-10-19 21:45:00,LONG,28835.89,28606.14,-3.72,0,STOP_LOSS,0.9963101900457746,0.994434771832701,0.9910955225034258,0.9846691788104347,65.172108822428,90.58199689224483,91.23561216866716,0.09639837846634444,29.1433842374815,1.0638963792276646,0.46585566490202657,0.5,1.845512996676249,0.0,0.0,0.0,0.0,0.0,0.0,0.0,1.0,0.0,0.0,0.0,-0.24187562758345985,62,39,23,1,70.5,1
2023-10-20 00:30:00,2023-10-20 05:00:00,LONG,28661.58,29277.03,10.01,1,STOP_LOSS,1.0006169968247431,1.0004095414515635,0.998627094568415,0.9920779154104371,49.48221301578414,67.46782561480114,66.3986510054996,-0.05290690646595102,21.92239797690958,1.2406197630141669,0.8724761232475231,0.5,1.4704011067216907,0.0,0.0,0.0,0.0,0.0,0.0,1.0,1.0,0.0,0.0,0.0,-0.22893983775631951,62,37,25,1,78.8,1
2023-10-20 08:30:00,2023-10-20 12:15:00,LONG,29819.45,29600.86,-3.44,0,STOP_LOSS,0.9871799373921165,0.9819139964480269,0.9741967831458928,0.9601249560693506,77.59593001805318,78.5786878596355,48.53387274290138,0.2285277278416333,52.19244072081236,0.8436174051048168,0.11417536269259498,0.5,3.4466240594254565,0.0,0.0,0.0,0.0,0.0,1.0,0.0,1.0,0.0,1.0,0.0,-0.018584787537919804,62,30,32,1,84.7,1
2023-10-20 20:15:00,2023-10-21 01:45:00,LONG,29582.86,29533.02,-0.79,0,STOP_LOSS,0.9979732020013458,0.998030724446824,0.9967712064002173,0.9801832608794911,54.540472236356166,99.99999999999999,70.51062167965428,0.127264849793759,23.377935117788173,0.9204802418401251,0.9165753140210956,0.5,1.301489113372741,0.0,0.0,0.0,0.0,0.0,1.0,0.0,1.0,0.0,0.0,0.0,-0.1411865968282964,62,24,38,1,75.6,1
2023-10-23 00:45:00,2023-10-23 02:00:00,LONG,30119.44,30204.76,1.33,1,STOP_LOSS,0.9956782841853931,0.9940849590682612,0.9932258975950494,0.9887169986137716,66.33247634998357,74.78370068932321,69.66940094901987,0.23688927237233273,20.91816236256205,1.5917150515463006,0.7540418928756781,0.5,3.5388634028248456,0.0,0.0,0.0,0.0,0.0,0.0,0.0,0.0,0.0,0.0,0.0,-0.05077409206597325,62,30,32,1,78.8,1
2023-10-23 03:45:00,2023-10-23 07:45:00,LONG,30736.87,30515.94,-3.37,0,STOP_LOSS,0.9895863829900606,0.98423189965518,0.9789916830725791,0.9710110837920879,75.65522258843819,70.63107668158752,59.57314299990222,0.3072347255061834,42.28915882626416,1.1076173916511556,0.1925926390560827,0.5,3.4766753215212223,0.0,0.0,0.0,0.0,0.0,1.0,0.0,1.0,0.0,1.0,0.0,-0.04130424215871352,62,30,32,1,78.8,1
2023-10-23 11:45:00,2023-10-23 17:00:00,LONG,30657.03,31176.86,7.93,1,STOP_LOSS,0.9982794213463284,0.9976231348331593,0.9939370047245841,0.9805615080347426,56.511158801615935,90.29504331863926,78.2205168965738,0.033645649036544746,23.949086513760594,1.3349578284698564,0.7142804570678635,0.5,1.6407341779702904,0.0,0.0,0.0,0.0,0.0,0.0,0.0,1.0,0.0,0.0,0.0,-0.13693721968556202,62,33,29,1,73.3,1
2023-10-23 18:30:00,2023-10-23 22:45:00,LONG,30858.98,33312.98,37.39,1,STOP_LOSS,1.0036087092304633,1.0012134643747987,0.9960034416765043,0.9801015470907273,49.98314674394052,15.455503920703599,20.532317391436255,-0.05465346742836213,23.480056002407792,0.7254923821714597,1.0069484424394108,0.5,1.4517289904023452,0.0,0.0,0.0,0.0,0.0,0.0,0.0,1.0,0.0,0.0,0.0,-0.10858921138890325,62,28,34,1,80.0,1
2023-10-24 02:15:00,2023-10-24 07:15:00,LONG,34782.03,33734.22,-14.56,0,STOP_LOSS,0.9758147726380194,0.9558522434908433,0.928680221547952,0.8880942674839373,78.78952941646223,81.87061970094955,58.81545522618943,0.22134032767311587,55.85187449922826,0.8930072560874851,0.11267070704061408,0.5,1.4795650612467546,0.0,0.0,0.0,0.0,0.0,1.0,0.0,1.0,0.0,0.0,0.0,-0.09033112380881762,67,21,46,1,90.4,1
2023-10-24 11:00:00,2023-10-24 14:15:00,LONG,34688.43,34258.42,-5.93,0,STOP_LOSS,0.9914707433688674,0.9871695856953449,0.973484092462482,0.9191133676579002,68.08289734747216,99.99999999999999,98.67314386829337,0.1310116993244758,28.496297445420957,1.1771952845186604,0.3969342601286699,0.5,1.8904041739173576,0.0,0.0,0.0,0.0,0.0,1.0,0.0,0.0,0.0,0.0,0.0,-0.08350933023171245,67,20,47,1,90.7,1
2023-10-24 22:00:00,2023-10-25 16:45:00,LONG,34112.69,34474.78,5.05,1,STOP_LOSS,0.9927522676680498,0.9926803221536629,0.9938443933874496,0.9568496045157329,57.40953501070391,78.86852932640974,62.33925934324044,0.1914030291931999,20.660739107091217,1.203750607994249,0.9971262417504473,0.5,2.3909026057597655,0.0,0.0,0.0,0.0,0.0,0.0,0.0,0.0,0.0,0.0,0.0,-0.05410421417151848,67,14,53,1,77.0,1
2023-10-25 22:00:00,2023-10-26 09:15:00,LONG,34611.09,34406.59,-2.82,0,STOP_LOSS,1.0010963794561762,1.000930191390223,0.9976192438530048,0.9739075155900007,49.34788921039516,7.193858395595322,19.141655608019583,-0.13236581631694652,21.522881470508164,0.6611392631159133,0.9267464667260057,0.5,1.7918456964688414,0.0,0.0,0.0,0.0,0.0,0.0,0.0,1.0,0.0,0.0,0.0,-0.09312626560643125,67,16,51,1,73.9,1
2023-10-27 03:30:00,2023-10-27 04:15:00,LONG,34121.3,34015.96,-1.47,0,SENAL_BAJISTA,0.9985987842920347,0.9985861301410056,0.9997036850987561,0.9985747593769487,54.031731949511325,99.27512593126197,96.53564034982554,0.11619162897495686,19.88442887631791,0.9504026139122297,1.192503090226132,0.5,0.669189139647374,0.0,0.0,0.0,0.0,0.0,0.0,0.0,0.0,1.0,0.0,0.0,-0.03375418221773591,61,43,18,1,63.8,1
2023-10-27 05:30:00,2023-10-27 07:45:00,LONG,34112.43,33941.99,-2.38,0,STOP_LOSS,0.9988933541751929,0.9988761847522586,0.9996767388460862,0.9988414995430361,53.267866673975895,64.27637175531095,70.09958659523718,0.04157335089809204,16.417823701005695,1.4170131172552534,1.5708338779338398,0.5,1.3990461813032369,0.0,0.0,0.0,0.0,0.0,0.0,0.0,0.0,0.0,0.0,0.0,-0.031388027864096064,65,20,45,1,60.5,1
2023-10-27 13:30:00,2023-10-27 14:15:00,LONG,34170.0,33922.63,-3.44,0,STOP_LOSS,0.9980667713200106,0.9975719162867906,0.9976768206679519,0.9972801081711091,57.21478432571707,97.0763525610165,90.91815410811857,0.15033194962952492,12.278455456329606,1.4527269186592306,1.4096541036871237,0.5,1.2066894226748692,0.0,0.0,0.0,0.0,0.0,0.0,0.0,0.0,0.0,0.0,0.0,-0.1239970424471634,63,31,32,1,60.8,1
2023-10-30 06:15:00,2023-10-30 07:15:00,LONG,34308.44,34218.32,-1.25,0,SENAL_BAJISTA,0.9993039596397781,1.0006133049902974,1.0022819323912329,0.9988651963912152,46.25194783260949,54.52594567657347,54.44887361393425,0.051986402316747435,41.72436354691411,0.326316052270021,0.779918327813228,0.5,1.478461073421542,0.0,0.0,0.0,0.0,0.0,0.0,0.0,1.0,0.0,0.0,0.0,-0.0621552626337755,64,30,34,1,55.9,1
2023-10-30 09:00:00,2023-10-30 12:45:00,LONG,34461.48,34588.75,1.75,1,STOP_LOSS,0.9961086436563589,0.9957568876802638,0.9969220645180686,0.9945050893141826,61.393085234859385,99.99999999999999,83.43752275752966,0.2957943610867613,36.377513443580405,0.6740822807117683,0.590262694810176,0.5,2.459487374622912,0.0,0.0,0.0,0.0,0.0,1.0,0.0,0.0,1.0,0.0,0.0,-0.06152754715666112,67,29,38,1,63.5,1
2023-10-30 14:15:00,2023-10-30 16:30:00,LONG,34649.3,34394.97,-3.48,0,STOP_LOSS,1.0007461586029138,0.9987008708676878,0.9960221731357924,0.9910077615518046,53.78534542668185,19.121290215791543,25.812894256502382,0.006980826460911212,20.180131513445488,1.2387259871513947,0.9726233694221923,0.5,1.5620402241500726,0.0,0.0,0.0,0.0,0.0,0.0,0.0,0.0,0.0,0.0,0.0,-0.06593354679853812,58,15,43,1,64.3,1
2023-10-31 00:30:00,2023-10-31 02:15:00,LONG,34578.17,34392.34,-2.54,0,STOP_LOSS,0.9978624018413715,0.9969968095061246,0.9967117009931309,0.9941315870723991,60.58777113799977,83.60143012462044,69.51554733716017,0.17239902566237245,14.92435419418707,1.7661862748279151,0.9320867061278209,0.5,1.3525305034683144,0.0,0.0,0.0,0.0,0.0,0.0,0.0,0.0,1.0,0.0,0.0,-0.09397910040854615,67,23,44,1,52.2,1
2023-10-31 06:30:00,2023-10-31 12:45:00,LONG,34307.68,34295.85,-0.16,0,STOP_LOSS,0.9993813026934438,1.0001283590093606,1.001775269617104,1.0016337117058558,48.109762698865055,82.16500043705378,87.84839351078568,0.12665791004201976,24.51969650775791,0.5343437661565967,1.2278683409551325,0.5,2.3554856418381838,0.0,0.0,0.0,1.0,0.0,0.0,0.0,0.0,0.0,0.0,0.0,-0.12729852864278976,62,42,20,1,50.7,1
2023-10-31 16:30:00,2023-11-01 05:30:00,LONG,34457.18,34378.82,-1.07,0,STOP_LOSS,0.9959378549896696,0.9958929549846296,0.9964095467864138,0.9969438658885449,60.57464630472555,92.44285233435332,81.30190600933602,0.1142485048778664,23.870701537285747,1.0257774261821184,0.7879042597182075,0.5,1.772320582022367,0.0,0.0,0.0,0.0,0.0,0.0,0.0,0.0,1.0,0.0,0.0,-0.14870495661284802,67,38,29,1,57.6,1
2023-11-01 07:15:00,2023-11-01 12:15:00,LONG,34461.18,34364.27,-1.33,0,STOP_LOSS,0.9988149060686446,0.9991911974887797,0.9996651168015024,0.9984726181900717,53.19100417714688,94.77743343954775,87.13305635189259,0.13811752557347637,22.376158864171924,1.0179819080424601,0.9683172011532628,0.5,1.2090306552977035,0.0,0.0,0.0,0.0,0.0,0.0,0.0,1.0,0.0,0.0,0.0,0.019011882276397586,64,31,33,1,54.7,1
2023-11-01 13:15:00,2023-11-01 14:45:00,LONG,34743.91,34179.23,-7.66,0,STOP_LOSS,0.9955894763386713,0.9933119676954946,0.9922899940102313,0.9907875835108697,69.86020808756086,94.12918473174221,83.90063324747514,0.3525484247611281,24.184037804090476,1.9392265847289278,0.31294681527815515,0.5,7.206177650006578,0.0,0.0,0.0,0.0,0.0,0.0,0.0,1.0,0.0,0.0,0.0,0.08861031872381438,67,26,41,1,50.8,1
2023-11-01 17:45:00,2023-11-02 05:00:00,LONG,34510.72,35324.34,11.05,1,STOP_LOSS,0.9982111946629743,0.9980516220942136,0.9982631419480206,0.9975048368665084,53.8710782416295,84.6069298601478,79.70920356070634,0.10346460483244647,15.503414443757293,1.4590463520685661,1.4886537070361754,0.5,0.7078922286857098,0.0,0.0,0.0,0.0,0.0,0.0,0.0,0.0,0.0,0.0,0.0,0.02466265874938321,67,16,51,1,56.5,1
2023-11-02 09:45:00,2023-11-02 13:00:00,LONG,35376.49,35199.17,-2.37,0,STOP_LOSS,0.998383135616748,0.9983658433901069,0.9967543310374078,0.9846946356037881,54.16904719116276,96.15479087128094,94.61127917602994,0.15960183733276748,17.933470981879527,1.152145445460345,1.0587188638410756,0.5,0.8672577622623365,0.0,0.0,0.0,0.0,0.0,0.0,0.0,1.0,0.0,0.0,0.0,0.03517784884700879,67,21,46,1,65.0,1
2023-11-02 20:00:00,2023-11-03 00:15:00,LONG,35053.6,34774.33,-3.76,0,SENAL_BAJISTA,0.9958132941105614,0.9948110270822479,0.9976498167039937,0.9949447567616143,60.54102095219979,99.99999999999999,99.99999999999999,0.44337633833174367,38.09246100797565,0.5405270357433903,0.5191001922752024,0.5,1.3294517662132346,0.0,0.0,0.0,0.0,0.0,1.0,0.0,0.0,1.0,0.0,0.0,0.027636817019573327,67,30,37,1,55.0,1
2023-11-03 14:00:00,2023-11-03 17:15:00,LONG,34505.68,34522.54,0.23,1,STOP_LOSS,0.9971908816102507,0.9961743244482689,0.9985340924421582,1.0053543352319012,58.510888758028415,93.59908713145349,94.12428741297192,0.3685406684919323,36.74083070642161,0.6889062110814481,0.42832621535543225,0.5,1.288355924548563,0.0,0.0,0.0,0.0,0.0,0.0,0.0,0.0,1.0,0.0,0.0,-0.0587835618448871,59,34,25,1,52.3,1
2023-11-03 20:45:00,2023-11-04 23:00:00,LONG,34597.67,35110.01,6.97,1,STOP_LOSS,0.9991167473658928,0.998738872145586,0.9983906539684092,1.0020771399690558,54.17266057212838,96.92337536370653,90.07628656769218,0.0508107376236125,17.018391368587324,1.3347284292695005,1.012722204414253,0.5,0.46419170190086045,0.0,0.0,0.0,0.0,0.0,0.0,0.0,0.0,1.0,0.0,0.0,-0.012535705951933275,62,43,19,1,51.6,1
2023-11-06 09:00:00,2023-11-06 13:00:00,LONG,35047.57,35071.41,0.32,1,STOP_LOSS,0.9963357117020545,0.9955975864335747,0.996133907223654,0.9960255893499679,63.46064556932266,99.39457173493706,94.1419049521329,0.3234033263505227,9.107284726582302,3.422321003057578,1.9473055331157807,0.5,1.2970615195220019,0.0,0.0,0.0,0.0,0.0,1.0,0.0,0.0,0.0,0.0,0.0,0.030308110740472568,67,17,50,1,58.9,1
2023-11-07 18:00:00,2023-11-07 22:00:00,LONG,35278.79,35314.0,0.47,1,STOP_LOSS,0.9882477722948477,0.9863793626755446,0.9864953937555017,0.9889266731401231,77.97001823924398,96.80080193054059,81.28516622005648,0.3854878182300153,34.56701762332228,1.27423430570496,0.5734570729949402,0.5,7.944753221225408,0.0,0.0,0.0,0.0,0.0,1.0,0.0,0.0,0.0,0.0,0.0,0.0751651106937199,67,28,39,1,61.3,1
2023-11-08 09:15:00,2023-11-08 15:00:00,LONG,35296.0,35216.0,-1.07,0,STOP_LOSS,0.9996520228714358,0.999650655300771,0.9991087791283703,0.9942239334695755,51.26107432598753,92.76227254016209,91.0445117901563,0.11404501737736804,14.473727649412053,1.36655198594239,1.6815345262338404,0.5,0.5014360779860804,0.0,0.0,0.0,0.0,0.0,0.0,0.0,0.0,0.0,0.0,0.0,-0.026516208316656884,60,18,42,1,57.7,1
2023-11-08 18:15:00,2023-11-08 21:15:00,LONG,35376.01,35461.16,1.14,1,STOP_LOSS,0.9989646207282821,0.9984775112730754,0.9981231441796994,0.9939798214929495,54.62053035926021,80.60267247085685,71.23199886681276,0.1454673616730868,17.50894920037291,1.7059669685879724,1.0588685709155774,0.5,0.8623905969124555,0.0,0.0,0.0,0.0,0.0,0.0,0.0,0.0,1.0,0.0,0.0,-0.05025419698041677,67,19,48,1,62.3,1
2023-11-08 22:15:00,2023-11-09 05:00:00,LONG,35802.05,36593.34,10.46,1,STOP_LOSS,0.9957358211015394,0.9933939836288482,0.9904018488817887,0.9840392327322293,62.62587609533403,52.65093836142526,32.13175726670207,0.08408941938656575,29.083972302277537,1.3393869811685142,0.48099620947376437,0.5,1.6580165583796878,0.0,0.0,0.0,0.0,0.0,0.0,0.0,0.0,0.0,0.0,0.0,-0.05601428280749603,67,14,53,1,62.3,1
2023-11-09 13:45:00,2023-11-09 15:00:00,LONG,37168.47,37717.98,7.05,1,STOP_LOSS,0.9935703501155775,0.9908409013934165,0.9843459744730169,0.9640821873886863,75.15016474531305,79.69632473278364,70.8182429290691,0.09578664178267923,49.448159829608045,0.7595445049521494,0.1664023827091393,0.5,2.4346629615319086,0.0,0.0,0.0,0.0,0.0,0.0,0.0,1.0,0.0,1.0,0.0,-0.07685445547621456,67,32,35,1,78.5,1
2023-11-09 16:00:00,2023-11-12 01:00:00,LONG,36572.01,36852.01,3.67,1,SENAL_BAJISTA,1.0170299741892546,1.015123668926718,1.0070277723644627,0.9835187173623621,38.17291302671746,2.321553743717514,8.85106755280326,-0.21904848984466355,52.03634968680834,0.4639694093719329,0.6881005458589693,0.5,3.205224442374167,0.0,0.0,0.0,0.0,0.0,0.0,0.0,1.0,0.0,0.0,0.0,0.11699323514660429,67,45,22,1,62.4,1
2023-11-13 01:15:00,2023-11-13 03:00:00,LONG,37305.99,37044.0,-3.38,0,STOP_LOSS,0.995812646580733,0.995261503476648,0.9948724059849585,0.9924370149444353,65.19166693512035,87.03793581712755,72.13873332067674,0.17906689519213986,22.678929340741686,1.43581278039542,0.632124235771422,0.5,4.642116133636624,0.0,0.0,0.0,0.0,0.0,0.0,0.0,1.0,0.0,0.0,0.0,-0.0879586634897075,67,24,43,1,55.4,1
2023-11-14 00:15:00,2023-11-14 05:00:00,SHORT,36344.01,36531.91,-2.48,0,STOP_LOSS,1.003288893051966,1.0058318794051813,1.0093345631844972,1.0147832634067624,32.38602646792159,17.873375502027653,31.031133015405125,-0.12326524191019056,35.60744373559955,0.23107749457555543,0.9562009406286144,0.5,3.478854783346905,0.0,0.0,0.0,0.0,0.0,0.0,1.0,0.0,1.0,0.0,0.0,-0.11572441544871372,33,59,26,0,42.3,-1
2023-11-14 10:00:00,2023-11-14 13:00:00,SHORT,36474.02,36460.79,0.17,1,STOP_LOSS,1.0031213229445097,1.0034256561387365,1.0033198744196297,1.0081640494427528,37.27973580614873,0.0,0.0,-0.3633132308348386,25.807286417050257,0.5814354059620636,1.1220116320723335,0.5,1.6299508078249212,0.0,0.0,0.0,0.0,0.0,0.0,1.0,0.0,1.0,0.0,0.0,-0.16080821648117294,37,59,22,0,40.0,-1
2023-11-14 15:30:00,2023-11-14 22:45:00,SHORT,36192.0,35606.01,7.75,1,STOP_LOSS,1.0061115919556227,1.0070459187950564,1.0083351091597192,1.01408855501149,32.889386124318264,25.0422341911243,56.02569346530441,-0.0912187769982872,28.734299265375554,0.4833052049748434,1.4376478294532977,0.5,5.647098306276964,0.0,0.0,0.0,0.0,0.0,0.0,1.0,0.0,1.0,0.0,0.0,-0.022784546097660365,33,59,26,0,37.8,-1
2023-11-15 15:45:00,2023-11-15 20:30:00,LONG,36406.0,37421.99,13.44,1,STOP_LOSS,0.9944800245507128,0.9918817588887067,0.9875687391576966,0.9925168628120349,69.85004993463264,58.91270993156463,40.9303738257113,0.04597412092646622,35.32131942412053,0.9307283998162651,0.3389184488221302,0.5,1.5365111963399587,0.0,0.0,0.0,0.0,0.0,1.0,0.0,1.0,0.0,1.0,0.0,0.13758614089170115,64,37,27,0,51.2,1
2023-11-16 01:45:00,2023-11-16 12:15:00,LONG,37432.0,37074.43,-4.64,0,STOP_LOSS,1.0054895568779638,1.0041398196837303,0.9935686277147181,0.9763443167147536,45.524229885981704,0.0,2.051877010520932,-0.4318963839569111,40.68672670589485,0.5658021084495063,0.5498840348856255,0.5,1.3671722999346487,0.0,0.0,0.0,0.0,0.0,0.0,1.0,1.0,0.0,0.0,0.0,0.1303899458948197,67,33,34,1,60.9,1
2023-11-17 05:15:00,2023-11-17 11:15:00,SHORT,36318.0,36441.4,-1.65,0,SENAL_ALCISTA,1.0022378478289826,1.0017327445062212,1.0023938057235955,1.0077382430862794,46.98330065189471,4.04186861386574,12.467410188966532,-0.13605965845851262,19.480832079755118,0.9716276219652403,1.5074425543405021,0.5,2.6778751491161885,0.0,0.0,0.0,0.0,0.0,0.0,1.0,0.0,1.0,0.0,0.0,-0.0009438410191667398,33,61,28,0,46.2,-1
2023-11-17 13:00:00,2023-11-17 14:00:00,LONG,36596.01,36314.41,-3.72,0,STOP_LOSS,0.9955539982084401,0.9941903199765963,0.9939027674390966,0.9982601054511447,65.24245457171021,91.08739346796006,76.23485666179147,0.22408366882885117,15.478792790602586,1.6833352029535371,1.2482769096209134,0.5,2.2805207802348777,0.0,0.0,0.0,0.0,0.0,1.0,0.0,0.0,0.0,1.0,0.0,0.03164204267683236,64,42,22,0,44.2,1
2023-11-17 23:00:00,2023-11-18 05:00:00,LONG,36615.88,36309.99,-4.03,0,SENAL_BAJISTA,0.9963726741140562,0.9949053021383302,0.9935393392317475,0.996046126979382,61.72602444553811,80.23333184720755,65.61747748756962,0.09693167021539856,24.98555401811913,1.2906026819470617,0.5365090368500366,0.5,2.282236457509099,0.0,0.0,0.0,0.0,0.0,0.0,0.0,0.0,0.0,0.0,0.0,-0.012263723170336948,59,21,38,0,51.4,1
2023-11-20 03:45:00,2023-11-20 12:00:00,LONG,37116.36,37122.74,0.08,1,STOP_LOSS,1.0024507714397273,1.001971576355032,0.9975612405454705,0.9889532546473504,47.558102305772756,4.920100603095103,6.386666117472972,-0.4215536814399759,32.720514920043726,0.590086484076489,0.842018198432152,0.5,1.288417945927882,0.0,0.0,0.0,0.0,0.0,0.0,0.0,1.0,0.0,0.0,0.0,-0.17560769649595478,65,36,29,1,57.9,1
2023-11-20 17:15:00,2023-11-21 07:15:00,LONG,37026.0,37262.37,3.07,1,STOP_LOSS,1.0058933285992864,1.005846000088399,1.0046166525551135,0.996936982509376,40.73425204622518,48.3115662040762,62.34942852380503,-0.11158532781625621,14.212149910249954,1.3387720679337964,2.475685744345461,0.5,2.483409151499651,0.0,0.0,0.0,0.0,0.0,0.0,1.0,1.0,0.0,0.0,0.0,-0.1410952441689978,67,34,33,1,63.4,1
2023-11-21 16:00:00,2023-11-21 17:30:00,LONG,36988.09,36832.1,-2.03,0,STOP_LOSS,0.9950153496647728,0.9986240480199021,1.0037102696160631,1.0039055529079952,49.793454809905235,81.94887184860885,52.49195378550175,0.010518288111211853,43.08003268089728,0.5909829292262885,0.5877373272739145,0.5,1.2910052293354994,0.0,0.0,0.0,0.0,0.0,1.0,0.0,0.0,1.0,0.0,0.0,-0.03656809395263368,62,41,21,1,50.5,1
2023-11-21 22:15:00,2023-11-22 00:00:00,SHORT,36592.0,35992.0,7.9,1,STOP_LOSS,1.0067774195664647,1.0085367116025792,1.0112063207792692,1.0136453753294181,36.313847118634385,0.0,5.707367656880561,-0.1572316438315104,14.25270503307158,1.2646228008532225,2.1369175115099552,0.5,1.504994119725664,0.0,0.0,0.0,0.0,0.0,0.0,1.0,0.0,1.0,0.0,0.0,0.0038530668052051027,35,59,24,0,32.6,-1
2023-11-22 11:45:00,2023-11-22 15:15:00,SHORT,36465.08,36540.63,-1.0,0,STOP_LOSS,1.0026717027830763,1.0021238803872647,1.0017949103832344,1.00925526749147,45.54435289801955,4.935873724725923,24.058915618770826,-0.1714457037867361,19.168485428219213,1.1485420940842976,1.1124175254040947,0.5,1.46496874097102,0.0,0.0,0.0,0.0,0.0,0.0,1.0,0.0,1.0,0.0,0.0,0.02662145094404846,36,61,25,0,44.9,-1
2023-11-22 18:15:00,2023-11-22 21:30:00,LONG,37104.71,37589.83,6.33,1,STOP_LOSS,0.988287905624237,0.9859428320840695,0.9849487277582507,0.9902446652815179,75.54183278735266,99.99999999999999,97.39594048022074,0.3689112609889676,17.003476906033836,2.7099096076493656,0.753950452003488,0.5,7.922511971504514,0.0,0.0,0.0,0.0,0.0,1.0,0.0,0.0,0.0,1.0,0.0,-0.05152170557663244,64,45,19,0,57.0,1
2023-11-23 08:30:00,2023-11-23 10:15:00,LONG,37487.84,37481.99,-0.08,0,STOP_LOSS,0.9973353300027693,0.9966273142404648,0.9945769470313709,0.9874817109687987,62.703534825463336,99.99999999999999,91.50804559329143,0.20971736632834645,19.264410346615428,1.5486158332018087,0.642895152157505,0.5,2.3493280583055665,0.0,0.0,0.0,0.0,0.0,1.0,0.0,1.0,0.0,0.0,0.0,0.04567529280681091,67,17,50,1,57.4,1
2023-11-23 11:15:00,2023-11-23 13:45:00,LONG,37273.61,37237.61,-0.47,0,STOP_LOSS,1.0042024619399927,1.004103911908648,1.0020886351338332,0.9944407575220235,39.479683300508725,4.777338805852997,14.281634269534505,-0.2183632543692381,27.350862216463614,0.6695965444691744,1.3192938405526689,0.5,6.560428159323354,0.0,0.0,0.0,0.0,0.0,0.0,1.0,0.0,0.0,0.0,0.0,0.08102080988718907,67,39,28,1,57.4,1
2023-11-23 18:45:00,2023-11-24 11:15:00,LONG,37257.99,37714.61,5.96,1,STOP_LOSS,0.9988000856927683,0.9987540187623535,0.9998213633406343,0.9959335431630617,52.62396595624516,97.72744725668342,96.98398443582192,0.2482087868348845,25.34493019099049,0.656320564975927,0.795517902965647,0.5,0.2668267535367097,0.0,0.0,0.0,0.0,0.0,0.0,0.0,0.0,1.0,0.0,0.0,0.08989842751609955,58,32,26,1,55.0,1
2023-11-24 15:15:00,2023-11-24 16:45:00,LONG,38286.52,37732.94,-7.06,0,STOP_LOSS,0.9892805564194272,0.986720974058989,0.9829623767181968,0.9752682857582284,70.98294712386388,67.53744654997763,38.53295860136194,0.15160786259487713,51.46167203855463,0.8233245732366552,0.18788608907337365,0.5,3.796756546611841,0.0,0.0,0.0,0.0,0.0,1.0,0.0,1.0,0.0,1.0,0.0,-0.10871146555798228,67,27,40,1,67.4,1
2023-11-27 07:15:00,2023-11-27 09:00:00,SHORT,37210.81,37416.02,-2.68,0,STOP_LOSS,1.002760473259439,1.0035899555132575,1.0049956929567012,1.008647870883295,38.61868696547825,21.52289815706514,47.64216743793642,-0.054531248011979484,25.694602921735303,0.5190908231798386,1.3234371009947434,0.5,2.567595677461756,0.0,0.0,0.0,0.0,0.0,0.0,0.0,0.0,0.0,0.0,0.0,-0.11383393791294917,43,59,16,0,45.2,-1
2023-11-27 10:15:00,2023-11-27 13:45:00,SHORT,37231.52,36949.01,3.68,1,STOP_LOSS,1.002865808928711,1.0030517212803363,1.003909882352082,1.0075152610019678,39.94145233182815,40.78893424088905,67.06647995964668,-0.011730360500155575,22.395777211435764,0.8476324848624638,1.5262716396971738,0.5,1.4943726190133262,0.0,0.0,0.0,0.0,0.0,0.0,1.0,0.0,1.0,0.0,0.0,-0.09495938138725767,43,59,16,0,39.7,-1
2023-11-27 16:30:00,2023-11-27 23:00:00,SHORT,37015.57,37134.26,-1.56,0,STOP_LOSS,0.997356768130056,0.9985557269290192,1.0022968513107764,1.0100553545352295,51.237617222076736,91.93033104552164,77.69158336519189,0.16761224705578734,41.86778994367847,0.49315255682855386,0.6911391822624208,0.5,1.206364780001889,0.0,0.0,0.0,0.0,0.0,1.0,0.0,0.0,1.0,0.0,0.0,-0.05740527731004185,43,59,16,0,38.3,-1
2023-11-28 04:45:00,2023-11-28 06:30:00,SHORT,36991.12,37065.35,-0.97,0,STOP_LOSS,1.002977196522455,1.003650260316856,1.003254918324252,1.0076083455080334,36.459064607196886,0.0,2.724215257290318,-0.4132039681323025,13.054347981663666,1.370508678878571,2.3649117867128866,0.5,4.166669945058218,0.0,0.0,0.0,0.0,0.0,0.0,1.0,0.0,0.0,0.0,0.0,-0.10563179130408773,39,59,20,0,45.1,-1
2023-11-28 11:00:00,2023-11-28 18:30:00,LONG,37115.39,38086.83,12.7,1,STOP_LOSS,0.9987068834933038,0.9983477893734575,0.9985765520063834,1.0027669516721063,55.958591671644875,88.01730220039522,73.35813081485148,0.1881264851434099,11.75080243565358,2.202307165559438,1.6965294705839373,0.5,1.216586641375349,0.0,0.0,0.0,1.0,0.0,1.0,0.0,1.0,0.0,0.0,0.0,-0.028436633912270883,60,28,32,0,48.7,1
2023-11-28 19:30:00,2023-11-28 22:45:00,LONG,38286.81,37860.32,-5.45,0,STOP_LOSS,0.9945223151854827,0.9892937548202358,0.9814471876716642,0.9753484756163784,76.29487179316754,24.52865316161326,19.081983041931107,0.04292785597630409,56.57020384832658,0.5997769789681237,0.17675036165655617,0.5,2.448341881341189,0.0,0.0,0.0,0.0,0.0,0.0,0.0,1.0,0.0,0.0,0.0,0.07071137484310774,67,21,46,1,64.8,1
2023-11-29 03:00:00,2023-11-29 10:30:00,LONG,38000.01,37921.07,-1.01,0,STOP_LOSS,0.9984222439266032,0.998251338457772,0.9957030548547782,0.9869324693368707,54.70204941031751,62.763187470437984,57.12825303434098,0.008369506758271542,19.15641152238697,1.2425010153353362,1.024141847435663,0.5,0.5175305922488195,0.0,0.0,0.0,0.0,0.0,0.0,0.0,1.0,0.0,0.0,0.0,0.013880918028626083,67,12,55,1,59.9,1
2023-11-29 23:15:00,2023-11-30 05:15:00,LONG,37846.48,37939.27,1.2,1,STOP_LOSS,0.9988138929529776,0.9987563647353852,1.0000961247352957,0.9970926263650817,53.272184158382494,92.33578704723402,91.45892256491697,0.18009316187842828,19.869433388296773,1.0052663150487888,1.3714798750075576,0.5,0.9933297113564745,0.0,0.0,0.0,0.0,0.0,0.0,0.0,0.0,1.0,0.0,0.0,0.02251415240324111,64,27,37,1,56.0,1
2023-11-30 06:30:00,2023-11-30 08:15:00,LONG,37827.99,37692.83,-1.74,0,STOP_LOSS,1.0022978172204668,1.0020765038853607,1.0014371152858554,0.9985581561503015,43.9899234222503,10.964812642215698,9.198976862558284,-0.19697972372659583,16.406260391510283,1.2936122102286731,1.6614131556644856,0.5,1.2909760514105948,0.0,0.0,0.0,0.0,0.0,0.0,0.0,0.0,0.0,0.0,0.0,0.07564898304157264,63,33,30,1,53.3,1
2023-11-30 11:30:00,2023-11-30 13:45:00,LONG,37814.0,37726.57,-1.13,0,STOP_LOSS,0.9981959729246912,0.9986937506794934,0.9997786393271674,0.9987988728694858,54.15849810689568,90.24151857600961,76.65722536396484,0.15323298164800706,29.027372677022125,0.7626433015861301,0.8620101854131755,0.5,1.8168302195929522,0.0,0.0,0.0,0.0,0.0,1.0,0.0,0.0,0.0,0.0,0.0,0.0918710409585102,67,34,33,1,55.2,1
2023-12-01 01:15:00,2023-12-01 10:45:00,LONG,37881.99,38537.44,8.42,1,STOP_LOSS,0.9957783625720378,0.9957083190300748,0.9960647619848251,0.9965779599463295,63.99973321374849,56.50649459544246,37.85489920385543,0.11300075133998416,21.270466271304954,1.543631184786713,0.9954448297304118,0.5,2.356630561386673,0.0,0.0,0.0,0.0,0.0,0.0,0.0,0.0,1.0,1.0,0.0,-0.004207159825025836,67,34,33,1,57.8,1
2023-12-01 16:15:00,2023-12-02 19:15:00,LONG,38796.99,39330.4,6.73,1,STOP_LOSS,0.9917619149479683,0.9906599572468751,0.9880514240864177,0.979808818446212,70.92987566997526,99.99999999999999,84.01850815544594,0.20686058760434212,23.079957599859117,1.5039110542696652,0.5922395949970851,0.5,2.2757818284602425,0.0,0.0,0.0,0.0,0.0,1.0,0.0,1.0,0.0,1.0,0.0,0.08351985730325782,67,30,37,1,66.8,1
2023-12-04 01:15:00,2023-12-04 06:00:00,LONG,40646.0,41396.0,9.08,1,STOP_LOSS,0.9887733866099252,0.9838947358789017,0.9788766381509402,0.9666251398122521,80.79544455754326,70.47074644169938,56.58962515844781,0.33318182171357724,35.993724871984824,1.3681799890022348,0.23472814838060452,0.5,5.515559121815155,0.0,0.0,0.0,0.0,0.0,1.0,0.0,1.0,0.0,0.0,0.0,-0.0794873325773233,67,30,37,1,80.7,1
2023-12-04 11:00:00,2023-12-04 15:45:00,LONG,41487.08,41268.0,-2.62,0,STOP_LOSS,1.0047222327972796,1.0009113999212207,0.9899124959809454,0.9626009612046251,51.893201422024454,66.66666666666666,77.6674748200247,-0.1402149250154259,62.08939267840853,0.5054416033747202,0.2919465409771337,0.5,4.082133082475885,0.0,0.0,0.0,0.0,0.0,0.0,0.0,1.0,0.0,0.0,0.0,-0.116978474110793,67,37,30,1,85.3,1
2023-12-04 17:30:00,2023-12-04 23:00:00,LONG,41648.0,41883.23,2.79,1,STOP_LOSS,0.9981736906133366,0.9979897545285836,0.9940507184813997,0.9679875901479289,54.319571070348836,91.70778207471224,79.54124609673504,0.03824817592890817,23.989212829991253,0.9738139452683819,0.804899141291838,0.5,0.5237112773306053,0.0,0.0,0.0,0.0,0.0,0.0,0.0,1.0,0.0,0.0,0.0,-0.1209210469594037,67,14,53,1,81.5,1
2023-12-05 05:30:00,2023-12-05 07:00:00,LONG,41879.87,41604.02,-3.26,0,STOP_LOSS,0.9985950573174818,0.9983245290923338,0.9971712206311406,0.9764214904504006,55.128635801732,98.97329091925229,88.96802014842612,0.12489445653634387,10.985904224830945,1.8534361309885663,1.5041792945506192,0.5,1.3712663161314214,0.0,0.0,0.0,0.0,0.0,0.0,0.0,1.0,0.0,0.0,0.0,-0.09867426970657259,72,21,51,1,71.6,1
2023-12-05 12:15:00,2023-12-05 15:45:00,LONG,41809.68,42266.42,5.4,1,STOP_LOSS,0.9979002565436711,0.9973224527961043,0.9974927860626229,0.9824748265572556,58.008240729756125,99.99999999999999,89.82551928190259,0.24205586515717964,15.857304037210168,1.537548872698102,1.4452768950008656,0.5,1.4954497970824545,0.0,0.0,0.0,0.0,0.0,1.0,0.0,0.0,0.0,0.0,0.0,-0.007968845397877851,72,22,50,1,76.9,1
2023-12-05 16:45:00,2023-12-05 18:45:00,LONG,42717.99,43705.98,11.47,1,STOP_LOSS,0.9926783701331274,0.9872907802236063,0.982322344915576,0.965789912069061,75.9506104372357,93.42598368590319,80.56125550870692,0.32367193657400545,42.209561800124966,0.8355536381743363,0.15161001832087437,0.5,2.1679609796363875,0.0,0.0,0.0,0.0,0.0,1.0,0.0,0.0,0.0,0.0,0.0,0.029546694178669498,72,21,51,1,83.8,1
2023-12-06 08:30:00,2023-12-06 11:00:00,LONG,43794.27,43768.87,-0.29,0,STOP_LOSS,0.9983598927160544,0.99829552731074,0.9960703387639185,0.9691213960859002,53.96573312773675,95.51408283000144,94.90723533151456,0.1430247048138842,18.185095782582543,1.1062325712182486,1.1208902640678031,0.5,1.6318752262939167,0.0,0.0,0.0,0.0,0.0,0.0,0.0,1.0,0.0,0.0,0.0,-0.11958241955532532,67,23,44,1,78.8,1
2023-12-06 13:15:00,2023-12-06 21:30:00,LONG,44020.02,43730.04,-3.29,0,STOP_LOSS,0.9991104849606647,0.9976953810535125,0.9948512753857428,0.9700239803170951,54.803167941651616,44.91302867111541,47.812607823346305,0.048237913670417285,13.986338420197752,1.6129498165714748,1.4233372090101795,0.5,1.2081126497597285,0.0,0.0,0.0,0.0,0.0,0.0,1.0,0.0,0.0,0.0,0.0,-0.08321580678297483,67,22,45,1,77.8,1
2023-12-07 01:30:00,2023-12-07 08:00:00,LONG,43892.72,43750.71,-1.61,0,STOP_LOSS,0.9991451210121804,0.9990742187272399,0.9994338973808474,0.9835078492501488,52.104608200682776,94.48159710729786,91.29696059129252,0.1728391124928521,23.036378507612273,0.6412120269753044,1.0231016492740321,0.5,0.5897450075846787,0.0,0.0,0.0,0.0,0.0,0.0,0.0,0.0,0.0,0.0,0.0,-0.03096516084461374,65,17,48,1,75.6,1
2023-12-07 15:15:00,2023-12-07 17:30:00,LONG,43833.96,43334.19,-5.68,0,STOP_LOSS,0.9919000453623269,0.9905031545090744,0.9929902599324427,0.9888420847817178,66.77904080417349,99.99999999999999,99.99999999999999,0.44170579483513694,30.482097742966722,1.0152484849047811,0.5935113612848841,0.5,1.6329226428866626,0.0,0.0,0.0,0.0,0.0,1.0,0.0,0.0,1.0,0.0,0.0,-0.12317632755992426,67,41,26,1,66.4,1
2023-12-08 01:45:00,2023-12-08 07:15:00,LONG,43407.73,43140.71,-3.05,0,STOP_LOSS,0.9989446243395428,0.9983851913906462,0.9992769418024088,0.9986845201699084,54.60411375481502,98.9414131455084,92.08354150363866,0.18600390227177993,12.039908032238323,1.420407782971988,1.3235112818533776,0.5,0.4615285992267252,0.0,0.0,0.0,0.0,0.0,1.0,0.0,0.0,0.0,0.0,0.0,-0.03231489145121117,62,27,35,1,61.2,1
2023-12-08 11:45:00,2023-12-08 17:00:00,LONG,43652.12,43681.82,0.34,1,STOP_LOSS,0.995239830027506,0.9934479193369862,0.993309984333162,0.9931972295625198,70.37782273411625,99.99999999999999,99.99999999999999,0.5256419887218721,25.03322905378795,1.4413735352348782,0.5992063216368683,0.5,1.4826346320101915,0.0,0.0,0.0,0.0,0.0,1.0,0.0,0.0,0.0,0.0,0.0,-0.0014819142522609827,67,28,39,1,63.0,1
2023-12-08 20:30:00,2023-12-08 22:45:00,LONG,44222.71,44264.71,0.47,1,STOP_LOSS,0.9944015081158253,0.992169758864524,0.9888164209695747,0.9834930668536321,72.42867906277215,99.99999999999999,99.5305252156074,0.20960487784918022,21.284239000629295,1.7158288042724694,0.5422918163274648,0.5,2.382276673291765,0.0,0.0,0.0,0.0,0.0,1.0,0.0,0.0,0.0,1.0,0.0,-0.012944163486967995,67,39,28,1,67.8,1
2023-12-11 01:00:00,2023-12-11 02:15:00,SHORT,43391.24,42227.99,13.28,1,STOP_LOSS,1.0060885014756298,1.0079351172360937,1.0090972345989144,1.0097793505687616,25.733875225243036,7.186643758745827,15.079689556508356,-0.3514527832171479,21.209093429360873,0.610156400710928,2.2913297365269574,0.5,7.353068674371967,0.0,0.0,0.0,0.0,0.0,0.0,1.0,0.0,0.0,0.0,0.0,0.14220868078818252,39,59,20,0,35.4,-1
2023-12-11 13:00:00,2023-12-11 16:15:00,SHORT,42233.67,41759.39,5.62,1,STOP_LOSS,1.0009511583129553,1.0012924367082587,1.005821126796477,1.0233578888582293,45.18631238519028,6.7873433872138325,8.011523649308707,-0.014740851039823361,32.06781717636511,0.46105077390146115,0.880144411516143,0.5,0.5189982259407967,0.0,0.0,0.0,0.0,0.0,0.0,0.0,0.0,1.0,0.0,0.0,-0.24046798455003313,35,59,24,0,32.6,-1
2023-12-11 17:45:00,2023-12-11 19:45:00,SHORT,41345.33,40778.0,6.89,1,STOP_LOSS,1.0071298388260839,1.0114173163720788,1.0183694200244942,1.0394186333926039,25.23816424777622,23.97624893030187,45.610115883782015,-0.1741520315138418,48.57702097680217,0.13705838839823384,0.6883329009295566,0.5,1.2925609652165226,0.0,0.0,0.0,0.0,0.0,0.0,1.0,0.0,0.0,0.0,1.0,-0.24227992374308513,41,59,18,0,25.7,-1
2023-12-12 00:15:00,2023-12-12 04:30:00,LONG,41650.34,41516.0,-1.63,0,SENAL_BAJISTA,0.9915159296485073,0.9898668573453955,0.9951685327035227,1.0211766347032254,63.543764448363056,86.53163502875178,87.53015792592814,0.35740608680114266,27.496869283910254,1.1046366524969284,0.6084932841020577,0.5,2.1002303261708346,0.0,0.0,0.0,0.0,0.0,0.0,0.0,0.0,1.0,0.0,0.0,-0.1599153500492597,63,45,18,0,39.2,1
2023-12-12 06:00:00,2023-12-12 07:00:00,SHORT,41501.56,41779.38,-3.37,0,STOP_LOSS,1.0019404975055266,1.0022291742906593,1.0019615257402177,1.0206566193124693,46.37269821174556,31.72796677693933,36.258233476851295,-0.2981754283590169,20.897381362091625,1.0251384302719573,1.2536684739964539,0.5,0.9745908868230847,0.0,0.0,0.0,0.0,0.0,0.0,1.0,0.0,1.0,0.0,0.0,0.10496829223385788,34,59,25,0,41.4,-1
2023-12-12 23:15:00,2023-12-13 01:15:00,LONG,41479.07,41009.46,-5.69,0,STOP_LOSS,0.9951436437533395,0.9945716298129501,0.9968184210892217,1.0102970532940765,59.16257211009815,88.64185077756181,74.66536003663552,0.23598838487099064,24.312233861115082,1.0054265676467449,0.7846001319569699,0.5,1.6696562484462045,0.0,0.0,0.0,0.0,0.0,1.0,0.0,0.0,1.0,0.0,0.0,-0.008186225393097074,61,37,24,0,39.9,1
2023-12-13 02:15:00,2023-12-13 07:15:00,SHORT,40866.93,41196.0,-4.03,0,STOP_LOSS,1.005984323435706,1.00827965302951,1.0105846598946924,1.0235973865659578,36.01934765691305,4.04698523888547,10.211892868076845,-0.27075662049193994,25.49374669353669,0.4070037612724972,1.5571938899382554,0.5,5.03320585634633,0.0,0.0,0.0,1.0,0.0,0.0,1.0,0.0,1.0,0.0,0.0,-0.0021253315272455105,38,59,21,0,34.6,-1
2023-12-13 11:45:00,2023-12-13 13:00:00,SHORT,41007.01,41334.01,-3.98,0,STOP_LOSS,1.0027036807008645,1.0027834455647593,1.0030874814254027,1.0141387603128225,41.66604486599035,1.2055000856847033,4.76522519067204,-0.16714149942869574,18.496996848976888,0.8406416896637727,1.6264022151072601,0.5,1.371834527295701,0.0,0.0,0.0,0.0,0.0,0.0,1.0,0.0,1.0,0.0,0.0,-0.041609936159873295,35,59,24,0,37.6,-1
2023-12-14 06:15:00,2023-12-14 08:45:00,LONG,43014.92,42765.0,-2.89,0,STOP_LOSS,0.9956990609033372,0.994803226818405,0.9906429976070946,0.9777907571598321,66.50781547655475,99.99999999999999,91.89922954247183,0.12879640408685797,16.110114157287526,2.1070128417162723,0.8157963484700763,0.5,4.58019576586028,0.0,0.0,0.0,0.0,0.0,1.0,0.0,1.0,0.0,0.0,0.0,0.049679361349960226,67,28,39,1,56.8,1
2023-12-14 11:15:00,2023-12-14 13:00:00,LONG,42990.58,42803.07,-2.17,0,STOP_LOSS,0.998512718545425,0.9975166127433571,0.9947507214599515,0.9818233375950828,59.674560502098295,91.5688103037179,83.16588108467431,0.11295935431480751,16.209244016955104,1.7115863623352783,1.0524153837749686,0.5,1.4062991524344493,0.0,0.0,0.0,0.0,1.0,0.0,0.0,0.0,0.0,0.0,0.0,0.056831893067098516,67,31,36,1,59.9,1
2023-12-14 17:30:00,2023-12-15 05:30:00,LONG,43274.0,42620.81,-7.49,0,STOP_LOSS,0.988524971689667,0.9872329931209832,0.987423385869997,0.9780379650109469,66.85083325804847,99.99999999999999,99.23566983541572,0.3051321717958107,28.899470762372292,1.0768021977159419,0.7560566240804585,0.5,2.76632383130192,0.0,0.0,0.0,0.0,0.0,1.0,0.0,0.0,1.0,1.0,0.0,0.12374108058877063,67,37,30,1,56.6,1
2023-12-15 08:30:00,2023-12-15 11:15:00,LONG,42756.99,42728.01,-0.33,0,STOP_LOSS,0.998363726236402,0.9989696043290726,1.0005820704850052,0.9954440221198081,52.030607195738945,90.15094429168369,88.70823502296358,0.19689506543418636,27.478616467603434,0.5801058263912494,0.6983751933261254,0.5,1.2226634222759754,0.0,0.0,0.0,0.0,0.0,0.0,0.0,0.0,0.0,0.0,0.0,0.042493486655625044,58,42,16,1,53.1,1
2023-12-15 23:15:00,2023-12-16 01:15:00,SHORT,41979.57,42133.28,-1.81,0,STOP_LOSS,1.0028231062620212,1.0031691358310866,1.0057431099410017,1.0106204719015377,41.95718845335341,29.930575834006405,31.16752864428937,-0.028275097840544116,20.391738089593407,0.8562585926282233,1.5064195060524364,0.5,1.9134113793184306,0.0,0.0,0.0,0.0,0.0,0.0,0.0,0.0,1.0,0.0,0.0,-0.09106604355379143,26,59,33,0,44.9,-1
2023-12-18 00:00:00,2023-12-18 06:15:00,SHORT,41230.91,41215.97,0.18,1,STOP_LOSS,1.0078114793774122,1.0126965423363066,1.015782258352649,1.0207969224740272,22.56133332356215,0.0,1.4205502081013794,-0.5316892720929177,32.207026277782006,0.2874264021450207,1.3602777927239507,0.5,2.0639488468370826,0.0,0.0,0.0,0.0,0.0,0.0,1.0,0.0,0.0,0.0,1.0,0.07428829952745125,43,59,16,0,36.6,-1
2023-12-18 07:30:00,2023-12-18 10:45:00,SHORT,41176.75,40816.11,4.32,1,STOP_LOSS,1.00000319519522,1.000175121028081,1.004526678355287,1.0161654523685684,47.5888806161801,87.73074365901192,93.48493843097023,0.3161098779359793,33.584571252331386,0.609537114177711,0.5288864682020871,0.5,1.7044282165257194,0.0,0.0,0.0,0.0,0.0,0.0,0.0,0.0,1.0,0.0,0.0,0.08357981334128019,31,59,28,0,37.3,-1
2023-12-19 01:45:00,2023-12-19 14:00:00,LONG,43308.79,42617.48,-7.89,0,STOP_LOSS,0.9890761701073969,0.9830532445765682,0.9728709110071047,0.9657358751506987,80.93482035614441,64.68395203031214,37.138789167420754,0.07275632990575856,59.87520395396977,0.7455218635027043,0.08098957413121353,0.5,3.4196938685260196,0.0,0.0,0.0,0.0,0.0,1.0,0.0,1.0,0.0,1.0,0.0,0.045889506756997406,67,33,34,1,62.5,1
2023-12-20 02:15:00,2023-12-20 15:15:00,LONG,42377.96,44127.5,20.3,1,STOP_LOSS,0.9992424232790986,0.9991108365223311,1.0005701069084936,0.9981820638047785,52.05015027842583,33.71050329193551,30.908161205836123,0.04174617500277159,13.520768148150557,1.2752400012642247,1.5026174950833104,0.5,1.1218911239074387,0.0,0.0,0.0,0.0,0.0,0.0,0.0,0.0,1.0,0.0,0.0,-0.14330231900668344,59,30,29,1,52.9,1
2023-12-20 16:45:00,2023-12-20 20:00:00,LONG,43696.91,43542.91,-1.76,0,STOP_LOSS,1.0040274799929614,0.9990959099279187,0.9900940678005427,0.9763753726073522,54.4497921395647,3.2392726160804015,9.787659360939818,-0.11901271518838853,48.13095096329746,0.47210390507481353,0.4173022185279793,0.5,1.6791690520968316,0.0,0.0,0.0,0.0,0.0,0.0,0.0,1.0,0.0,0.0,0.0,-0.17945551194680548,67,23,44,1,64.2,1
2023-12-21 03:00:00,2023-12-21 14:15:00,LONG,43545.25,43815.8,3.1,1,STOP_LOSS,0.9987306948064681,0.9998241102467904,0.9997334050233522,0.9873877406642769,49.61488609318887,56.59557565194842,55.33064539370737,0.006442371554454967,32.47202139263104,0.4686449896166955,0.8690635074984578,0.5,1.4928704714984904,0.0,0.0,0.0,0.0,0.0,0.0,0.0,1.0,0.0,0.0,0.0,-0.21843889747842116,67,31,36,1,62.9,1
2023-12-21 19:00:00,2023-12-22 07:30:00,LONG,43633.97,43738.0,1.19,1,STOP_LOSS,0.9990513672745859,1.000598642530248,1.0018472928878102,0.9935777811085631,47.637858431178685,70.26966344869186,63.97481180163796,0.003897607437739044,20.66089315543834,1.1490429657037233,1.0802074541202877,0.5,2.403103785073677,0.0,0.0,0.0,0.0,1.0,0.0,0.0,1.0,0.0,0.0,0.0,-0.10225977448074168,67,31,36,1,59.5,1
2023-12-22 13:30:00,2023-12-22 14:15:00,LONG,43777.91,43421.99,-4.06,0,STOP_LOSS,0.9977154259164963,0.998429138773914,0.9999971462511721,0.9960393119756138,52.9859626762545,68.84658202129219,47.565661109364356,0.09974921659084779,20.773114444605614,1.0437453132736914,1.0571376073605339,0.5,1.2831013808296912,0.0,0.0,0.0,0.0,0.0,1.0,0.0,1.0,0.0,0.0,0.0,-0.03913849260296256,67,33,34,1,57.3,1
2023-12-22 18:15:00,2023-12-22 19:45:00,LONG,43867.92,43645.19,-2.53,0,STOP_LOSS,0.996265456267191,0.9955586738470483,0.9963796420180486,0.9941349614743131,62.07002212419533,95.16579008886684,93.9055091734055,0.2423037598535045,15.562064374592449,1.8412324367744666,1.0729785462685442,0.5,1.6239604808278043,0.0,0.0,0.0,0.0,0.0,0.0,0.0,0.0,0.0,0.0,0.0,-0.009810797764616543,67,26,41,1,56.8,1
2023-12-22 22:30:00,2023-12-23 01:15:00,LONG,43772.72,43751.16,-0.24,0,STOP_LOSS,0.9987095090386694,0.9985856006023063,0.998744973347775,0.9967300864667504,54.813672470628404,53.25396317057999,33.286908118460076,0.004078891675107791,11.654853821756758,2.0458426684183246,1.843087288810632,0.5,0.21223252789335462,0.0,0.0,0.0,0.0,0.0,0.0,0.0,0.0,1.0,0.0,0.0,0.017218616404102036,62,36,26,1,61.2,1
2023-12-25 04:00:00,2023-12-25 05:45:00,SHORT,43132.92,43238.01,-1.21,0,SENAL_ALCISTA,0.9989375756670605,0.9992197257381122,1.0027605283232996,1.008998294512253,50.17759671300629,97.48098083721585,99.1603269457386,0.3479675457105566,44.15169636144029,0.4267643583977787,0.5640828173042973,0.5,1.5027476474244232,0.0,0.0,0.0,0.0,1.0,0.0,0.0,0.0,1.0,0.0,0.0,-0.04153175294241159,37,59,22,0,45.4,-1
2023-12-25 12:45:00,2023-12-25 19:15:00,LONG,43644.74,43435.91,-2.38,0,STOP_LOSS,0.9909014486480241,0.9899205329502538,0.9900917293901423,0.9949708819274441,72.2399603148741,54.78428994778125,42.47006876141726,0.25602947862661524,22.887790751238715,1.974916385119452,0.6546777594795787,0.5,10.457035349240618,0.0,0.0,0.0,0.0,0.0,0.0,0.0,0.0,0.0,0.0,0.0,-0.044984393053787416,67,29,38,0,54.0,1
2023-12-25 22:15:00,2023-12-26 00:45:00,LONG,43619.99,43444.0,-2.0,0,STOP_LOSS,0.997301829866414,0.9970259354881084,0.9962127198161584,0.9963985942808655,59.85790046593827,93.94118808379237,71.92599615123804,0.1450209873898055,22.495092329843338,1.2682882849033719,0.8601206664643086,0.5,1.293590202237704,0.0,0.0,0.0,0.0,0.0,1.0,0.0,1.0,0.0,0.0,0.0,-0.021221179480883753,65,22,43,0,52.9,1
2023-12-26 05:00:00,2023-12-26 10:45:00,SHORT,43232.01,42650.0,6.67,1,STOP_LOSS,1.0038480016112983,1.0048899486053768,1.0053607020546693,1.0054713657983596,33.08835049773784,33.56580925250205,35.16524019834736,-0.15737603093281843,25.082787839173687,0.4385150682103808,1.4947527877482945,0.5,7.457110294345717,0.0,0.0,0.0,0.0,0.0,0.0,0.0,0.0,0.0,0.0,0.0,-0.06963066061340682,33,59,26,0,38.8,-1
2023-12-26 15:45:00,2023-12-26 18:30:00,SHORT,42389.72,41996.53,4.62,1,STOP_LOSS,1.0046339119784498,1.0060642466508332,1.0097293845190127,1.0189020583413837,35.94284929304971,34.60714358740739,30.09076819527457,-0.1053197932935919,40.18503830287203,0.38776030272089046,1.0074497683343875,0.5,5.145510980125132,0.0,0.0,0.0,0.0,0.0,0.0,0.0,0.0,1.0,0.0,0.0,0.00738739409918581,29,59,30,0,33.8,-1
2023-12-27 01:00:00,2023-12-27 06:00:00,SHORT,42336.94,42468.0,-1.55,0,STOP_LOSS,1.0016352495558165,1.0010196110121987,1.0022268471269924,1.0135776701192725,47.2417105266113,4.642899614482255,26.47416188197395,-0.02364861541704822,19.179816732709234,1.064166861843777,1.1520899403301574,0.5,1.4976522124199232,0.0,0.0,0.0,0.0,1.0,0.0,1.0,0.0,1.0,0.0,0.0,0.07711768061393585,37,59,22,0,36.0,-1
2023-12-28 12:30:00,2023-12-28 17:15:00,SHORT,42909.0,42570.71,3.93,1,STOP_LOSS,1.0027772137778515,1.0035548787106499,1.0049985609748793,1.002900925567195,38.787264942498474,39.04988773829945,58.888454254431636,-0.008951784905429848,17.28455775293816,0.8450449194732864,1.5785416174931801,0.5,1.4849621536589943,0.0,0.0,0.0,0.0,0.0,0.0,0.0,0.0,0.0,0.0,0.0,-0.15042894822521952,38,59,21,0,40.8,-1
2023-12-29 00:45:00,2023-12-29 02:45:00,SHORT,42409.91,42571.99,-1.91,0,STOP_LOSS,1.0038225311711952,1.0038685079029634,1.0054938408718397,1.0104527694581178,41.746694392363004,38.73268618555633,55.53722172093118,-0.01852518044638489,13.026085172244365,1.2054514408992163,2.0307688809128903,0.5,1.9060566176567102,0.0,0.0,0.0,0.0,0.0,0.0,1.0,0.0,1.0,0.0,0.0,-0.14956248956006973,34,59,25,0,45.4,-1
2023-12-29 07:15:00,2023-12-29 09:15:00,SHORT,42476.74,42607.03,-1.53,0,STOP_LOSS,1.0022293598729863,1.002350415294751,1.0026859909176122,1.0072200502118909,43.797437579538524,0.0,19.326893479045232,-0.14313847991452872,15.304909401523032,1.0687238081400539,2.048910282961523,0.5,1.9456131597158008,0.0,0.0,0.0,0.0,0.0,0.0,1.0,0.0,1.0,0.0,0.0,-0.14145852177244486,38,59,21,0,39.6,-1
2023-12-29 17:00:00,2023-12-29 21:00:00,SHORT,41884.01,42201.96,-3.79,0,STOP_LOSS,1.0090267008615676,1.01423059424261,1.0165413488631612,1.0200835589267965,25.455660661476085,4.373397899844573,5.6906953625965375,-0.5267571387014359,31.274264516383464,0.36661078392488183,1.4774605543348025,0.5,2.89824912311289,0.0,0.0,0.0,0.0,0.0,0.0,0.0,0.0,0.0,0.0,0.0,0.02352268814439481,37,59,22,0,40.3,-1
2023-12-29 22:15:00,2023-12-30 12:00:00,SHORT,41778.32,42016.74,-2.84,0,STOP_LOSS,1.0038807329943786,1.0062590013569956,1.0109453261384223,1.0192642666735687,35.463939974910325,7.792715484413456,26.356553951847527,-0.005816363350011392,34.15974368905123,0.3551594774906902,1.2191194892493777,0.5,3.9229359918792794,0.0,0.0,0.0,1.0,0.0,0.0,1.0,0.0,0.0,0.0,0.0,0.031523470118307605,36,59,23,0,39.7,-1
2024-01-01 03:30:00,2024-01-01 08:00:00,SHORT,42307.17,42514.24,-2.43,0,STOP_LOSS,1.0039253474516032,1.0042358474022106,1.0044616890612292,1.0026316243130207,38.90871932179564,17.09448543149338,41.46366059302894,-0.07972840560381977,17.092432914018026,1.3847276603758483,2.1345297755868775,0.5,1.4233460352581369,0.0,0.0,0.0,0.0,0.0,0.0,1.0,0.0,1.0,0.0,0.0,0.026945168023615265,35,59,24,0,47.0,-1
2024-01-01 15:45:00,2024-01-01 21:15:00,LONG,42784.0,43650.0,10.03,1,STOP_LOSS,0.9983813718866914,0.9974879250839864,0.9958404834794795,0.9928520431821533,59.73915369227401,69.29655070470542,47.59888356294796,0.03799985951529342,21.417783792238836,1.1593438077668512,0.6140127323697165,0.5,2.2068029947584478,0.0,0.0,0.0,0.0,0.0,0.0,0.0,1.0,0.0,0.0,0.0,-0.08116256552026507,67,26,41,1,55.6,1
2024-01-01 23:30:00,2024-01-02 01:00:00,LONG,44076.05,44847.51,8.74,1,STOP_LOSS,0.9921063312621308,0.9875642471376617,0.980135821964605,0.9690302701194334,74.17629892578572,50.32074307096592,32.178771803166086,0.11387464885489239,46.123476516741384,0.9157156463728161,0.2457580918089443,0.5,1.7117445873535237,0.0,0.0,0.0,0.0,0.0,1.0,0.0,1.0,0.0,1.0,0.0,0.0606391286793052,67,23,44,1,72.5,1
2024-01-02 11:30:00,2024-01-02 14:45:00,LONG,45246.51,45259.0,0.14,1,STOP_LOSS,1.0061048142486548,1.0056124531834558,0.9968386705994118,0.9660736784149513,41.513944766130635,0.0,0.0,-0.3787371688535652,47.96011472655806,0.4182064740337853,0.5008792260199674,0.5,1.2097342593977374,0.0,0.0,0.0,0.0,0.0,0.0,1.0,1.0,0.0,0.0,0.0,-0.02782779405306556,67,45,22,1,79.6,1
2024-01-03 00:45:00,2024-01-03 11:00:00,LONG,45134.76,44738.99,-4.41,0,STOP_LOSS,0.9974717518025376,0.9973764085961762,0.9985400926941925,0.9813855626094857,54.18818771083684,78.68159576647699,69.44824002489312,0.1525115961890029,18.589212245178047,1.1774813576567555,1.1736948468780464,0.5,0.9611230009651334,0.0,0.0,0.0,0.0,0.0,0.0,0.0,0.0,1.0,0.0,0.0,-0.09321227618485566,61,23,38,1,72.6,1
2024-01-03 19:30:00,2024-01-04 01:45:00,LONG,42682.76,42711.74,0.34,1,SENAL_BAJISTA,0.9994320979443961,1.0026868670275992,1.0156762555195809,1.0324487924863988,45.24903506735799,44.396882150828034,31.833461914531597,0.09813779601968324,40.242035010373705,0.49875721726629363,0.8012001055932227,0.5,1.4457834380178238,0.0,0.0,0.0,0.0,0.0,1.0,0.0,0.0,0.0,0.0,0.0,0.05194753852104258,67,42,25,1,38.6,1
2024-01-04 02:45:00,2024-01-04 07:45:00,LONG,43142.69,42760.02,-4.44,0,STOP_LOSS,0.9943677326862718,0.9930150074865698,0.9962810945670053,1.014019084716819,61.79414719930856,95.5195807004117,84.33356317833784,0.1877248148954989,15.413408020662814,1.9618231055638853,1.1233713096992892,0.5,2.464348729883774,0.0,0.0,0.0,0.0,0.0,0.0,0.0,0.0,0.0,1.0,0.0,0.0502811960344586,60,39,21,0,44.8,1
2024-01-04 15:15:00,2024-01-04 23:30:00,LONG,44159.07,44157.28,-0.02,0,STOP_LOSS,0.9876068813652726,0.9824831698730238,0.9784838723705591,0.9855374780087214,80.39020791460818,99.99999999999999,95.45032441482384,0.40332066120930443,28.00724426231659,1.4820049396220205,0.28057019751573525,0.5,3.2256839249406206,0.0,0.0,0.0,0.0,0.0,1.0,0.0,1.0,0.0,1.0,0.0,0.0052352393164234855,67,34,33,0,55.1,1
2024-01-05 09:00:00,2024-01-05 10:45:00,LONG,44048.4,43625.0,-4.8,0,STOP_LOSS,0.9960294162397862,0.9943431372835221,0.9941540410756601,0.9924449851609004,62.37434891755876,91.19235734256907,90.69137161461617,0.2355927038075888,22.54010126723128,1.4658400166624463,0.7705043160879905,0.5,4.7859252984972525,0.0,0.0,0.0,0.0,1.0,0.0,0.0,0.0,1.0,0.0,0.0,-0.23649945998615263,67,40,27,1,51.7,1
2024-01-05 20:15:00,2024-01-06 05:15:00,LONG,43711.99,43681.99,-0.34,0,STOP_LOSS,0.9979650709468858,0.9975807367258102,0.9989559679907619,0.999854508196177,54.54839065637868,94.51188253692462,93.2952354131439,0.1878749757272531,22.052590705909214,0.9022693602292853,0.8105364024036553,0.5,0.47080179376962206,0.0,0.0,0.0,1.0,0.0,0.0,0.0,0.0,0.0,0.0,0.0,-0.2991765372505824,66,33,33,1,55.6,1
2024-01-08 06:15:00,2024-01-08 09:45:00,LONG,44141.0,43720.0,-4.75,0,STOP_LOSS,0.9897469140690547,0.9890744401290823,0.9917313431711348,0.9942436978625612,67.97469359594328,99.23289405928911,94.7427178298103,0.37192494982763397,34.89304297273448,1.1244601192729347,0.44688549805256067,0.5,8.282071300108045,0.0,0.0,0.0,0.0,0.0,0.0,0.0,0.0,1.0,0.0,0.0,-0.08687196367175391,67,30,37,1,52.3,1
2024-01-08 11:15:00,2024-01-08 12:15:00,LONG,44199.99,44509.01,3.47,1,STOP_LOSS,0.995999866410103,0.9938610816343137,0.9926858245899514,0.9931850951397013,64.50424503096016,99.99999999999999,94.13505214603023,0.19013361046342234,22.79585940649546,1.2489613755614157,0.9628138614920096,0.5,2.9187266226527337,0.0,0.0,0.0,1.0,0.0,1.0,0.0,0.0,1.0,0.0,0.0,-0.11351055648593503,67,40,27,1,60.4,1
2024-01-08 17:30:00,2024-01-09 01:15:00,LONG,45398.0,46548.01,12.59,1,STOP_LOSS,0.993745815698496,0.9896402577058971,0.9818934656107655,0.9721283647003135,69.19335809154998,93.75548912976446,67.72120351158131,0.02560747056459867,31.98605948018544,1.1247265868156089,0.4099890617423707,0.5,1.3613310310828715,0.0,0.0,0.0,0.0,0.0,1.0,0.0,1.0,0.0,1.0,0.0,-0.20695073305293124,67,36,31,1,76.7,1
2024-01-09 07:45:00,2024-01-09 10:45:00,LONG,46830.99,46444.0,-4.14,0,STOP_LOSS,0.9993884695269173,0.9988265152446371,0.994159655220482,0.9669474683283127,53.82646767048062,74.67586534061185,73.5702861109797,0.014392094362962593,11.6848433064262,1.7641779175097452,1.3847891447508474,0.5,0.5126425398551713,0.0,0.0,0.0,0.0,1.0,0.0,0.0,0.0,0.0,0.0,0.0,-0.0736941213531557,72,16,56,1,74.4,1
2024-01-09 13:15:00,2024-01-09 21:15:00,LONG,46639.98,45895.7,-7.98,0,STOP_LOSS,0.9982596706222331,0.9989770970015205,0.998462474159851,0.9764111214640836,51.03197626039214,52.29719155086832,55.73894256371321,0.010594301107192745,32.23361074409546,0.26774790312844954,1.080394438156516,0.5,1.422563577785432,0.0,0.0,0.0,0.0,1.0,0.0,0.0,0.0,0.0,0.0,0.0,-0.019499295461133128,72,29,43,1,72.5,1
2024-01-10 17:30:00,2024-01-10 20:00:00,LONG,46282.0,45549.74,-7.87,0,STOP_LOSS,0.9847709743507835,0.9817259494478939,0.9839220847786551,0.9882876690695984,66.10902650171396,94.5272501628603,84.23407918192133,0.3175608026113767,25.589760458423456,1.1773892918680744,0.5991640615857047,0.5,1.2469896303982972,0.0,0.0,0.0,0.0,0.0,1.0,0.0,0.0,1.0,1.0,0.0,-0.3783187278313472,67,46,21,1,62.3,1
2024-01-10 21:15:00,2024-01-11 05:30:00,LONG,45780.0,46020.0,2.59,1,STOP_LOSS,1.0034477923322804,1.0025086104089755,1.0001376756070406,1.0002700346676938,48.85827720888978,33.82473292811478,26.74038434479743,-0.10045946003554154,31.77713147588083,0.3319821441861501,0.7772170673892781,0.5,1.6741040040524804,0.0,0.0,0.0,0.0,0.0,0.0,0.0,0.0,0.0,0.0,0.0,-0.3817528434113814,64,37,27,1,63.7,1
2024-01-11 09:15:00,2024-01-11 13:00:00,LONG,46303.99,47177.87,9.35,1,STOP_LOSS,0.9980025306906767,0.997863245739941,0.9978336594932748,0.9934048148826835,53.38785058871838,97.47571993640109,94.01947633668138,0.20434547644835008,16.794425591381152,1.175815841181139,1.1562728710459944,0.5,0.4232959118873572,0.0,0.0,0.0,0.0,0.0,0.0,0.0,1.0,0.0,0.0,0.0,-0.17474749211983237,72,22,50,1,64.3,1
2024-01-11 14:00:00,2024-01-11 15:15:00,LONG,47793.07,47777.98,-0.16,0,STOP_LOSS,0.9890105184887787,0.9830282917091108,0.9760716128029991,0.9660236335345334,73.06248416474342,39.52950068328228,33.84285540504652,0.1773749114191489,34.05008370552781,1.0279831448231296,0.42597363636996033,0.5,3.6401460409918696,0.0,0.0,0.0,0.0,0.0,0.0,0.0,1.0,0.0,1.0,0.0,-0.16876921295036543,72,29,43,1,60.6,1
2024-01-12 00:30:00,2024-01-12 08:00:00,LONG,46424.0,45838.84,-6.29,0,STOP_LOSS,0.9981595727513496,0.9991886886426798,1.0015670661076799,0.9973566604031591,50.12557466580067,61.257720668211434,54.65393940927034,0.08099678399504662,16.108027750901442,1.1639559118184957,1.272272899547622,0.5,3.151263095733764,0.0,0.0,0.0,0.0,0.0,0.0,0.0,0.0,0.0,0.0,0.0,0.1913304162445797,66,24,42,1,51.1,1
2024-01-12 13:30:00,2024-01-12 20:15:00,SHORT,45683.64,43828.51,20.16,1,STOP_LOSS,1.0037356151517858,1.005087619073387,1.0074701794375338,1.010787957472342,39.340834372671196,0.0,5.033678769483632,-0.12573438359074476,17.66475153261241,0.8129589951014082,1.5533475766528653,0.5,2.018063703269296,0.0,0.0,0.0,0.0,0.0,0.0,1.0,0.0,1.0,0.0,0.0,0.13256719662589295,41,59,18,0,36.3,-1
2024-01-12 22:00:00,2024-01-12 23:00:00,SHORT,42562.57,42824.0,-3.09,0,STOP_LOSS,1.0191398843869068,1.0263399991007007,1.0425959147919464,1.0700031808466237,27.930663746788014,48.51649173898884,63.52012987656025,-0.004551628894311008,42.86207891987535,0.2165931147003781,1.055543050425404,0.5,6.185057793285441,0.0,0.0,0.0,0.0,0.0,0.0,0.0,0.0,1.0,0.0,0.0,-0.16083271411350053,41,59,18,0,27.0,-1
2024-01-15 11:15:00,2024-01-15 13:15:00,SHORT,42609.28,42735.97,-1.49,0,SENAL_ALCISTA,1.0007032850135869,1.000708780059165,0.999935553814555,1.0075370958234382,48.60740701350842,16.821450725577876,18.397832495942865,-0.16769939012806384,13.43762711340758,1.1800367160199738,1.3274067150460713,0.5,0.36851110752075916,0.0,0.0,0.0,0.0,0.0,0.0,0.0,0.0,1.0,0.0,0.0,-0.10134550813528112,35,58,23,0,40.7,-1
2024-01-15 14:15:00,2024-01-15 16:45:00,SHORT,42437.32,42523.54,-1.02,0,STOP_LOSS,1.0049410825509262,1.0051063118364276,1.0045035705880307,1.010912579014438,38.575492508674536,37.15526915520126,69.21462388124527,-0.1080627146670412,12.99046688218549,1.4409351324091422,2.40954285320766,0.5,4.307053682727861,0.0,0.0,0.0,0.0,0.0,0.0,0.0,0.0,0.0,0.0,0.0,-0.04189231942192286,28,62,34,0,37.4,-1
2024-01-15 22:00:00,2024-01-16 03:15:00,SHORT,42491.0,42795.15,-3.59,0,SENAL_ALCISTA,1.0067556501727977,1.0073368744134694,1.0056893767423853,1.00860000366902,39.416645803979954,2.5004975263305216,2.5004975263305216,-0.33942121228990246,19.62122459767193,0.8882638089503924,1.6900154084209633,0.5,1.504931877520302,0.0,0.0,0.0,0.0,0.0,0.0,0.0,1.0,0.0,0.0,0.0,0.013730338631533615,44,62,18,0,41.6,-1
2024-01-17 12:00:00,2024-01-17 18:45:00,SHORT,42578.15,42611.99,-0.4,0,STOP_LOSS,1.0031975276761165,1.0041597154624604,1.0061894140356078,1.007523896563415,34.1494847300197,20.59184025092775,40.50821520921933,-0.04795881078417262,28.197691659984606,0.5124028676949053,1.0263224100888237,0.5,1.669092818453009,0.0,0.0,0.0,0.0,0.0,0.0,1.0,0.0,0.0,0.0,1.0,-0.30582962017045595,44,61,17,0,41.5,-1
2024-01-18 03:00:00,2024-01-18 05:15:00,SHORT,42626.56,42732.48,-1.24,0,SENAL_ALCISTA,1.0004686854548464,1.0005278496138386,1.000593188674322,1.003371452259479,48.41947768542818,54.06485671825537,58.68072932918618,-0.04511691959629135,10.995396002850141,1.6610858179831693,1.9133136150048806,0.5,0.38859124334981593,0.0,0.0,0.0,0.0,0.0,0.0,0.0,0.0,1.0,0.0,0.0,-0.2601178915640549,27,60,33,0,43.6,-1
2024-01-18 10:45:00,2024-01-18 14:45:00,SHORT,42451.03,42739.31,-3.39,0,STOP_LOSS,1.0051949289498854,1.0064775413631526,1.0062734253132337,1.0073508152613702,27.58120130907545,0.0,0.0,-0.4626564096431082,18.756487293607147,0.7981748489767385,1.9086193677531573,0.5,3.0213583846689107,0.0,0.0,0.0,0.0,0.0,0.0,1.0,0.0,0.0,0.0,1.0,-0.19540756984449495,45,61,16,0,43.8,-1
2024-01-18 16:30:00,2024-01-18 17:15:00,SHORT,42125.97,42103.33,0.27,1,STOP_LOSS,1.008350869438392,1.0097481977581726,1.0111628892030453,1.0139095346471163,28.078990667266577,24.083788660803823,44.20343298040862,-0.1897901887451584,21.973296219447427,0.6735254830108236,2.0689196061776642,0.5,5.439085361025488,0.0,0.0,0.0,0.0,0.0,0.0,1.0,0.0,0.0,0.0,0.0,-0.050219273032355044,38,61,23,0,30.4,-1
2024-01-18 18:15:00,2024-01-19 06:30:00,SHORT,41471.5,41367.47,1.25,1,STOP_LOSS,1.0095179745979692,1.016396294424954,1.022212824179144,1.028378189997403,26.858900039095776,24.023743400471705,31.056306071991823,-0.4065512926686496,33.93254175965528,0.30571008867911326,1.077165770454677,0.5,1.6375496091485562,0.0,0.0,0.0,0.0,1.0,0.0,1.0,0.0,0.0,0.0,1.0,-0.07696478688628601,35,61,26,0,30.4,-1
2024-01-19 14:15:00,2024-01-19 17:15:00,SHORT,41057.69,40726.91,4.02,1,STOP_LOSS,1.0056353146842607,1.006479974281831,1.0070617115319456,1.0202100890816372,36.03780265662414,14.43671838566252,18.37899048538025,-0.2464975302029317,14.666984152143279,1.136352138202379,1.7704355578560662,0.5,2.1197711735700606,0.0,0.0,0.0,0.0,0.0,0.0,0.0,0.0,0.0,0.0,1.0,-0.20209825646231752,38,62,24,0,34.0,-1
2024-01-22 01:00:00,2024-01-22 03:45:00,SHORT,41497.78,41199.63,3.6,1,STOP_LOSS,1.0020738481703662,1.0030268426270565,1.0039132643094064,1.0043399028055098,39.97197723038284,35.58053860399064,34.22475264971569,-0.11250499854181963,20.34722068910283,0.90693086619033,1.5943987696313087,0.5,2.1599702440826523,0.0,0.0,0.0,0.0,0.0,0.0,0.0,0.0,0.0,0.0,0.0,-0.22300630070253935,33,61,28,0,37.8,-1
2024-01-22 08:30:00,2024-01-22 11:00:00,SHORT,40812.54,40825.99,-0.17,0,STOP_LOSS,1.004512822271305,1.0067570784987272,1.011107632546224,1.0176775729606937,32.919457096555874,30.897654553221567,48.37339072340846,-0.06033935934761484,31.968075558466822,0.43956202603063765,1.0583350480951625,0.5,2.347882076813575,0.0,0.0,0.0,0.0,0.0,0.0,1.0,0.0,1.0,0.0,0.0,-0.04434962653530288,30,61,31,0,32.8,-1
2024-01-22 15:15:00,2024-01-22 19:45:00,SHORT,40457.8,39823.82,7.86,1,STOP_LOSS,1.0056460628377841,1.0079080513198857,1.0119907092985678,1.0222372223727774,37.2465375824734,9.391201244672743,10.330377842007582,-0.137304029629009,23.324797130379572,0.5794642979112441,1.2205138418549855,0.5,1.9769323908590337,0.0,0.0,0.0,0.0,0.0,0.0,0.0,0.0,1.0,0.0,0.0,-0.06851699544976109,40,61,21,0,32.3,-1
2024-01-23 07:15:00,2024-01-23 12:45:00,SHORT,39803.07,39065.24,9.35,1,STOP_LOSS,1.004580933904691,1.0050374635770283,1.0070292885871024,1.0236274955495537,37.6408113537761,0.0,6.868958275043945,-0.20191319148623232,15.570931776821542,0.9337336622559915,1.9291215782639604,0.5,1.8415097831220366,0.0,0.0,0.0,0.0,0.0,0.0,1.0,0.0,1.0,0.0,0.0,0.009638127179723371,30,62,32,0,29.2,-1
2024-01-23 16:00:00,2024-01-23 17:30:00,SHORT,38974.6,39522.84,-7.14,0,STOP_LOSS,1.0011118027312589,1.0012617017533867,1.0077833411099792,1.032575680452345,46.996054887423995,79.99035010686256,91.78018554214302,0.26283022317845883,29.537195599278316,0.7366061566030354,0.6320090641260037,0.5,1.2624800470727433,0.0,0.0,0.0,0.0,0.0,0.0,0.0,0.0,1.0,0.0,0.0,0.02172292146047352,46,62,16,0,28.8,-1
2024-01-23 20:45:00,2024-01-23 23:15:00,SHORT,39174.69,39806.02,-8.14,0,STOP_LOSS,1.001796663890813,1.0013647354175577,1.0026410972814244,1.0230567085738198,48.072768850537095,29.224749114930813,34.442876079203145,-0.05190897523695045,17.647703419700274,0.9859853570050441,1.176718833852503,0.5,1.5231298337071941,0.0,0.0,0.0,0.0,0.0,0.0,1.0,0.0,1.0,0.0,0.0,-0.021915725596896144,29,62,33,0,40.6,-1
2024-01-24 20:45:00,2024-01-24 23:00:00,SHORT,39539.07,40000.14,-5.86,0,STOP_LOSS,1.005825891223269,1.0082283188299144,1.0094906322512793,1.0109586920782994,36.51008205999382,24.558945164901047,39.762012852244354,-0.15557129142133375,23.00695309947685,0.5764049064224287,1.2528279872380135,0.5,2.7494623757504284,0.0,0.0,0.0,0.0,0.0,0.0,1.0,1.0,0.0,0.0,1.0,-0.10918508095882555,46,62,16,0,45.5,-1
2024-01-25 05:00:00,2024-01-25 06:45:00,SHORT,39841.17,40037.91,-2.47,0,STOP_LOSS,1.0030356156012297,1.003551107127932,1.0032014638827873,1.0033513394345186,39.42233178897782,8.87980839112022,14.605494568842829,-0.23071694883042093,15.520350284346925,0.9354465028834211,1.9272407100362563,0.5,1.6317068088515625,0.0,0.0,0.0,0.0,0.0,0.0,1.0,0.0,1.0,0.0,0.0,-0.06547459959330815,36,62,26,0,46.4,-1
2024-01-25 12:30:00,2024-01-25 18:00:00,SHORT,39905.69,39941.9,-0.45,0,STOP_LOSS,1.0043152439668273,1.0043153228890647,1.0033595846451975,1.002267543722202,38.300974081304155,9.19500337788913,28.544351577406083,-0.18500648906661019,20.962974342774498,1.020834359771454,1.4224985006039446,0.5,2.3025676274010207,0.0,0.0,0.0,0.0,0.0,0.0,1.0,1.0,0.0,0.0,0.0,-0.018260838197884145,33,62,29,0,42.4,-1
2024-01-25 20:45:00,2024-01-25 21:45:00,SHORT,39837.61,39929.25,-1.15,0,SENAL_ALCISTA,1.0007419472509105,1.0008160336707843,1.0017240591135537,1.0030072148430278,47.50350714968862,44.98500499557154,66.1261353847982,0.03889780925769731,17.346834082107875,0.8508095317670551,1.6575835017099565,0.5,1.8146695622078288,0.0,0.0,0.0,0.0,0.0,0.0,0.0,1.0,0.0,0.0,0.0,0.16740978483864774,35,59,24,0,44.9,-1
2024-01-26 08:30:00,2024-01-26 09:45:00,LONG,40155.08,40083.82,-0.89,0,STOP_LOSS,0.9980787965568018,0.9978018062772497,0.9968458839441333,0.9957411768068092,59.47163522264439,90.58643529595551,63.39566538604558,0.019725683887052585,17.779051225667995,1.8009245256615183,1.244763491904517,0.5,1.4147592485546314,0.0,0.0,0.0,0.0,0.0,0.0,0.0,0.0,0.0,0.0,0.0,0.21434563078680624,62,23,39,1,62.4,1
2024-01-26 10:45:00,2024-01-26 12:30:00,LONG,40690.79,41213.06,6.4,1,STOP_LOSS,0.9916434349916231,0.9884630408212302,0.985822731070064,0.9832973601498041,73.94121163697325,91.64077880203257,72.65939824665747,0.42232166535917853,22.508358311425685,1.9099565705876909,0.5484799029235774,0.5,2.6283153678326863,0.0,0.0,0.0,0.0,0.0,1.0,0.0,1.0,0.0,0.0,0.0,0.20244033702547046,62,28,34,1,62.4,1
2024-01-26 16:30:00,2024-01-27 00:30:00,LONG,41813.92,41764.21,-0.6,0,STOP_LOSS,0.9935731157339701,0.9874723310234215,0.9772290440330798,0.9633210523610796,72.52399309760149,78.14717213117774,55.88347347582092,0.09687533267975106,42.21534526414397,0.9265702827384392,0.2670271136062562,0.5,1.3548023828293534,0.0,0.0,0.0,0.0,0.0,1.0,0.0,1.0,0.0,1.0,0.0,0.21140876093616717,62,30,32,1,69.0,1
2024-01-29 01:15:00,2024-01-29 05:30:00,LONG,42195.43,42159.41,-0.43,0,STOP_LOSS,0.9959467707285355,0.9951493023883349,0.9968918387284481,0.9932638379636002,60.92181791866523,91.87411919364992,85.7775402754166,0.3200055687554906,30.537572296752586,0.9862036254825968,0.7751956630077855,0.5,1.576665714537586,0.0,0.0,0.0,0.0,0.0,0.0,0.0,0.0,1.0,0.0,0.0,-0.01683596143476464,64,36,28,1,63.2,1
2024-01-29 09:45:00,2024-01-29 12:30:00,LONG,42291.0,42039.09,-2.98,0,STOP_LOSS,0.9970968603272603,0.9968751345752674,0.996752694705434,0.9929882721369125,59.76119329727885,97.36172948348793,82.93870752401082,0.12769306445299208,14.192145669507534,1.9683795277438558,1.4587041812398036,0.5,1.2793455870372468,0.0,0.0,0.0,0.0,0.0,1.0,0.0,0.0,1.0,0.0,0.0,-0.03394041442565237,64,48,16,1,60.5,1
2024-01-29 15:45:00,2024-01-30 01:30:00,LONG,42647.99,43426.99,9.12,1,STOP_LOSS,0.9886330153661886,0.9880271338242003,0.988278976018235,0.985486129536979,70.30117733134784,79.66745133346589,58.49391464719028,0.2448524445052276,22.047556625023866,1.73885125117097,0.8598410337945691,0.5,4.4399269179454555,0.0,0.0,0.0,0.0,0.0,1.0,0.0,1.0,0.0,1.0,0.0,0.03362537793116418,64,31,33,1,65.1,1
2024-01-30 02:30:00,2024-01-30 05:15:00,LONG,43720.93,43391.76,-3.78,0,STOP_LOSS,0.9942522933138769,0.9908048206678712,0.9845903555062876,0.9705435866611226,71.82780472224793,89.97820210566812,88.61159189383622,0.20038674171646603,35.41113306079345,1.0586220575597283,0.2639311257293259,0.5,2.927138242724202,0.0,0.0,0.0,0.0,0.0,0.0,0.0,0.0,0.0,1.0,0.0,-0.053665022622830655,64,28,36,1,72.9,1
2024-01-30 09:30:00,2024-01-30 12:15:00,LONG,43399.23,43408.05,0.1,1,STOP_LOSS,1.0000849414541357,0.9999924057960895,0.9975905397852297,0.983311405435718,51.13433055675456,69.2529262410518,78.29880689658934,-0.04442305944501217,14.009940556252252,1.3838418032319897,1.614618367018729,0.5,1.3510113541896693,0.0,0.0,0.0,0.0,0.0,0.0,1.0,1.0,0.0,0.0,0.0,-0.09636526428166502,64,24,40,1,71.2,1
2024-01-30 15:15:00,2024-01-30 22:45:00,LONG,43525.0,43328.31,-2.27,0,STOP_LOSS,0.997413622428424,0.997029977167105,0.9961022036211953,0.9838809586319491,57.53437422131245,58.94872158004566,54.754847688691946,0.11749196881785627,24.552170266848574,1.190309035586175,0.46696022777616236,0.5,1.2624410547034508,0.0,0.0,0.0,0.0,0.0,0.0,0.0,1.0,0.0,0.0,0.0,-0.10406419621305056,64,43,21,1,67.8,1
2024-01-31 07:30:00,2024-01-31 09:00:00,LONG,43042.52,42837.62,-2.38,0,STOP_LOSS,0.9988074968819752,0.9986566064699295,1.0006103678818448,0.9984173572725709,53.89598474806055,66.24328707900182,50.956323150494164,0.2098025717352143,20.579373813449077,0.9605783739711882,0.9331403451032401,0.5,0.9545094719311746,0.0,0.0,0.0,0.0,0.0,0.0,0.0,0.0,1.0,0.0,0.0,0.0013755330983679646,58,34,24,1,59.2,1
2024-01-31 15:15:00,2024-01-31 19:15:00,LONG,43019.24,43165.15,1.69,1,STOP_LOSS,0.9954743430189084,0.9941019817373057,0.995660682221028,0.9974957637500239,62.407109167571434,99.99999999999999,97.49430855652982,0.32277945338802494,23.193415701621326,1.0153104106964657,0.8122075685499819,0.5,1.4233393015984321,0.0,0.0,0.0,0.0,0.0,1.0,0.0,0.0,1.0,1.0,0.0,-0.0015800651290978208,64,45,19,1,60.9,1
2024-02-01 04:30:00,2024-02-01 06:15:00,LONG,42083.91,42176.17,1.1,1,SENAL_BAJISTA,0.9999930076368518,1.0032130935391426,1.0097866473055945,1.0172531728804168,39.01042106547607,82.74805907858372,70.59336469127122,0.11932820811221287,51.39524584382053,0.14510437834235784,0.6343884350046883,0.5,1.4980940790857569,0.0,0.0,0.0,1.0,0.0,1.0,0.0,0.0,0.0,0.0,0.0,-0.12766129717118735,64,47,17,1,45.5,1
2024-02-01 11:45:00,2024-02-01 14:00:00,SHORT,42080.28,42248.37,-2.0,0,STOP_LOSS,1.0028242289593416,1.0028899531646815,1.0049684164214574,1.0136304620695418,40.80807521119644,59.13061287014207,76.5732311816958,-0.002895174590717847,22.678773960692187,0.6988860604487668,1.1874594899514563,0.5,2.996893578965618,0.0,0.0,0.0,0.0,0.0,0.0,0.0,0.0,1.0,0.0,0.0,-0.10692203026360234,32,61,29,0,44.2,-1
2024-02-01 15:15:00,2024-02-01 15:45:00,LONG,42905.0,42511.19,-4.59,0,STOP_LOSS,0.9914174484496472,0.9875780890608097,0.9865470666146813,0.9932241397423504,77.20600909221534,99.99999999999999,99.99999999999999,0.5452752861774771,26.465491270866366,1.419556546311256,0.4594024319185197,0.5,1.6205134843045907,0.0,0.0,0.0,0.0,0.0,1.0,0.0,0.0,0.0,1.0,0.0,-0.05944063933642336,64,41,23,0,49.9,1
2024-02-01 17:00:00,2024-02-02 13:30:00,LONG,42933.99,42848.42,-0.99,0,STOP_LOSS,0.9933054753396444,0.9900965497209098,0.9876828064388403,0.9925946628259907,67.07099396804044,38.5239082160094,36.800961442593746,0.1541671476944752,26.352078758464163,1.363059254639007,0.6539345839768529,0.5,1.3674818549787162,0.0,0.0,0.0,0.0,0.0,1.0,0.0,0.0,0.0,1.0,0.0,-0.07114023738728305,64,40,24,1,57.6,1
2024-02-02 16:00:00,2024-02-02 17:30:00,LONG,43389.49,43003.88,-4.43,0,STOP_LOSS,0.9934903513744298,0.9922344046793639,0.9918577317913384,0.9882664748667465,66.11446222897374,97.52643028906343,88.61849777570609,0.3341410190738328,22.578727388183875,1.5129477927165802,0.7566101877708061,0.5,2.4473725403896442,0.0,0.0,0.0,0.0,0.0,1.0,0.0,1.0,0.0,0.0,0.0,0.047595329279432344,64,28,36,1,54.7,1
2024-02-05 07:45:00,2024-02-05 14:00:00,LONG,43072.83,43377.19,3.51,1,STOP_LOSS,0.9956565627037262,0.9930584494034749,0.991949151298534,0.9948579312201734,73.20515412476713,99.99999999999999,96.89467822309342,0.3973514812907002,28.0309452164105,1.5769562436339895,0.4738138817000673,0.5,2.5649189795283265,0.0,0.0,0.0,0.0,0.0,1.0,0.0,0.0,0.0,0.0,0.0,0.10302509502045168,64,44,20,0,54.3,1
2024-02-05 15:15:00,2024-02-05 19:15:00,SHORT,42856.0,42821.01,0.41,1,SENAL_ALCISTA,1.0072846842223022,1.0074304054587357,1.004460374843695,1.0018180222013429,33.02806390295779,0.0,4.850113664385027,-0.4180850815421647,37.45111759701031,0.49357579942863117,0.901135613863434,0.5,2.796027385068985,0.0,0.0,0.0,0.0,0.0,0.0,1.0,1.0,0.0,0.0,0.0,0.2423737541100439,37,61,24,0,45.5,-1
2024-02-05 20:15:00,2024-02-05 23:15:00,SHORT,42433.99,42636.98,-2.38,0,SENAL_ALCISTA,1.0054877853935777,1.0075980344934519,1.009789455078281,1.0107353374224435,32.04206954495729,33.339696147700735,65.14158987506994,-0.051496466113860405,25.9855808862631,0.5829250231674258,1.4113600997269724,0.5,2.7321908560034207,0.0,0.0,0.0,0.0,0.0,0.0,1.0,1.0,0.0,0.0,0.0,0.29679748225885355,45,61,16,0,46.9,-1
2024-02-06 03:00:00,2024-02-06 10:45:00,LONG,42945.09,42798.03,-1.7,0,STOP_LOSS,0.9964648255910548,0.9945536896098596,0.9947280551293027,0.9972123400404417,63.91887604739122,91.13867601840167,89.08739243430568,0.3597948894131104,23.450788398535106,1.1650295690333647,0.47069189410354145,0.5,1.3261776343040215,0.0,0.0,0.0,0.0,0.0,0.0,0.0,0.0,1.0,1.0,0.0,0.11032143570694543,60,41,19,0,49.9,1
2024-02-06 13:30:00,2024-02-06 18:30:00,LONG,42906.02,43083.48,2.05,1,STOP_LOSS,0.9989580418329082,0.9989060788251595,0.9983698418216167,0.9984015965008206,53.97853782652767,72.12142405336795,52.44390309534939,0.020713467282038857,18.628039575189693,1.3112263366874164,1.0190325058019576,0.5,1.4828662307199787,0.0,0.0,0.0,0.0,0.0,0.0,0.0,0.0,0.0,0.0,0.0,0.05250855784284,64,18,46,1,57.5,1
2024-02-06 23:15:00,2024-02-07 03:15:00,LONG,43110.53,42949.68,-1.85,0,STOP_LOSS,1.0012367099783908,1.0011369396616598,0.9995796343223873,0.9960114539417441,47.16806021855112,26.809814919673467,38.56540777575266,-0.11430620103735234,17.91242509869294,1.0713273296217265,1.2952791921145541,0.5,1.755611741596594,0.0,0.0,0.0,0.0,0.0,0.0,0.0,1.0,0.0,0.0,0.0,-0.2396823416081975,64,22,42,1,53.8,1
2024-02-07 09:30:00,2024-02-07 10:45:00,LONG,43174.35,42901.7,-3.14,0,STOP_LOSS,0.995830954209735,0.9955040470592889,0.9960658185511309,0.99498621629288,67.78940482691812,80.7806239898834,64.91782552340965,0.29550537634725116,14.641655769881943,2.4894885517675838,1.2603098224080975,0.5,3.8979316883763757,0.0,0.0,0.0,0.0,0.0,0.0,0.0,0.0,0.0,1.0,0.0,-0.19847503561736268,64,30,34,1,50.3,1
2024-02-07 12:45:00,2024-02-08 01:00:00,LONG,43074.02,44559.99,17.09,1,STOP_LOSS,0.9982194101208024,0.9981236491232628,0.9983703780575837,0.9974407567866664,57.19587471880861,41.933033520990634,28.92674387774102,0.05299441013132794,17.64637906352364,1.5962623398768454,1.4504275089460066,0.5,1.9417937207888103,0.0,0.0,0.0,0.0,0.0,1.0,0.0,0.0,0.0,0.0,0.0,-0.1756589412311244,64,20,44,1,53.3,1
2024-02-08 08:45:00,2024-02-08 12:30:00,LONG,44720.0,44668.24,-0.58,0,STOP_LOSS,0.9976064731033044,0.9965038954053218,0.9920359905079363,0.9755169064743421,66.16906558833966,96.63007263853095,85.48953339412984,0.07313433368244045,41.8622182743475,0.7142445121256721,0.21682524856243052,0.5,1.219657371667085,0.0,0.0,0.0,0.0,0.0,1.0,0.0,1.0,0.0,0.0,0.0,-0.05238340400446076,67,20,47,1,74.3,1
2024-02-08 13:45:00,2024-02-08 16:45:00,LONG,44981.97,45067.07,0.95,1,STOP_LOSS,0.9960724165717328,0.9948663849331236,0.9912677604535345,0.9744367787116832,64.46959387384055,46.11208965089121,33.62721719330084,0.0381694799924178,36.531696990517716,0.8321046383103459,0.3065467785885429,0.5,2.771464166125571,0.0,0.0,0.0,0.0,0.0,0.0,0.0,1.0,0.0,1.0,0.0,-0.0983525771700576,67,37,30,1,79.7,1
2024-02-08 20:45:00,2024-02-09 13:45:00,LONG,45499.09,47465.74,21.68,1,STOP_LOSS,0.9971528082598169,0.994784583590521,0.9899378044938604,0.9709138179902255,62.488116198414495,72.47029793081937,73.84940577381647,0.06573356664608937,30.43600539612728,0.7953127786504498,0.2903946049127721,0.5,1.3528159079022255,0.0,0.0,0.0,0.0,0.0,0.0,0.0,1.0,0.0,0.0,0.0,-0.09966845581884175,67,32,35,1,76.1,1
2024-02-09 18:00:00,2024-02-09 21:00:00,LONG,47750.0,47384.65,-3.9,0,STOP_LOSS,0.9946707887713183,0.9911402121816194,0.9830351097548625,0.9539015496563281,64.64227447163053,93.59743560743513,77.97971003286719,0.08098651678419684,35.87716537960225,0.8333542951522389,0.3001659906149614,0.5,1.8945860803836074,0.0,0.0,0.0,0.0,1.0,0.0,0.0,1.0,0.0,0.0,0.0,-0.2702010260697109,67,39,28,1,86.8,1
2024-02-12 00:00:00,2024-02-12 01:30:00,LONG,48282.82,48416.0,1.4,1,STOP_LOSS,0.9982114593897434,0.9979073502352734,0.9975976515569819,0.9870379262938004,55.31911048137927,81.8615267578598,66.64823788840481,0.1322916835517921,13.054878709972185,1.6004740663098755,1.4772543669367526,0.5,1.8642495233562422,0.0,0.0,0.0,0.0,0.0,0.0,0.0,0.0,0.0,0.0,0.0,-0.12178497796969265,65,27,38,1,70.7,1
2024-02-12 07:00:00,2024-02-12 09:30:00,LONG,48197.99,47962.0,-2.49,0,STOP_LOSS,0.9987344701653592,0.9993127222325834,0.9998865024426605,0.9917181611504359,51.37349033933348,78.99273774446735,68.8282319049046,0.047420187433570085,21.45341710138084,0.7649426804896748,1.5114446667647587,0.5,1.5169054015792938,0.0,0.0,0.0,0.0,0.0,0.0,0.0,0.0,0.0,0.0,0.0,-0.16585345658307224,62,35,27,1,71.2,1
2024-02-12 15:15:00,2024-02-12 17:30:00,LONG,49029.98,49885.15,8.85,1,STOP_LOSS,0.9901664006033705,0.9847828770738242,0.9827032276264871,0.9768167149303911,77.68225162617398,96.76573127890512,98.9219104263017,0.7015635547166327,37.59293202070323,1.1082630592936873,0.22669978312462313,0.5,3.0610463926827802,0.0,0.0,0.0,1.0,0.0,0.0,0.0,0.0,0.0,0.0,0.0,0.059623582674619896,67,28,39,1,78.6,1
2024-02-13 01:30:00,2024-02-13 11:00:00,LONG,50025.2,49714.42,-3.17,0,STOP_LOSS,1.0004666681530145,0.9989905338227745,0.9918669398887859,0.9710717431278795,54.390014286627945,42.906211405930705,53.72326290596838,-0.14434866157961587,36.38241642443759,0.7934026429922,0.28087877179002907,0.5,1.6078285909293548,0.0,0.0,0.0,0.0,1.0,0.0,0.0,1.0,0.0,0.0,0.0,0.08131759551836767,72,27,45,1,72.8,1
2024-02-13 19:30:00,2024-02-14 10:45:00,LONG,49220.01,51298.37,21.51,1,STOP_LOSS,0.9966559182161716,0.9964805950779233,1.001326933347314,0.9967192419679426,53.81122453085064,85.5323066112473,83.93017458689715,0.3926372128016235,34.58315602715347,0.6032472930642926,0.6814941671354378,0.5,0.7414045346185538,0.0,0.0,0.0,0.0,0.0,0.0,0.0,0.0,1.0,0.0,0.0,0.008513296092909503,72,38,34,1,59.1,1
2024-02-14 16:00:00,2024-02-15 16:00:00,LONG,51497.33,51748.7,2.52,1,STOP_LOSS,1.0029330586217373,1.000206878369304,0.9895167265641144,0.9678488854385373,53.04958015274564,6.063569369490313,14.780322144612935,-0.2590613273490372,39.48743094044121,0.4621134802702102,0.5023872048600583,0.5,1.390235668908117,0.0,0.0,0.0,0.0,0.0,0.0,1.0,1.0,0.0,0.0,0.0,0.01640922546168568,67,28,39,1,73.8,1
2024-02-16 00:30:00,2024-02-16 06:45:00,LONG,51962.61,51897.4,-0.65,0,STOP_LOSS,0.9976600095598908,0.9973662624130304,0.9990033998668277,0.9890021964879849,54.502928842477445,94.19366115897746,94.30437239979337,0.25976842205753675,21.099999545324117,0.8559320231466806,1.0790555257015544,0.5,0.48956086805338356,0.0,0.0,0.0,0.0,0.0,0.0,0.0,0.0,0.0,0.0,0.0,0.021423372996234823,65,21,44,1,68.9,1
2024-02-16 10:45:00,2024-02-16 14:45:00,LONG,52294.19,51918.01,-3.72,0,STOP_LOSS,0.9941652563952789,0.9936225545753111,0.9939125482939164,0.9867589145963549,64.19032993635659,99.99999999999999,97.40512715957605,0.25962948308830797,17.130718712883002,1.703195133201608,0.9355065492852187,0.5,1.4422255110208118,0.0,0.0,0.0,0.0,0.0,1.0,0.0,0.0,0.0,1.0,0.0,-0.07114991441702045,67,30,37,1,65.4,1
2024-02-16 23:00:00,2024-02-17 05:15:00,LONG,52000.13,51871.98,-1.27,0,STOP_LOSS,0.9989047163451052,0.9987638348088905,0.9994472789232843,0.9954157729201867,53.78471120281928,90.9933992265513,79.48863553635127,0.15607962422377514,13.269069257035648,1.4851973634102522,1.4121689643133828,0.5,0.7154997803571344,0.0,0.0,0.0,0.0,0.0,1.0,0.0,1.0,0.0,0.0,0.0,-0.19749933359400593,67,22,45,1,62.8,1
2024-02-19 06:00:00,2024-02-19 08:45:00,LONG,52340.0,52099.1,-2.37,0,STOP_LOSS,0.9961081535514172,0.9955478891848278,0.9940170865895921,0.9899083252192827,63.50953759907905,58.01650411457304,38.68241468979582,0.059821510011675794,18.789640306928437,1.6536680266729544,0.7508208504904377,0.5,2.8140128685985264,0.0,0.0,0.0,0.0,0.0,0.0,0.0,1.0,0.0,0.0,0.0,0.04233131566222721,72,16,56,1,62.7,1
2024-02-19 10:15:00,2024-02-19 14:15:00,LONG,52208.26,52080.01,-1.26,0,STOP_LOSS,1.001146284800211,1.000849155424047,0.9991132649842362,0.993892750138929,48.5879327598887,36.764444953199785,43.69704004121657,-0.1078659179776524,17.669775148150553,1.0811591605375286,1.1799796895149455,0.5,1.9970321071574013,0.0,0.0,0.0,0.0,0.0,0.0,0.0,1.0,0.0,0.0,0.0,-0.0014730265844314582,72,18,54,1,61.8,1
2024-02-20 10:30:00,2024-02-20 14:00:00,LONG,52065.72,52245.78,1.78,1,STOP_LOSS,0.9963830928100258,0.9956918317438609,0.9957103531928814,0.9966729447718004,62.50213790691908,98.94424509298658,76.67462023783469,0.16470603903988731,19.184442180508373,1.402378464121685,0.9970467633533449,0.5,1.5048496419607882,0.0,0.0,0.0,0.0,0.0,1.0,0.0,0.0,1.0,1.0,0.0,-0.16722557960017348,67,45,22,1,59.2,1
2024-02-20 23:00:00,2024-02-21 04:15:00,LONG,52393.55,51928.6,-4.57,0,STOP_LOSS,0.9956982080551892,0.9927699956097038,0.9911002054105219,0.9908173074386631,64.35155727314965,84.3653780268396,83.9463766863458,0.23327095874015652,21.41919704585782,1.4552672212266442,0.7115678991489497,0.5,1.8680593486217225,0.0,0.0,0.0,0.0,0.0,0.0,0.0,0.0,0.0,0.0,0.0,-0.046171277078996466,67,30,37,1,57.0,1
2024-02-21 21:15:00,2024-02-22 01:30:00,LONG,51313.98,51371.22,0.57,1,STOP_LOSS,0.9954422338981663,0.9952564892802048,0.9976871557374752,1.0056616204029305,58.54388748815078,79.33914901386014,69.86672203362447,0.17514613969701134,31.036584738883498,0.6789880741728431,0.7160139497863416,0.5,1.7730530062242853,0.0,0.0,0.0,0.0,0.0,0.0,0.0,0.0,1.0,0.0,0.0,-0.1288257906717583,62,42,20,0,52.5,1
2024-02-22 06:45:00,2024-02-22 11:15:00,LONG,51765.8,51629.6,-1.35,0,STOP_LOSS,0.9973690663569179,0.9960645336796767,0.9943004518205978,0.9964519162733771,62.82982025918105,93.43103171474854,79.48885579185612,0.12185179544646389,11.56078900969128,2.406610454978222,1.6204334897415795,0.5,1.3896070498161612,0.0,0.0,0.0,0.0,0.0,1.0,0.0,1.0,0.0,0.0,0.0,-0.007505916078817957,67,24,43,0,52.2,1
2024-02-22 15:30:00,2024-02-22 22:15:00,LONG,51565.99,51206.03,-3.58,0,STOP_LOSS,0.9963075863675225,0.9975623025921037,0.9989103197574205,1.0003190528138448,54.25021053945551,87.74504684314937,82.51446855968966,0.0940514005702369,23.441625451117748,1.0892482160829364,0.8715833684786572,0.5,2.1073616469234646,0.0,0.0,0.0,0.0,0.0,0.0,0.0,1.0,0.0,0.0,0.0,0.01570834698383039,66,38,28,0,49.5,1
2024-02-26 00:15:00,2024-02-26 01:45:00,LONG,51707.1,51473.44,-2.31,0,STOP_LOSS,1.0002771934603676,1.000104094104075,0.9993020155209151,0.9959103742646978,50.32744182940054,13.17555271696736,12.778412385609291,-0.13630181428873905,14.508970045650655,1.4240724945625844,1.8330068071673158,0.5,1.3781443921276109,0.0,0.0,0.0,0.0,0.0,0.0,0.0,0.0,0.0,0.0,0.0,0.08215596421393272,64,18,46,1,52.4,1
2024-02-26 05:30:00,2024-02-26 07:30:00,LONG,51572.0,51335.9,-2.34,0,STOP_LOSS,0.9989599945916764,0.9994394064585936,1.0002657587247212,0.9986270260768612,51.06559301363023,76.62637826105728,79.1122564458219,0.09526648947498086,19.734825909175704,0.9648336891193926,1.203169557826697,0.5,1.7616636882573067,0.0,0.0,0.0,0.0,0.0,0.0,0.0,1.0,0.0,0.0,0.0,-0.09324401384550386,67,31,36,1,46.8,1
2024-02-26 15:15:00,2024-02-27 02:00:00,LONG,52351.99,56373.38,39.2,1,TAKE_PROFIT,0.9870807928099162,0.9829789985002897,0.9820446774757761,0.9827227821987926,81.02977076171432,99.99999999999999,97.99581776481179,0.7050958537120304,30.98917036258531,1.736630106687513,0.3760392647392839,0.5,4.908110766484849,0.0,0.0,0.0,0.0,0.0,1.0,0.0,0.0,0.0,1.0,0.0,0.25422712496053335,67,35,32,1,67.1,1
2024-02-27 02:00:00,2024-02-28 09:00:00,LONG,56373.38,59267.94,26.91,1,STOP_LOSS,0.979345283995202,0.9714993030422779,0.9571894692743305,0.9302559718323483,85.67422733999229,99.99999999999999,77.6154800469725,0.2673929921715062,61.99292689256445,0.9925027678136935,0.06199160446163545,0.5,9.59566841745795,0.0,0.0,0.0,0.0,0.0,1.0,0.0,1.0,0.0,0.0,0.0,0.3651107265859202,72,19,53,1,81.6,1
2024-02-28 13:15:00,2024-02-28 17:15:00,LONG,60273.98,61806.66,13.57,1,STOP_LOSS,0.9875995401958454,0.9806490153829321,0.9682314113002228,0.9333273710955752,79.1868697915654,67.66154326396239,49.38276753518389,0.05331698217898102,43.91070981108355,1.0444659263264078,0.2738057446905134,0.5,2.8427669459194833,0.0,0.0,0.0,0.0,0.0,0.0,0.0,1.0,0.0,0.0,0.0,-0.030180358166930356,72,29,43,1,89.3,1
2024-02-28 18:15:00,2024-02-29 18:30:00,LONG,60252.68,60753.31,4.47,1,STOP_LOSS,1.015990299803182,1.011529825236509,0.9945771726354631,0.9483772239162455,45.91632230680241,0.7939591757423727,0.7939591757423727,-0.19503733743683294,40.133083935600006,0.48726600508485746,0.8125239144725175,0.5,1.564723544310696,0.0,0.0,0.0,1.0,0.0,0.0,0.0,1.0,0.0,0.0,0.0,0.06428733209270716,72,19,53,1,89.1,1
2024-03-01 06:15:00,2024-03-01 14:30:00,LONG,61661.0,61913.48,2.21,1,STOP_LOSS,0.9962321346573181,0.9947954848374526,0.9963052254931779,0.9832445573361265,58.35370815704603,83.761384296361,81.33150929007002,0.22600369002393925,14.96753450443758,1.614960561800322,1.317755837111759,0.5,1.2530172391304073,0.0,0.0,0.0,0.0,0.0,0.0,0.0,0.0,1.0,0.0,0.0,-0.056156933407434134,65,35,30,1,69.5,1
2024-03-01 20:45:00,2024-03-02 01:00:00,LONG,62850.98,62036.28,-7.01,0,STOP_LOSS,0.9930176779658627,0.9897141205056738,0.9868608069464302,0.974411672837169,67.08303683399804,96.7202647346493,88.14750389503791,0.260815580219815,21.95221449105313,1.5527107809741718,0.5608034717685993,0.5,2.224566497489213,0.0,0.0,0.0,0.0,0.0,1.0,0.0,1.0,0.0,0.0,0.0,0.028173772188282566,72,40,32,1,70.3,1
2024-03-04 00:00:00,2024-03-04 00:45:00,LONG,63281.59,63456.21,1.48,1,STOP_LOSS,0.9956973013279973,0.9935709360640425,0.9894979444254979,0.9813426798331738,66.88604018959603,58.749045297496664,39.986918105274185,0.07627697561749965,27.216427962125486,1.130600154423082,0.5242599095439995,0.5,2.3349053210966186,0.0,0.0,0.0,0.0,0.0,0.0,0.0,1.0,0.0,1.0,0.0,0.040344693813413594,72,26,46,1,72.2,1
2024-03-04 02:00:00,2024-03-04 08:45:00,LONG,63266.01,65238.0,16.79,1,STOP_LOSS,1.0031077635169958,0.9999147038166343,0.9940729588303916,0.9834402342214144,51.95650731713368,14.441972690042876,23.96670591954387,-0.010244677497109491,22.6420642407349,0.9779662684238797,1.393933615314429,0.5,1.4404893750936687,0.0,0.0,0.0,0.0,0.0,0.0,1.0,1.0,0.0,0.0,0.0,0.035181820700504164,72,34,38,1,72.2,1
2024-03-04 13:45:00,2024-03-04 17:45:00,LONG,65110.47,66857.1,14.61,1,STOP_LOSS,1.0012444672257594,0.9981892429377198,0.9897249211632665,0.9685587257128707,54.66451963189461,46.38452793668273,49.02459279421301,-0.09850193323854983,21.254842582856725,1.252777721854756,0.7579668782776791,0.5,1.3435825061019588,0.0,0.0,0.0,0.0,0.0,0.0,0.0,1.0,0.0,0.0,0.0,-0.10046372378219648,72,17,55,1,83.2,1
2024-03-04 23:00:00,2024-03-05 04:45:00,LONG,68356.01,67328.01,-8.27,0,STOP_LOSS,0.9897838706369588,0.9840390834760809,0.9724839045640357,0.9399341275734743,70.39464991365783,96.22194219731472,81.45937830292831,0.10892211612312669,31.311931749882174,1.1039453808702562,0.36552329759149627,0.5,3.359071974042212,0.0,0.0,0.0,0.0,0.0,1.0,0.0,1.0,0.0,1.0,0.0,-0.10033247364820794,72,27,45,1,86.9,1
2024-03-05 12:30:00,2024-03-05 15:15:00,LONG,67111.41,67182.07,0.58,1,STOP_LOSS,0.9962933460396066,0.9961665198762951,0.9977694323825147,0.9759430493594689,54.04602839763479,95.4740339389563,78.80425817438348,0.2008492559278029,33.43994878080162,0.6449554132486837,0.7679829068972267,0.5,0.6174112612862732,0.0,0.0,0.0,0.0,0.0,0.0,0.0,1.0,0.0,0.0,0.0,-0.15356126952155874,72,21,51,1,68.9,1
2024-03-06 04:45:00,2024-03-06 12:30:00,LONG,64617.35,65968.46,11.44,1,STOP_LOSS,0.984452018463972,0.9826693387449339,0.9898641295490991,1.0041199960899905,62.88208010807626,95.87802903149331,94.17456415711924,0.2923165082000783,26.106398717285426,1.06430207218913,0.6464936765600685,0.5,1.9005285875792073,0.0,0.0,0.0,0.0,0.0,0.0,0.0,0.0,1.0,1.0,0.0,-0.022468188474178145,72,36,36,1,59.3,1
2024-03-07 06:15:00,2024-03-07 17:45:00,LONG,66118.97,67586.01,12.22,1,STOP_LOSS,0.9976940599985594,0.9986920004950904,1.0006331608168881,0.9956850907592162,51.05175724379748,50.90126505955384,31.358775196200984,0.040996265174853566,33.072552355117466,0.5255372164411087,0.7611875002992213,0.5,1.36142081895458,0.0,0.0,0.0,0.0,0.0,1.0,0.0,0.0,0.0,0.0,0.0,-0.07642956959520172,62,28,34,1,56.6,1
2024-03-07 20:45:00,2024-03-08 15:30:00,LONG,67540.57,68223.1,5.61,1,STOP_LOSS,1.0011053405833592,0.9993104457904324,0.9947092990445505,0.9830054855421546,53.2485559881689,46.09853942549142,46.733833135501314,-0.05630039128232977,30.777385283718033,0.7704018273824612,0.5066385914179936,0.5,1.2400311024171107,0.0,0.0,0.0,0.0,0.0,0.0,0.0,1.0,0.0,0.0,0.0,-0.20021471018409334,72,18,54,1,56.8,1
2024-03-08 21:45:00,2024-03-10 22:30:00,LONG,68159.62,68550.17,3.19,1,STOP_LOSS,1.0073918931863444,1.0054752103382563,0.9997538745860506,0.9864326437316789,45.17830065613404,0.0,26.478837150325695,-0.14373165128776733,15.54209422441937,1.1375579927375021,1.855291371414214,0.5,1.4107507274397784,0.0,0.0,0.0,0.0,0.0,0.0,1.0,0.0,0.0,0.0,0.0,0.10812330179344586,72,21,51,1,59.9,1
2024-03-11 05:00:00,2024-03-11 09:30:00,LONG,68722.93,71491.35,22.49,1,STOP_LOSS,0.9977428031185998,0.9976118291327549,1.000477531400332,0.999391793116421,53.99128113354312,92.5480983569918,94.00918097126122,0.23270313519175448,41.884334203718616,0.4737016115346006,0.6448154063234225,0.5,0.8124868057901302,0.0,0.0,0.0,0.0,0.0,0.0,0.0,0.0,1.0,0.0,0.0,-0.06464915595703996,65,41,24,1,69.6,1
2024-03-11 13:45:00,2024-03-12 06:15:00,LONG,71502.93,71528.0,0.2,1,STOP_LOSS,1.0042315227555672,1.000123787373151,0.9885853824410604,0.9703673470168075,53.46735709459693,18.18542624899718,27.721700390536146,-0.24371032351662864,50.5143209118426,0.48478759842247726,0.3285035692945125,0.5,1.3946990825469712,0.0,0.0,0.0,0.0,0.0,0.0,0.0,1.0,0.0,0.0,0.0,0.11112260136230412,72,28,44,1,73.1,1
2024-03-12 07:30:00,2024-03-12 16:00:00,LONG,72129.39,71459.99,-5.26,0,STOP_LOSS,0.9983637932735481,0.9981420520379585,0.9981450910194742,0.9815172763208707,53.326324372736856,85.09775059179248,84.82462391334475,0.18006445197890183,20.324745233846734,1.109830831853818,1.013253338023654,0.5,0.457198920093683,0.0,0.0,0.0,0.0,0.0,0.0,1.0,0.0,0.0,0.0,0.0,-0.00850796939317088,72,21,51,1,70.8,1
2024-03-12 23:30:00,2024-03-13 09:30:00,LONG,71404.71,73388.01,15.68,1,STOP_LOSS,0.9971823093189267,0.99635975836409,0.9984128361506827,0.9953871538185105,54.6260203965321,90.26631354144422,85.43958015004941,0.16425044288351343,23.579285395857966,0.7765524360881477,0.9077063930168623,0.5,0.6949933352199623,0.0,0.0,0.0,0.0,0.0,0.0,0.0,0.0,0.0,0.0,0.0,-0.03836358821022786,62,31,31,1,63.1,1
2024-03-13 12:30:00,2024-03-13 13:45:00,LONG,72736.25,72190.33,-4.28,0,STOP_LOSS,1.0048736918260983,1.0045470571659243,0.9989967073826637,0.985778653898705,42.95656826512609,3.647760061914481,3.6477600619144805,-0.42481818679057104,37.96728014019613,0.4158393525591344,0.7161618826980485,0.5,2.902333043198443,0.0,0.0,0.0,0.0,0.0,0.0,0.0,1.0,0.0,0.0,0.0,-0.007159920544911446,72,28,44,1,66.8,1
2024-03-13 17:00:00,2024-03-14 13:00:00,LONG,72943.58,72538.1,-3.16,0,STOP_LOSS,0.9975120127115927,0.9974994999933642,0.9962163707956417,0.9851460652949123,54.270789376807734,98.02375642479497,94.26695175474092,0.1073909317039721,29.83497185509096,0.6904521640674999,0.6677496342089774,0.5,0.7559707099373706,0.0,0.0,0.0,0.0,0.0,0.0,0.0,1.0,0.0,0.0,0.0,0.016216194640454044,72,19,53,1,70.5,1
2024-03-15 18:45:00,2024-03-15 20:00:00,LONG,70228.8,67910.92,-18.72,0,STOP_LOSS,0.979556870154107,0.9742524180282252,0.9739123772363112,0.9977771373106747,72.67204212577936,91.39937996294134,80.37069843743242,0.3131404172485641,18.420564571836795,2.1805382503037496,0.6470576567883392,0.5,2.3927657768811224,0.0,0.0,0.0,0.0,0.0,0.0,0.0,0.0,1.0,1.0,0.0,0.048387396769230547,72,51,21,0,43.1,1
2024-03-20 00:30:00,2024-03-20 03:15:00,SHORT,62917.83,63384.41,-4.16,0,STOP_LOSS,0.994647602402262,1.0018714941438014,1.0110113789598607,1.039679148552227,46.15919938501974,78.30754327444544,56.66443098172522,-0.050040833674159325,28.132605190975443,0.6730282421640701,0.8552524563868236,0.5,1.5615265328394823,0.0,0.0,0.0,0.0,0.0,1.0,0.0,0.0,1.0,0.0,0.0,-0.07710354516095416,36,59,23,0,30.0,-1
2024-03-20 04:30:00,2024-03-20 07:15:00,SHORT,61330.48,62611.93,-11.69,0,STOP_LOSS,1.0141997851579023,1.0196740882100905,1.0284714920708136,1.0596128002475045,36.000471469457956,15.18830695874405,19.782453269136486,-0.13011682244334324,19.382620755909223,0.6662998253526627,1.420342681388843,0.5,1.7711494719851075,0.0,0.0,0.0,0.0,0.0,0.0,0.0,0.0,0.0,0.0,1.0,-0.07895684908410827,40,59,19,0,36.3,-1
2024-03-20 16:15:00,2024-03-20 17:15:00,SHORT,62620.58,64086.24,-12.99,0,STOP_LOSS,1.0148544130403963,1.015078089193056,1.0111904503066136,1.0266607733421438,37.19177600544795,9.75880516417535,10.76111313614057,-0.2630606564146284,22.778112876941467,0.5917364970639996,1.2190420622736788,0.5,2.60244509687191,0.0,0.0,0.0,0.0,0.0,0.0,0.0,0.0,1.0,0.0,0.0,0.07967487490350549,36,59,23,0,50.0,-1
2024-03-21 08:45:00,2024-03-21 15:00:00,LONG,67284.03,66313.18,-7.95,0,STOP_LOSS,0.9987087500767948,0.9975830962698745,0.992760542642075,0.9739338933583279,54.79615911119063,86.73817437817604,87.23003389825723,0.13247635463250804,20.481284818287158,1.2383855086233884,0.8175447637308931,0.5,1.968326302746146,0.0,0.0,0.0,0.0,1.0,0.0,0.0,1.0,0.0,0.0,0.0,-0.08431384739465703,72,30,42,1,53.9,1
2024-03-25 03:45:00,2024-03-25 07:45:00,LONG,67356.08,66800.0,-4.52,0,STOP_LOSS,0.99323875553395,0.9912681493052603,0.9855715547576831,0.9713269012327003,67.87737288826966,89.20558853501558,67.6188240794091,0.0429484898789032,33.47211137073825,0.9445320733107894,0.3544647594973732,0.5,1.2276051764706968,0.0,0.0,0.0,0.0,0.0,0.0,0.0,1.0,0.0,0.0,0.0,-0.051702170568256885,72,16,56,1,62.7,1
2024-03-25 10:15:00,2024-03-25 16:00:00,LONG,67073.38,69712.98,21.5,1,STOP_LOSS,0.9994975207044985,0.9994646420837132,0.9966312930508323,0.9812376444140909,51.66287439775126,80.32286836337073,69.24844206133925,-0.019504690652425712,17.829603832865242,1.2926965382197442,0.7848259443516294,0.5,1.3882954470586149,0.0,0.0,0.0,0.0,0.0,0.0,0.0,1.0,0.0,0.0,0.0,0.0018098396136114346,67,34,33,1,58.5,1
2024-03-25 21:15:00,2024-03-26 13:45:00,LONG,69788.73,70390.5,4.78,1,STOP_LOSS,1.01030418217336,1.0070157953764867,0.9931403184142232,0.9610920724134957,44.73380977512809,4.53722328761806,6.324077410608921,-0.4476660371960394,54.75118606989793,0.4240871879734184,0.5000146253006916,0.5,1.7934847445629347,0.0,0.0,0.0,0.0,0.0,0.0,0.0,1.0,0.0,0.0,0.0,0.234633088197062,72,19,53,1,66.6,1
2024-03-27 00:15:00,2024-03-27 07:00:00,LONG,70113.31,70061.68,-0.41,0,STOP_LOSS,0.9990238737539708,0.9986725903112051,0.9997616992452187,0.9866940705778214,52.57355356508366,30.73705453663693,36.18949727402886,0.0776872870058535,16.94656802956029,1.0841887094338725,1.4103557399641649,0.5,1.272143957614971,0.0,0.0,0.0,0.0,0.0,0.0,0.0,0.0,1.0,0.0,0.0,-0.05531251469477576,66,21,45,1,64.3,1
2024-03-27 11:00:00,2024-03-27 13:30:00,LONG,70186.22,70565.15,3.0,1,STOP_LOSS,0.9979738800045399,0.9979016263203191,0.9989232159077494,0.9906625049187567,54.51929159311533,87.32131520400132,89.27086183386389,0.20472324312075685,19.860996918610656,0.8644738555309818,0.975014654781416,0.5,0.6574857408721603,0.0,0.0,0.0,0.0,0.0,0.0,0.0,0.0,0.0,0.0,0.0,-0.017399212638689397,72,15,57,1,61.8,1
2024-03-27 22:15:00,2024-03-28 02:30:00,LONG,69338.5,68979.1,-2.88,0,STOP_LOSS,0.9962525305877054,0.9960443404572517,0.9998859890765879,1.0017237965309258,54.75348291542084,83.1581615360665,84.82799417891795,0.24713169090725576,30.51180798205477,0.5939803572569013,0.6882352695066647,0.5,0.5677372570233614,0.0,0.0,0.0,0.0,0.0,0.0,0.0,0.0,0.0,0.0,0.0,0.17349448316174879,59,40,19,1,56.0,1
2024-03-28 04:30:00,2024-03-28 15:15:00,LONG,69697.51,71064.91,10.9,1,STOP_LOSS,0.9965576642122254,0.9956251415748725,0.9955798211552513,0.9964577898876101,58.196559914492546,92.45720807343741,71.38478798188216,0.08954449424203531,15.255812790114122,1.5481546584012802,1.2371593705108566,0.5,1.3799096548271415,0.0,0.0,0.0,0.0,0.0,1.0,0.0,0.0,0.0,0.0,0.0,0.14372620856506482,72,24,48,1,60.3,1
2024-03-28 22:45:00,2024-03-29 03:15:00,LONG,70851.81,70306.96,-4.3,0,STOP_LOSS,0.9991614757858898,0.9990709514265812,0.9977897873942582,0.9893213577713181,52.61354040017681,81.66830321209483,65.82305399910814,0.0434443045919756,13.2462849776686,1.260229701958928,1.4950819859125837,0.5,0.9243184576337807,0.0,0.0,0.0,0.0,0.0,1.0,0.0,1.0,0.0,0.0,0.0,-0.0680534930930553,72,13,59,1,60.5,1
2024-03-29 13:15:00,2024-03-29 15:15:00,LONG,70162.54,69925.77,-1.88,0,STOP_LOSS,0.9988664807295349,0.998748025101045,1.000679761324121,1.0001717423345635,52.61959581697748,82.0332254731516,78.94815094006866,0.16818382821925004,24.457194242010235,0.6540732862677504,0.7667556239303686,0.5,0.9419235647976746,0.0,0.0,0.0,0.0,0.0,0.0,0.0,0.0,1.0,0.0,0.0,-0.0762039048208421,60,33,27,1,48.7,1
2024-03-29 23:00:00,2024-03-30 19:00:00,LONG,69812.93,69755.4,-0.46,0,STOP_LOSS,0.997812120620641,0.9972079577831906,0.9989177771195562,1.002717302446531,59.91251477370007,98.35608327866468,93.40531203261595,0.2538286156205989,24.36076755934274,0.7560168976921037,0.7172299740166863,0.5,1.7946676804297619,0.0,0.0,0.0,0.0,0.0,0.0,0.0,0.0,1.0,0.0,0.0,0.09884306771838124,72,54,18,1,53.0,1
2024-04-01 00:30:00,2024-04-01 03:15:00,LONG,70922.79,70617.47,-2.4,0,STOP_LOSS,1.0019355666170098,1.0007354545664737,0.9979224758992475,0.9916947862150763,49.69897276856319,25.697372422405618,55.82179681314498,-0.05120473847418556,27.504580203278522,0.8352643596712929,0.7086936753014604,0.5,1.2116213235416764,0.0,0.0,0.0,0.0,0.0,0.0,1.0,1.0,0.0,0.0,0.0,-0.05229985170639759,72,31,41,1,55.7,1
2024-04-03 00:00:00,2024-04-03 01:45:00,SHORT,65344.72,65799.83,-3.87,0,STOP_LOSS,1.0035087343704903,1.0047117366474916,1.007481318296577,1.033351377027119,40.26048367448077,4.898787893858495,14.858367123882259,-0.14592466275092933,26.173642760871797,0.38016758033538267,0.8738990750177397,0.5000000000000061,1.3247039784789443,0.0,0.0,0.0,0.0,0.0,0.0,1.0,0.0,1.0,0.0,0.0,0.011222956410695402,31,59,28,0,38.8,-1
2024-04-03 12:30:00,2024-04-03 14:00:00,SHORT,65804.98,66637.4,-7.02,0,STOP_LOSS,1.0029254579731508,1.0043883748710143,1.0040596170025042,1.0174094325699485,41.413983323818975,40.12848829693225,43.77350401508207,-0.20514090916036848,15.914140592749067,1.0496670809086757,1.544762413554222,0.5,1.3181249846976455,0.0,0.0,0.0,0.0,0.0,0.0,0.0,1.0,0.0,0.0,0.0,-0.16865707436587496,40,59,19,0,37.0,-1
2024-04-03 17:45:00,2024-04-03 22:30:00,SHORT,65955.01,66179.8,-1.88,0,SENAL_ALCISTA,1.0024742661744437,1.002924237895392,1.0025522038279133,1.0128246837520005,45.341353402585426,15.19252631282779,24.59054667754382,-0.09322940123479917,14.15747691045773,1.5042952303674084,1.6190887645985874,0.5,0.5740446630723176,0.0,0.0,0.0,0.0,0.0,0.0,1.0,1.0,0.0,0.0,0.0,-0.024141341447789656,34,59,25,0,36.7,-1
2024-04-04 02:15:00,2024-04-04 07:00:00,SHORT,65609.51,66052.07,-3.72,0,STOP_LOSS,1.0065717035500847,1.006760829936931,1.0064932664036108,1.014496627822779,35.859669157490124,10.90819273180795,21.151890707954617,-0.1838583930606893,13.720458228504278,0.8769158632698956,2.25067806861885,0.5,1.9509422837088877,0.0,0.0,0.0,0.0,0.0,0.0,0.0,0.0,1.0,0.0,0.0,0.01702296783527498,34,59,25,0,36.4,-1
2024-04-05 01:15:00,2024-04-05 05:15:00,LONG,68084.71,66670.02,-11.43,0,STOP_LOSS,1.0030142252579053,1.0017009705121236,0.9968268290707266,0.9847064655201804,48.532512819386845,65.62439090056455,73.14275898970595,-0.004821027362399292,22.60103165082326,1.252220197977029,1.1577082537395316,0.5,1.253212212276186,0.0,0.0,0.0,0.0,0.0,0.0,0.0,1.0,0.0,0.0,0.0,0.0850561808840457,72,38,34,1,53.1,1
2024-04-05 12:45:00,2024-04-06 23:15:00,LONG,66891.93,69399.21,20.47,1,STOP_LOSS,0.9977116227532892,0.9998159415933632,1.003976051741157,1.0029131792806496,48.74301579827198,52.93811953605133,39.10078152815857,0.012297437737721665,24.657456934335553,0.5890953042864873,1.2545452207054926,0.5,1.4752911905456891,0.0,0.0,0.0,0.0,0.0,0.0,0.0,0.0,1.0,0.0,0.0,0.02941229842705605,62,44,18,1,54.7,1
2024-04-08 00:00:00,2024-04-08 13:00:00,LONG,69399.92,72075.11,21.33,1,STOP_LOSS,0.9989847693842028,0.9992011256881598,0.9996679945335413,0.9914147680015197,51.66442202358696,91.11232864170253,89.12196009044928,0.12135719587008095,23.75548182997888,0.5740967945649481,0.9974816166816997,0.5,1.4586980912486287,0.0,0.0,0.0,1.0,0.0,0.0,0.0,1.0,0.0,0.0,0.0,-0.07994665688098815,72,28,44,1,60.5,1
2024-04-08 14:00:00,2024-04-09 01:00:00,LONG,71873.5,71072.32,-6.25,0,STOP_LOSS,1.0028960595283234,1.0006879346569482,0.9905429321089959,0.9697624719268625,52.84506862196011,0.0,2.2973860679460163,-0.42361627697037807,46.54281261142272,0.4780123074292429,0.4550755906131283,0.5,1.2219548406132195,0.0,0.0,0.0,1.0,0.0,0.0,1.0,1.0,0.0,0.0,0.0,-0.03728593520049489,72,35,37,1,69.1,1
2024-04-10 00:00:00,2024-04-10 02:30:00,LONG,69265.0,68748.6,-4.17,0,STOP_LOSS,0.9987545025096248,0.9985007739990759,1.0023145086938583,1.0115697176493794,52.52919279246724,56.01487243641138,38.46656275868653,0.1298976597217601,25.13208238154868,0.5875705147923925,0.8571190002508463,0.5,0.9411344783320642,0.0,0.0,0.0,0.0,0.0,0.0,0.0,0.0,1.0,0.0,0.0,-0.15945669114693595,58,35,23,1,46.9,1
2024-04-10 05:15:00,2024-04-10 10:00:00,LONG,69325.6,68929.02,-3.19,0,SENAL_BAJISTA,0.9974153059950742,0.996672730906023,0.9984622184918123,1.0079187166748755,58.18551795055413,91.82821460721713,82.20736962335208,0.1892411916782431,17.57285100370464,1.41074315280992,1.1349425005484672,0.5,1.3150226254688777,0.0,0.0,0.0,0.0,0.0,1.0,0.0,0.0,0.0,0.0,0.0,-0.089415077459827,71,45,26,1,48.5,1
2024-04-10 16:30:00,2024-04-11 00:15:00,LONG,69076.68,70372.97,10.44,1,STOP_LOSS,0.9948857321762107,0.9938772074309926,0.9960416073538659,1.0060041124979597,58.80225379174382,98.07588264052715,93.76833994444614,0.2651479308933857,18.43665190891392,1.3529939522584424,0.9002558982829867,0.5,1.3717136149460323,0.0,0.0,0.0,0.0,0.0,1.0,0.0,0.0,1.0,0.0,0.0,-0.005169299965345957,65,40,25,0,54.5,1
2024-04-11 04:00:00,2024-04-11 11:30:00,LONG,70609.0,70323.08,-2.27,0,STOP_LOSS,1.0023100349267346,1.0001174598952272,0.9937910987760195,0.9881070988419549,53.01967556317303,34.54976968533636,48.12109785969484,-0.14706336012775245,43.42531058583266,0.45364476715472424,0.3544397473990132,0.5,1.8798274814882874,0.0,0.0,0.0,0.0,0.0,0.0,0.0,1.0,0.0,0.0,0.0,0.03433599447656625,72,17,55,1,58.3,1
2024-04-11 13:15:00,2024-04-11 13:30:00,LONG,70724.98,69812.86,-7.21,0,STOP_LOSS,0.9982560903657269,0.9982044956314274,0.997191643248616,0.990347171324204,53.0177918156293,94.84048998651681,88.61822595886507,0.11132853344987075,20.867339131554118,0.9913909010569458,1.086734620419566,0.5,1.162476210342787,0.0,0.0,0.0,0.0,0.0,0.0,0.0,1.0,0.0,0.0,0.0,-0.013482515319101575,72,22,50,1,52.0,1
2024-04-11 19:15:00,2024-04-12 13:00:00,LONG,70318.26,70307.6,-0.08,0,STOP_LOSS,0.9979611756197139,0.9976487279869909,0.9988227712551735,0.9960308657763961,53.77549571954786,75.25509298275786,71.68310433415901,0.14567049895932654,15.65095365383834,1.2932317080146023,1.2888900158769352,0.5,0.6420680271785358,0.0,0.0,0.0,0.0,0.0,0.0,0.0,0.0,0.0,0.0,0.0,-0.05397475136778179,68,14,54,1,55.5,1
2024-04-16 02:15:00,2024-04-16 06:30:00,SHORT,62799.0,62968.24,-1.5,0,STOP_LOSS,1.0064919831156067,1.0083254840865592,1.0152963585546735,1.0325488869231483,38.244632565601854,9.644418561400045,38.02145780852132,-0.01122362314258861,21.123285496661044,0.8840950567621226,1.16343735870871,0.5,1.380038147093991,0.0,0.0,0.0,0.0,0.0,0.0,1.0,0.0,1.0,0.0,0.0,-0.08862892193110163,35,59,24,0,33.6,-1
2024-04-16 10:15:00,2024-04-16 11:45:00,SHORT,61899.07,63096.02,-10.75,0,STOP_LOSS,1.0175038944129475,1.0188326895467297,1.021547030968332,1.0394376778550698,28.91143702058381,5.324870546628649,23.565638230367803,-0.20289404856714655,18.880461445896806,0.8023694069291822,2.0386435737872697,0.5,3.996925919457988,0.0,0.0,0.0,0.0,0.0,0.0,1.0,0.0,1.0,0.0,0.0,-0.10937170942217408,41,59,18,0,35.7,-1
2024-04-16 13:45:00,2024-04-16 17:15:00,SHORT,62701.71,63015.57,-2.76,0,STOP_LOSS,1.0026904958290779,1.0033370144339775,1.005761877489788,1.022969537105689,46.07556645125379,69.46080557001764,81.01417257357423,-0.009207715171132192,16.979730154448514,0.8524535318336864,1.4767347550551946,0.5,1.4662906630292551,0.0,0.0,0.0,1.0,0.0,0.0,0.0,0.0,1.0,0.0,0.0,-0.18029449020831081,36,59,23,0,31.0,-1
2024-04-17 14:00:00,2024-04-17 16:00:00,SHORT,62117.99,60975.0,10.14,1,STOP_LOSS,1.0058463379594396,1.0102509167120124,1.0159147415378975,1.023662592934554,33.39942963465967,75.68003729583013,68.54554981231608,-0.027572895724522244,40.10576173577362,0.37431008572213836,0.8553642351449421,0.5,2.5751853224322083,0.0,0.0,0.0,0.0,0.0,0.0,0.0,1.0,0.0,0.0,0.0,-0.08150882821018136,41,59,18,0,30.7,-1
2024-04-18 00:15:00,2024-04-18 03:00:00,SHORT,61166.31,62071.92,-8.21,0,STOP_LOSS,1.0019077174762303,1.0021175277425345,1.006574971541199,1.026135961055791,46.54108209848907,25.65007297015946,36.93890243504183,-0.00439997789857512,20.398556856959164,0.7695619010394548,1.2831271746576915,0.5,1.1103103747031335,0.0,0.0,0.0,0.0,0.0,0.0,0.0,0.0,1.0,0.0,0.0,0.02349746593753926,19,61,42,0,41.0,-1
2024-04-18 05:45:00,2024-04-18 09:45:00,SHORT,61075.26,61625.64,-4.97,0,STOP_LOSS,1.0080109996929616,1.0088137334560974,1.0091027821827812,1.0241442445741058,37.279259153495644,6.6029725066348295,6.6029725066348295,-0.27808673792829736,15.598211611594536,0.8893568151188661,1.88653101802252,0.5,1.3684385072008756,0.0,0.0,0.0,0.0,0.0,0.0,0.0,0.0,0.0,0.0,0.0,0.05434042838191973,32,61,29,0,37.9,-1
2024-04-19 03:00:00,2024-04-19 06:30:00,SHORT,61875.0,63636.08,-15.66,0,STOP_LOSS,0.9915009524491846,1.0020457694031517,1.0097993515210677,1.01126813973153,46.70737910084421,60.8455318683075,34.518843003526946,-0.21056164336962147,35.59414177215024,0.6306993611913648,0.9130721187524243,0.5,2.0596751358234404,0.0,0.0,0.0,0.0,0.0,1.0,0.0,0.0,1.0,0.0,0.0,0.17053412794087056,43,59,16,0,42.1,-1
2024-04-19 14:15:00,2024-04-19 23:00:00,LONG,64013.08,63496.0,-4.4,0,STOP_LOSS,1.010229623382052,1.0095388976657904,1.0008121876337261,0.98595701519909,41.8701583183551,6.304462004298889,10.123549249688214,-0.34053960005735495,30.677248137187355,0.6969921450314782,0.8574728320081043,0.5,1.8753686059878423,0.0,0.0,0.0,0.0,0.0,0.0,0.0,0.0,0.0,0.0,0.0,0.19340886804696494,67,29,38,1,53.7,1
2024-04-22 03:30:00,2024-04-22 15:00:00,LONG,65692.28,65761.01,0.57,1,STOP_LOSS,0.991017975206467,0.9891442977864439,0.9882079300211537,0.9836766592826893,73.06304019898346,99.99999999999999,77.72788785747174,0.24817620461509327,18.57439617692822,2.072014092257839,0.7651726650273354,0.5000000000000067,2.0312145762585607,0.0,0.0,0.0,0.0,0.0,1.0,0.0,0.0,0.0,1.0,0.0,-0.07638996259005339,67,38,29,1,60.0,1
2024-04-22 16:15:00,2024-04-23 03:30:00,LONG,66210.01,66566.26,2.92,1,STOP_LOSS,0.9979204095466978,0.997417198789646,0.9950833555418686,0.9844065282532751,56.60494452611954,45.665518760467194,34.235696131566534,7.899392414411801e-05,14.92097129945393,1.8505977066308867,1.3318703247343588,0.5,1.3449860730207168,0.0,0.0,0.0,0.0,0.0,1.0,0.0,1.0,0.0,0.0,0.0,0.08037479435855258,67,14,53,1,64.8,1
2024-04-23 12:45:00,2024-04-23 15:30:00,LONG,66136.16,66440.72,2.51,1,STOP_LOSS,0.9988873510902677,1.0000281115526706,1.0020525586608224,0.9960549447768309,48.42631634501853,59.79122687755548,53.57871564694338,0.03024940560729179,28.83503255057012,0.37621806742233566,0.837655382859838,0.5,1.7080545272860974,0.0,0.0,0.0,0.0,0.0,0.0,0.0,0.0,0.0,0.0,0.0,0.09124934207388269,62,37,25,1,61.0,1
2024-04-24 00:30:00,2024-04-24 08:30:00,LONG,66723.34,66590.3,-1.09,0,STOP_LOSS,0.9966585960947647,0.996173759678271,0.9960909101687554,0.9909233289527298,60.260713629466146,91.36982315927084,93.69261480243779,0.19874437256187286,20.376924819261937,1.1901583333317378,0.8403918574436332,0.5,1.206666524791557,0.0,0.0,0.0,0.0,0.0,0.0,0.0,0.0,1.0,0.0,0.0,-0.13595525707548967,65,36,29,1,62.3,1
2024-04-24 20:15:00,2024-04-25 00:30:00,SHORT,63918.45,64713.78,-6.78,0,STOP_LOSS,1.0048978722602475,1.0108424375748448,1.0209959245841416,1.0314531002198395,27.341505055987998,17.69629686743609,34.87226935491449,-0.07169810858262182,53.65282795727681,0.15307556998793184,0.7665506924555121,0.5,1.4484366042144396,0.0,0.0,0.0,0.0,0.0,0.0,1.0,0.0,1.0,0.0,0.0,0.01932559027753258,42,59,17,0,39.6,-1
2024-04-25 02:00:00,2024-04-25 12:15:00,SHORT,64244.34,64067.19,1.5,1,STOP_LOSS,1.0014030300359757,1.0019259556700288,1.0070476778656865,1.021053507796286,45.383757637901034,33.75950383881412,46.29626910173977,0.059620030532752444,37.043586156780535,0.336025008587146,0.8374842431534784,0.5,1.7010625404982809,0.0,0.0,0.0,0.0,0.0,0.0,0.0,0.0,1.0,0.0,0.0,-0.00911757332400303,32,59,27,0,39.6,-1
2024-04-26 00:30:00,2024-04-26 08:30:00,SHORT,64168.84,64416.75,-2.1,0,SENAL_ALCISTA,1.004389301530139,1.0055536679725323,1.0039274483150127,1.009793945259312,35.43319073365017,0.0,0.3891124990915642,-0.33869591523361786,27.700163512278866,0.6171364314160005,0.7133569842825758,0.5,1.5911442082917873,0.0,0.0,0.0,0.0,0.0,0.0,1.0,0.0,0.0,0.0,0.0,0.06692520835483964,28,59,31,0,43.6,-1
2024-04-26 10:45:00,2024-04-26 13:45:00,SHORT,64094.98,64493.84,-3.37,0,STOP_LOSS,1.0036302001821567,1.0041975661118532,1.0043920336189842,1.0086884008729877,37.2081335915067,0.0,20.715486783949117,-0.13517338954027627,14.591381038863275,1.2053840823581443,1.6372612504419162,0.5,1.795901054968533,0.0,0.0,0.0,0.0,0.0,0.0,1.0,0.0,0.0,0.0,0.0,0.04330562715768694,31,59,28,0,42.3,-1
2024-04-26 22:45:00,2024-04-27 00:45:00,SHORT,63824.03,63192.28,5.36,1,STOP_LOSS,1.0008614428838818,1.0012288930016058,1.0025213166245122,1.0087512089488575,46.239313351518405,15.120115259713991,36.643787197905844,-0.03697807754194934,10.094656989969126,1.6444298614615882,1.9513335523474085,0.5,1.0320335297172079,0.0,0.0,0.0,0.0,0.0,0.0,0.0,0.0,0.0,0.0,0.0,0.07830538008831264,26,59,33,0,39.5,-1
2024-04-29 02:30:00,2024-04-29 10:00:00,SHORT,62753.91,62649.8,0.9,1,STOP_LOSS,1.0055982447937784,1.0075929971747946,1.0103880342947784,1.0132410009238648,26.448529580709756,62.97564855593827,80.21073328459889,-0.06595228398076378,33.93684314559421,0.3592914356192282,1.1720941684013673,0.5,2.428745912286277,0.0,0.0,0.0,0.0,0.0,0.0,1.0,0.0,1.0,0.0,0.0,0.14698345245246008,33,59,26,0,32.7,-1
2024-04-29 13:30:00,2024-04-29 14:15:00,SHORT,61988.75,62830.46,-7.38,0,STOP_LOSS,1.0060709568802209,1.0066238808014427,1.0093848815936846,1.0189899721730298,33.98133993023325,47.399428239384086,69.5848849294763,-0.017268309350861814,28.000916000663057,0.4490831598902629,1.258397126634535,0.5,2.3056203159474418,0.0,0.0,0.0,0.0,0.0,0.0,1.0,0.0,1.0,0.0,1.0,0.007848344783928343,35,59,24,0,44.3,-1
2024-04-30 11:15:00,2024-04-30 14:30:00,SHORT,61299.1,61267.91,0.28,1,STOP_LOSS,1.0075301340532414,1.015332338350452,1.0237245138682352,1.029228854561034,18.886240013973477,19.427133361538115,20.44506634337866,-0.22611179457413721,54.89801225321526,0.0926518205495069,0.7276072452711279,0.5,1.333340165952725,0.0,0.0,0.0,0.0,0.0,0.0,0.0,0.0,0.0,0.0,1.0,0.19953287064844297,41,59,18,0,32.7,-1
2024-05-01 02:00:00,2024-05-01 10:45:00,SHORT,59579.99,57765.2,16.47,1,STOP_LOSS,1.0093015133061123,1.0115141230155924,1.0167468915795812,1.0392565621375116,35.76500212151587,27.155638855310528,34.24298063443547,-0.1824596267877964,30.164336262904282,0.41482677559054637,1.129394552789219,0.5,1.5552428105724565,0.0,0.0,0.0,0.0,0.0,0.0,1.0,0.0,1.0,0.0,0.0,-0.15585503467876125,20,62,42,-1,35.0,-1
2024-05-01 15:15:00,2024-05-01 18:00:00,SHORT,57097.46,57860.88,-7.31,0,STOP_LOSS,1.0045652073815574,1.00857272447737,1.0198807734353308,1.0582305134788252,36.23553670456411,17.535660575008897,23.33198668447093,-0.03207793558858782,31.192598294837584,0.3793710789630032,0.9621096844176381,0.5,1.5024457858802036,0.0,0.0,0.0,1.0,0.0,0.0,0.0,0.0,1.0,0.0,0.0,0.03302479470592349,24,62,38,-1,25.9,-1
2024-05-01 20:15:00,2024-05-02 11:30:00,SHORT,57359.49,58540.63,-11.2,0,STOP_LOSS,1.003818746766371,1.0042036641610166,1.008736842575476,1.0442150120997833,46.53826962450196,21.27105842566254,25.355166688819118,-0.07763681373598001,24.506707844994192,0.8066501133742311,1.0553473595998972,0.5,0.7374663741047858,0.0,0.0,0.0,0.0,0.0,0.0,0.0,0.0,0.0,0.0,0.0,0.19787554837429092,23,62,39,-1,36.2,-1
2024-05-02 20:30:00,2024-05-03 01:00:00,SHORT,58923.33,59342.97,-3.85,0,SENAL_ALCISTA,1.0039566336912347,1.002919681838237,0.9973809745667,1.0003332991585319,46.94539402308698,22.40355787575192,38.69736384744908,-0.18027065478788573,27.815382243164677,0.7354981588489122,0.863551179347217,0.5,1.5335688822609364,0.0,0.0,0.0,0.0,0.0,0.0,0.0,1.0,0.0,0.0,0.0,-0.09598332921870385,39,58,19,-1,43.6,-1
2024-05-03 10:30:00,2024-05-03 12:30:00,SHORT,59024.9,60452.9,-13.03,0,STOP_LOSS,1.0045149891925509,1.0054483795298026,1.004851002996243,1.0016722332258685,36.50678970637555,33.790420610154214,62.10450323801216,-0.10103580293933329,17.78637456986677,0.9173941738535658,1.9868030793293492,0.5,1.5194613094926004,0.0,0.0,0.0,0.0,0.0,0.0,1.0,1.0,0.0,0.0,0.0,-0.04441812414806922,40,62,22,-1,45.6,-1
2024-05-03 20:15:00,2024-05-04 01:45:00,LONG,62756.78,62853.36,0.82,1,STOP_LOSS,0.9890364492656709,0.9842813725088514,0.9732830455143691,0.9533553783666716,75.73970884457287,80.12304165310955,54.92525826522082,0.00699014257445278,43.87259057204916,1.0240591974022846,0.2542256806049847,0.5,2.557488133353833,0.0,0.0,0.0,0.0,0.0,1.0,0.0,1.0,0.0,1.0,0.0,0.08985564249193762,62,42,20,0,63.0,1
2024-05-06 00:00:00,2024-05-06 02:45:00,LONG,64100.0,63828.82,-2.26,0,STOP_LOSS,0.9981069368620548,0.9974594091361776,0.9971062236679441,0.9864133889756087,57.47677746642182,74.74979850598152,82.66470283670648,0.26569521176138333,20.927032430726058,1.3041251175481783,0.7527369782009224,0.5,1.2238986699159093,0.0,0.0,0.0,0.0,0.0,0.0,0.0,1.0,0.0,0.0,0.0,-0.004014910660159835,67,20,47,0,60.8,1
2024-05-06 05:15:00,2024-05-06 10:15:00,LONG,64281.89,64824.32,4.5,1,STOP_LOSS,0.9964520454159946,0.9960339943912204,0.9955181619097733,0.9860900966217874,60.23410964386331,91.34173524233294,76.70235914838916,0.11940901056570793,18.758937107495196,1.4909813434336994,0.9164911048719075,0.5,1.343777339663967,0.0,0.0,0.0,0.0,0.0,0.0,0.0,0.0,0.0,0.0,0.0,0.030720918721727317,67,29,38,0,64.5,1
2024-05-07 07:15:00,2024-05-07 11:30:00,LONG,63819.6,63622.2,-1.66,0,STOP_LOSS,0.9967794527293723,0.995627757400827,0.9954881348533662,0.9959705066848645,60.94037792676792,97.06245938575712,95.15752313630162,0.1524720332577564,19.60117905888372,0.8834119454382817,0.9267790924220662,0.5,1.4813109747222262,0.0,0.0,0.0,0.0,0.0,0.0,0.0,0.0,0.0,0.0,0.0,0.0004975464150267569,62,33,29,0,56.5,1
2024-05-08 06:15:00,2024-05-08 13:45:00,SHORT,62190.7,62440.14,-2.14,0,STOP_LOSS,1.0057020124592098,1.007195451593695,1.0102735368709075,1.017605583359154,32.295592350038405,18.728703948815085,33.20811782511046,-0.13126979897194285,34.39843376889952,0.399801665451347,1.0716893760228985,0.5,1.8334913624590417,0.0,0.0,0.0,0.0,0.0,0.0,1.0,0.0,1.0,0.0,1.0,0.0017058391294967408,32,61,29,-1,44.1,-1
2024-05-08 20:15:00,2024-05-09 02:30:00,SHORT,61749.99,61683.04,0.58,1,STOP_LOSS,1.0069230238881866,1.0087842089524257,1.0100501860784226,1.01813014821223,35.699410978109235,11.286843601586815,19.99177683361561,-0.2650685465686232,19.59586690325534,0.717326660787497,1.7998323903812796,0.5,2.3330363374746246,0.0,0.0,0.0,0.0,0.0,0.0,1.0,0.0,1.0,0.0,0.0,-0.18193627287115863,35,61,26,-1,36.7,-1
2024-05-09 05:15:00,2024-05-09 12:00:00,SHORT,61505.77,61224.49,2.44,1,STOP_LOSS,1.0009443494492416,1.0009497228375013,1.0032973410427368,1.0153422966412196,46.257246476887325,15.029553095953151,18.986947818539367,0.05372869390109684,15.984204632234258,1.3599683207714397,1.138330435361933,0.5,1.3020235055068021,0.0,0.0,0.0,0.0,0.0,0.0,0.0,0.0,1.0,0.0,0.0,-0.16345578499145327,38,61,23,-1,38.8,-1
2024-05-09 13:45:00,2024-05-09 15:00:00,SHORT,61185.5,61872.48,-6.01,0,STOP_LOSS,1.0009702438868222,1.0010508651702958,1.00311921285586,1.0152039922953913,47.28098267843838,60.32116723879808,74.22711834345859,0.09636490604328574,23.31759765864159,0.6917401947354211,1.1475381608943795,0.5,1.408583883960439,0.0,0.0,0.0,0.0,0.0,0.0,0.0,0.0,1.0,0.0,0.0,-0.11719749974150695,27,61,34,-1,48.1,-1
2024-05-10 11:45:00,2024-05-10 13:15:00,LONG,63297.47,62816.51,-4.05,0,STOP_LOSS,0.9964484764239854,0.9957026570314761,0.9934551362870103,0.9872099668065965,60.440213633347994,65.44445255880692,40.40664036237228,0.04725513679809982,17.808396152206186,1.375012439940241,1.0545108121355935,0.5,1.295822955730674,0.0,0.0,0.0,0.0,0.0,1.0,0.0,0.0,0.0,1.0,0.0,-0.01115849610375074,67,29,38,0,56.8,1
2024-05-13 02:15:00,2024-05-13 06:30:00,SHORT,61129.51,61476.72,-3.02,0,STOP_LOSS,1.0036990616573274,1.0042248007838461,1.0035766374440072,1.0024315976415095,39.41760282473848,17.017039323216494,15.955965443196133,-0.1895510039298355,16.36868411971238,1.0238636495174083,1.7444262746623111,0.5,2.1029546364543834,0.0,0.0,0.0,0.0,0.0,0.0,0.0,1.0,0.0,0.0,0.0,-0.0970496857754801,40,61,21,-1,45.3,-1
2024-05-15 05:00:00,2024-05-15 11:15:00,LONG,62035.91,62457.59,3.6,1,STOP_LOSS,0.9980046822183908,0.9966480223108434,0.995642327460449,0.9976788840431691,64.02199731275849,66.30759911817572,57.757429999023756,0.09488760608857788,17.775121629458148,1.6123445288821088,0.7511951897672363,0.5,1.5683369603260278,0.0,0.0,0.0,0.0,0.0,0.0,0.0,0.0,0.0,1.0,0.0,-0.09242866719535943,59,34,25,0,53.3,1
2024-05-15 12:30:00,2024-05-15 15:30:00,LONG,63660.03,64664.19,8.39,1,STOP_LOSS,0.9858695137350718,0.9819450161924407,0.977345781603814,0.9740070959838191,79.33795171197647,63.20611931742215,44.22392743817447,0.19451572341736975,37.78380017240241,1.4875066267167651,0.2639649703078808,0.5,6.1694388686796255,0.0,0.0,0.0,0.0,0.0,1.0,0.0,1.0,0.0,0.0,0.0,-0.08475657557250368,64,30,34,0,72.5,1
2024-05-15 19:15:00,2024-05-16 14:45:00,LONG,65889.65,65607.85,-2.29,0,STOP_LOSS,0.9930685401597782,0.9857466256289822,0.9716990758249543,0.9512004958422531,77.30721213012274,81.27284604085185,74.35960786989298,0.02886204547359805,70.26490409626531,0.49590736680745817,0.04166182884905152,0.5,1.513262677619862,0.0,0.0,0.0,0.0,0.0,0.0,0.0,1.0,0.0,1.0,0.0,-0.01753163411363767,64,35,29,0,77.6,1
2024-05-17 00:15:00,2024-05-17 13:30:00,LONG,65407.91,65921.61,4.19,1,STOP_LOSS,0.9988197673895972,0.9987604091700505,1.000599104701021,0.9901029702729132,52.14882112413379,60.21151391590668,50.551987151088326,0.1175002019510942,10.345219712940397,2.1148425722484308,1.8981848978958251,0.5000000000000095,1.0686475836743172,0.0,0.0,0.0,0.0,0.0,0.0,0.0,0.0,0.0,0.0,0.0,-0.23607464977573897,61,18,43,0,64.9,1
2024-05-17 15:15:00,2024-05-17 17:45:00,LONG,67396.97,66689.36,-5.62,0,STOP_LOSS,0.9888102681081927,0.985451146256395,0.981539662800489,0.9694751730986128,74.8039255024593,99.99999999999999,93.70632808485736,0.3193304748694855,33.0167070329518,1.1126565149203826,0.2933033504141225,0.5,2.253911443602039,0.0,0.0,0.0,0.0,0.0,1.0,0.0,1.0,0.0,1.0,0.0,-0.12082733253250277,67,38,29,0,72.2,1
2024-05-20 01:45:00,2024-05-20 06:45:00,LONG,66523.88,66412.7,-0.89,0,STOP_LOSS,0.9976275457364822,0.9973767848028257,0.999464932755301,1.0016740229473813,57.30210623460098,74.4844869919879,68.43990628479105,0.22266688081079583,26.834417320518558,0.8117897913170797,0.7486789473004773,0.5,1.4678375023080779,0.0,0.0,0.0,0.0,0.0,0.0,0.0,0.0,1.0,0.0,0.0,-0.13837928835022317,65,37,28,1,57.1,1
2024-05-20 10:00:00,2024-05-20 12:30:00,LONG,67047.9,66838.24,-1.67,0,STOP_LOSS,0.9980697545257032,0.9973066588260183,0.9958362383541813,0.9947668234194083,58.50085698545183,80.00997522497084,69.32824939289016,0.002490080722439013,16.12885460915266,1.8264435751677495,1.2214734378904528,0.5,1.5340854879316945,0.0,0.0,0.0,0.0,0.0,0.0,0.0,0.0,0.0,0.0,0.0,-0.10309957834420312,67,27,40,1,60.2,1
2024-05-20 13:30:00,2024-05-20 20:15:00,LONG,66892.41,69512.78,20.85,1,STOP_LOSS,1.0012309066613199,1.0011876415847871,0.9998062844248911,0.997743254520601,47.419301664742235,28.89898878235045,27.533817513009414,-0.13431017702412507,15.623263713810745,1.22579510935445,1.6289666707518449,0.5,2.036360767609402,0.0,0.0,0.0,0.0,0.0,0.0,0.0,1.0,0.0,0.0,0.0,-0.08478409690336186,67,30,37,1,64.0,1
2024-05-20 23:15:00,2024-05-21 14:45:00,LONG,71405.26,70208.84,-9.04,0,STOP_LOSS,0.9799159731459725,0.9724223409349424,0.9606543541093862,0.9436732669052256,81.24513501735244,52.94438750877862,34.33869917204185,0.17113115906072013,53.085592473488404,0.9647418681202578,0.13875327330031995,0.5,1.4401403598045803,0.0,0.0,0.0,0.0,0.0,0.0,0.0,1.0,0.0,1.0,0.0,0.17932234860012303,67,27,40,1,81.9,1
2024-05-22 03:00:00,2024-05-22 04:30:00,LONG,69943.4,69319.5,-4.79,0,STOP_LOSS,1.0020153105248883,1.0018101558615593,1.0022388522395576,0.9923714371334411,44.670744347878056,0.0,16.691218760317838,-0.11607891741086963,12.667884033933898,1.3253911640523202,1.6879361724025759,0.5,1.3341897790417556,0.0,0.0,0.0,0.0,0.0,0.0,1.0,0.0,1.0,0.0,0.0,-0.1252124057949598,68,40,28,1,62.0,1
2024-05-22 09:15:00,2024-05-22 11:45:00,LONG,70011.0,69733.18,-2.12,0,STOP_LOSS,0.9987839489608461,0.9983805043161709,0.99907853300223,0.9927908812861865,54.75110908642912,84.6060729424639,90.25430542352208,0.14622601714443637,16.62137750549376,1.2045538214388611,1.227087671399236,0.5,0.49556234959674994,0.0,0.0,0.0,0.0,0.0,0.0,0.0,0.0,0.0,0.0,0.0,-0.1795443349151515,65,22,43,1,60.1,1
2024-05-22 15:45:00,2024-05-22 17:30:00,LONG,70455.8,69779.99,-5.12,0,STOP_LOSS,0.9952307274875644,0.9933793917650636,0.9929460775631714,0.9879936549375455,63.32436344141372,97.82859130093972,94.34455636196495,0.29054358935593966,23.064278658229284,1.1935226377995332,0.576467953004627,0.5,1.412428510790535,0.0,0.0,0.0,0.0,0.0,0.0,0.0,1.0,0.0,0.0,0.0,-0.039945879307475396,72,32,40,1,64.2,1
2024-05-23 01:30:00,2024-05-23 12:45:00,LONG,69550.51,69430.46,-0.92,0,STOP_LOSS,0.9981039997758435,0.9981026091276671,1.000356284554909,1.0005745869062173,53.62814720339178,86.22882745032882,84.87790702165219,0.26693561221514883,16.91707605679526,1.3228090973797348,1.3620946776030092,0.5,0.89686548405619,0.0,0.0,0.0,0.0,0.0,0.0,0.0,0.0,0.0,0.0,0.0,-0.13651682784524471,59,39,20,1,55.2,1
2024-05-23 23:45:00,2024-05-24 04:15:00,LONG,67971.36,67749.98,-1.73,0,SENAL_BAJISTA,0.9965507883644988,0.9962516904997191,1.001192457416255,1.0145068434489855,54.2606561664505,82.89572487295843,77.02620445918035,0.19666985304318588,28.67446502705973,0.7670241595190279,0.9135377837993702,0.5,0.3931943408436296,0.0,0.0,0.0,0.0,0.0,1.0,0.0,0.0,0.0,0.0,0.0,0.047736760891636636,61,36,25,0,45.5,1
2024-05-24 04:30:00,2024-05-24 07:00:00,SHORT,67694.3,67091.11,4.73,1,STOP_LOSS,1.0017997564798065,1.0016029992393514,1.003422592505822,1.015729110912846,45.791611806811154,18.67275723538407,40.580402125592386,-0.027014220003692583,12.124685499014982,1.5859178731329024,1.9131102762778602,0.5,1.6836195667480394,0.0,0.0,0.0,0.0,0.0,0.0,1.0,0.0,1.0,0.0,0.0,0.02835729063324192,36,59,23,0,41.0,-1
2024-05-24 13:45:00,2024-05-24 14:15:00,SHORT,67078.09,67811.41,-5.83,0,STOP_LOSS,1.003713439137667,1.0039478301195914,1.0055229629944287,1.0183114827864106,40.94989147281638,20.397576628448675,28.61010537744656,-0.0531696575985122,14.641848975483033,1.0405629036050192,1.642796166985672,0.5,1.6921890014922798,0.0,0.0,0.0,0.0,0.0,0.0,0.0,0.0,0.0,0.0,0.0,-0.07093546465471015,26,59,33,0,49.4,-1
2024-05-24 15:15:00,2024-05-25 11:45:00,LONG,68226.17,69080.0,6.64,1,STOP_LOSS,0.9936317951778036,0.9905727569804741,0.9899060712224442,1.0007857233975213,67.60477289923385,99.99999999999999,97.68284733868533,0.3456298261566543,21.494148163315128,1.5516403057721124,0.5646165204240085,0.5,1.2430454768252612,0.0,0.0,0.0,0.0,0.0,1.0,0.0,1.0,0.0,0.0,0.0,-0.1121391358981893,67,44,23,0,49.4,1
2024-05-27 01:30:00,2024-05-27 04:00:00,LONG,69134.56,68822.39,-2.41,0,STOP_LOSS,0.9947208692465686,0.9938776847222788,0.9949815753415158,0.9961629861858767,66.58582442790166,89.40380458323423,90.56002033217874,0.4252886695128707,29.629406007267953,1.2457541273634165,0.6379118196248824,0.5,3.0733596049329726,0.0,0.0,0.0,0.0,0.0,0.0,0.0,0.0,1.0,0.0,0.0,-0.04741812662980366,67,48,19,1,51.0,1
2024-05-27 08:45:00,2024-05-27 12:30:00,SHORT,68621.6,68633.21,-0.09,0,SENAL_ALCISTA,1.0005173733734951,1.000760049020803,1.001701496443137,1.0031874494916295,46.93612981591905,78.51331473576776,89.31880413270721,0.12278779544413797,21.35605178598354,1.0567584003359747,1.2489091292630028,0.5,1.528816548390491,0.0,0.0,0.0,0.0,0.0,0.0,0.0,0.0,1.0,0.0,0.0,-0.11353812397897049,26,59,33,0,46.6,-1
2024-05-27 14:15:00,2024-05-27 16:45:00,LONG,69064.3,70162.96,8.47,1,STOP_LOSS,0.9968060604169106,0.9950799132635676,0.9947577225973505,0.9962108729896743,68.7450401948611,99.99999999999999,99.12018078380423,0.3704159910246769,21.288180468317094,1.6862152842649893,0.838821211073487,0.5,1.311523526868104,0.0,0.0,0.0,0.0,0.0,1.0,0.0,0.0,0.0,0.0,0.0,-0.08238814157369483,67,30,37,1,62.6,1
2024-05-27 19:45:00,2024-05-28 01:45:00,LONG,69267.83,68618.78,-5.02,0,STOP_LOSS,1.0083188583153824,1.0079738880852191,1.0029026760273305,0.9967622083556568,36.884871053898856,2.4446306484475144,2.4446306484475144,-0.5192844103797963,33.057361328970785,0.5666521919396333,1.0781313801935581,0.5,2.3112034718568837,0.0,0.0,0.0,0.0,0.0,0.0,0.0,1.0,0.0,0.0,0.0,0.04640436243749813,67,23,44,1,52.9,1
2024-05-28 10:00:00,2024-05-28 12:00:00,LONG,68718.78,68252.4,-3.62,0,SENAL_BAJISTA,0.9934144061855047,0.9921982687058343,0.9961185101066692,1.0017861841669298,64.35942700977508,96.39734817025735,96.61700908502706,0.5296408734079723,32.34378537109423,0.8972125895824521,0.47777093541326243,0.5,1.457295810573567,0.0,0.0,0.0,0.0,0.0,0.0,0.0,0.0,1.0,0.0,0.0,0.002092726876806276,67,40,27,0,47.5,1
2024-05-28 13:30:00,2024-05-28 19:00:00,SHORT,68032.57,68236.64,-1.6,0,STOP_LOSS,1.0035695419159139,1.0038844100696165,1.005645035848131,1.0110183040462344,42.633696351353066,12.969558884302234,9.634907128421549,-0.11932784146768059,18.784114057902496,0.9967804045035616,1.3734889665395005,0.5,2.740375118236984,0.0,0.0,0.0,0.0,0.0,0.0,0.0,0.0,1.0,0.0,0.0,-0.05623441675519822,38,59,21,0,47.4,-1
2024-05-29 01:45:00,2024-05-29 07:00:00,LONG,68573.23,68353.84,-1.7,0,STOP_LOSS,0.9991688863564501,0.9981630743971037,0.9968553619684835,1.000118012065405,56.25045942356725,57.62685880621359,42.30943360041289,0.002283143985358185,11.280794851739616,2.2558901886910783,1.6235206026654416,0.5,1.7868985605528576,0.0,0.0,0.0,0.0,0.0,0.0,0.0,0.0,1.0,0.0,0.0,-0.12356819676321609,58,39,19,0,51.1,1
2024-05-30 17:15:00,2024-05-30 19:30:00,LONG,69015.18,68724.18,-2.24,0,STOP_LOSS,0.9947391417399798,0.9918074814823062,0.988170484486361,0.9869220010413189,70.18469541800664,83.6473332966622,58.92404637451487,0.16011071585783512,26.237894415180495,1.32087474022821,0.42659643181381607,0.5,1.3655050781512639,0.0,0.0,0.0,0.0,0.0,1.0,0.0,0.0,0.0,0.0,0.0,-0.06577261346170647,67,28,39,0,53.4,1
2024-05-31 02:00:00,2024-05-31 07:30:00,LONG,68618.55,68168.3,-3.48,0,STOP_LOSS,0.9980567755648948,0.9979447836737089,0.9975446273060137,0.994689603395845,55.873464168854696,63.44841960598309,63.777487570936806,0.15761951200702454,17.882211494094722,1.2685138085639307,1.0912691303088677,0.5,1.716707648701444,0.0,0.0,0.0,0.0,0.0,0.0,0.0,1.0,0.0,0.0,0.0,-0.003865284895465932,67,15,52,0,52.1,1
2024-05-31 14:00:00,2024-05-31 16:15:00,SHORT,67809.52,66984.42,6.44,1,STOP_LOSS,1.0075540161916847,1.0079879956221258,1.0081446752541954,1.007135743211997,35.42452875081854,6.663779369770946,29.606756450424445,-0.1824460972676419,25.460539666473377,0.7255386720422277,1.0798474055537421,0.5,2.7265448116396076,0.0,0.0,0.0,0.0,0.0,0.0,1.0,0.0,1.0,0.0,1.0,0.0026236076708234498,31,59,28,0,40.9,-1
2024-05-31 19:30:00,2024-06-01 12:15:00,SHORT,67846.24,67715.94,1.02,1,SENAL_ALCISTA,0.9947744156570424,0.9950992645584013,0.9989804428632014,1.00384401119074,58.092516766775205,99.99999999999999,99.59805431943666,0.3775457685335564,28.27581841449235,0.8410510531071824,0.6671517182093655,0.5,1.378710469229387,0.0,0.0,0.0,0.0,0.0,1.0,0.0,0.0,0.0,0.0,0.0,-0.02500685241995748,39,59,20,0,45.4,-1
2024-06-03 01:00:00,2024-06-03 03:00:00,LONG,68134.16,68289.01,1.21,1,STOP_LOSS,0.9960079249472062,0.9957908304754481,0.9958805410558798,0.9957436925014019,62.494643740109005,54.166574052104494,29.861108833170086,0.0984202455761243,18.866867682609907,1.809121752415408,1.0055482974334828,0.5,3.254991617079079,0.0,0.0,0.0,0.0,0.0,1.0,0.0,0.0,0.0,0.0,0.0,-0.039964669555812946,67,26,41,1,55.6,1
2024-06-03 06:00:00,2024-06-03 13:00:00,LONG,68831.65,69573.11,5.73,1,STOP_LOSS,0.9967890531185958,0.9942488607577709,0.990975618250226,0.9873360429133846,69.86976419638627,89.01286232038203,72.79488472533271,0.1468500234341614,30.541835464949468,1.0204608245026912,0.33880352790334517,0.5,1.3931421094042382,0.0,0.0,0.0,0.0,0.0,0.0,0.0,0.0,0.0,1.0,0.0,0.04344666191133377,67,38,29,1,60.9,1
2024-06-03 14:00:00,2024-06-03 14:30:00,LONG,70054.1,69203.7,-6.49,0,STOP_LOSS,0.9949955342331185,0.9910849825181137,0.985344682628089,0.9752231066072611,69.15516845707111,81.52544480960958,78.76671605006932,0.22763569950390586,35.43723784932383,0.9576117836971054,0.34290796760363224,0.5,1.645771778351027,0.0,0.0,0.0,0.0,0.0,0.0,0.0,1.0,0.0,0.0,0.0,0.022972063370884088,67,33,34,1,67.5,1
2024-06-03 20:15:00,2024-06-03 23:30:00,LONG,69397.17,68759.61,-4.89,0,STOP_LOSS,0.9981760248103884,0.9981000933995046,0.9966509924395556,0.9874072171849764,54.048912054931506,82.80578455118562,52.197298553601186,0.049389773848254305,12.850117916569875,1.9845486500179987,1.5798216323499872,0.5,0.6821900250723282,0.0,0.0,0.0,0.0,1.0,0.0,0.0,1.0,0.0,0.0,0.0,0.11453005265629834,67,15,52,1,55.6,1
2024-06-04 13:00:00,2024-06-04 17:15:00,LONG,69219.49,70488.0,9.72,1,STOP_LOSS,0.9970232632440339,0.9964177469301897,0.9967651473240731,0.9933434795274412,62.61644843978459,87.86679396164725,91.9111959744315,0.21986256059683254,17.09405348234774,1.4937528914517133,0.9954366015451238,0.5,1.29560975048328,0.0,0.0,0.0,0.0,0.0,0.0,0.0,0.0,0.0,0.0,0.0,0.052904762571023695,67,20,47,1,68.6,1
2024-06-05 00:45:00,2024-06-05 10:15:00,LONG,70786.12,70775.96,-0.08,0,STOP_LOSS,0.9976715747138297,0.9965902277582878,0.9926772451070937,0.9801955023456501,62.43705619306683,83.34595236000209,59.5070719835644,0.007909148413142138,18.418852126963966,1.3119186793353683,0.851473897691403,0.5,2.2550033767534985,0.0,0.0,0.0,0.0,0.0,1.0,0.0,1.0,0.0,0.0,0.0,0.1954784464161546,72,12,60,1,71.7,1
2024-06-05 12:30:00,2024-06-05 14:00:00,LONG,71020.87,70450.56,-4.29,0,STOP_LOSS,0.9983300160219116,0.9985554027029819,0.9974945702549324,0.9852541186289626,54.449320157304555,46.51568935959337,55.18140238427914,0.001620342973951031,14.494654182241943,0.9963034820834011,1.3421953979525683,0.5,1.8053192026292337,0.0,0.0,0.0,0.0,0.0,0.0,0.0,1.0,0.0,0.0,0.0,0.057974911333961945,72,16,56,1,73.3,1
2024-06-05 15:15:00,2024-06-05 19:00:00,LONG,71551.49,70924.69,-4.66,0,STOP_LOSS,0.992085562125071,0.991354067230125,0.9905044797604214,0.9793227552213171,65.52066157354152,77.02783933250856,67.53275510708278,0.16752002497980836,17.664231046183613,1.6006700103593878,1.0245072984951795,0.5,2.804223637305126,0.0,0.0,0.0,0.0,0.0,0.0,0.0,1.0,0.0,1.0,0.0,0.026938924216466528,72,21,51,1,73.3,1
2024-06-05 23:00:00,2024-06-06 16:15:00,LONG,71277.44,71063.68,-1.59,0,STOP_LOSS,0.9988058496172849,0.9987867414981776,0.9979791853939206,0.9875694121550468,53.63956485744397,80.7539400808426,74.87939659576345,0.014642348579207244,9.602477840130055,1.9697640236061853,1.6322709448078883,0.5,1.0540475853267854,0.0,0.0,0.0,0.0,0.0,0.0,0.0,0.0,0.0,0.0,0.0,-0.138415333205082,72,12,60,1,66.2,1
2024-06-07 03:30:00,2024-06-07 12:30:00,LONG,70937.08,71013.48,0.57,1,STOP_LOSS,0.9988303696561984,0.9985218230354257,0.9991557697378015,0.9977254082011994,55.89292210729253,83.55034462787444,73.28837342472995,0.17129955296701732,15.2995240317285,1.5740072289003664,1.2881254319449191,0.5,1.2878640743818572,0.0,0.0,0.0,0.0,0.0,0.0,0.0,0.0,1.0,0.0,0.0,-0.15170342231323425,63,37,26,1,59.9,1
2024-06-10 13:30:00,2024-06-10 16:00:00,LONG,69475.72,69880.5,3.09,1,STOP_LOSS,0.9988983031339664,0.9991530665428189,0.9999460103994811,1.0014836243037268,52.51767644856469,35.09433052828747,27.748083374678785,0.04504987589477171,23.084832617972044,0.8816203859897056,0.84432279915141,0.5,3.2064486175458162,0.0,0.0,0.0,0.0,0.0,0.0,0.0,0.0,1.0,0.0,0.0,-0.12754211626147446,65,39,26,0,54.8,1
2024-06-11 01:45:00,2024-06-11 04:30:00,SHORT,68718.64,68086.66,4.89,1,STOP_LOSS,1.0085978425712951,1.0105426336489851,1.0119461034210742,1.0127406303052078,21.122296283564474,15.286248676633104,37.07100794986553,-0.2629336255142027,31.17271854623916,0.2588416093547237,1.5436394226092558,0.5,7.085307263275396,0.0,0.0,0.0,0.0,0.0,0.0,1.0,0.0,0.0,0.0,0.0,0.027212406011777584,36,59,23,0,35.4,-1
2024-06-11 09:45:00,2024-06-11 15:45:00,SHORT,67088.38,66235.35,6.78,1,STOP_LOSS,1.0047394262568274,1.0087537233882755,1.0170628901048324,1.0301126619293668,26.45975837472105,35.695787775854356,57.87300663756879,-0.007854339030468806,63.06524789528614,0.11832853390410782,0.6885048642708882,0.5,2.248298109395037,0.0,0.0,0.0,0.0,0.0,0.0,1.0,0.0,1.0,0.0,0.0,0.11456733362362818,33,59,26,0,25.3,-1
2024-06-12 01:15:00,2024-06-12 02:00:00,SHORT,66980.15,67379.12,-3.19,0,STOP_LOSS,1.0034137271359365,1.003817452997001,1.0040162421780983,1.0178031599409778,40.67030333591409,0.0,2.9963187147483787,-0.3121640558386376,19.325434701827827,0.969498313797123,1.3146754116624164,0.5,2.2595938621400675,0.0,0.0,0.0,0.0,0.0,0.0,1.0,0.0,1.0,0.0,0.0,-0.06372167146313366,35,59,24,0,37.2,-1
2024-06-13 02:00:00,2024-06-13 10:45:00,SHORT,67919.05,67816.64,0.81,1,STOP_LOSS,1.0028677295380362,1.0048624649132263,1.0070083543196675,1.0053553695028836,36.8082173555144,7.848544689555145,22.027887766292796,-0.023061054248724667,32.2561220517407,0.4374442783439608,1.0001747009523678,0.5,1.976315109742459,0.0,0.0,0.0,0.0,0.0,0.0,0.0,1.0,0.0,0.0,0.0,0.043434398193124765,43,59,16,0,43.8,-1
2024-06-13 14:15:00,2024-06-14 05:30:00,SHORT,67283.27,67117.06,1.32,1,SENAL_ALCISTA,1.0054683940147142,1.0059116069286154,1.0070055287970767,1.0111030902222422,38.583345742276165,0.0,33.33333333333333,-0.1366181269404806,23.93415316367163,1.0408463551190572,1.1409368834760436,0.5,1.4551665400182623,0.0,0.0,0.0,0.0,0.0,0.0,1.0,0.0,1.0,0.0,1.0,-0.002154431838859761,34,59,25,0,38.8,-1
2024-06-14 14:15:00,2024-06-14 19:15:00,SHORT,66693.71,65669.54,8.21,1,STOP_LOSS,1.0047681845207779,1.0049656676418623,1.0045052762841282,1.0096994568507054,37.6458334268337,17.580020381701267,39.75481219286812,-0.16329307057477788,18.050640300019385,1.0573277861933346,1.6662885296650738,0.5,2.1767012077290087,0.0,0.0,0.0,0.0,0.0,0.0,1.0,0.0,0.0,0.0,0.0,-0.01228099197115974,29,59,30,0,39.3,-1
2024-06-18 00:30:00,2024-06-18 02:15:00,SHORT,66026.75,65297.27,5.94,1,STOP_LOSS,1.0054038445729525,1.0062717954186964,1.0047336070114716,1.0044505634091887,37.720187331006876,0.0,3.0553522729068154,-0.2966588788013406,16.792907780025924,0.758457942186444,1.3645601378034913,0.5,1.845593652747855,0.0,0.0,0.0,0.0,0.0,0.0,1.0,0.0,0.0,0.0,0.0,-0.13247005927343758,39,59,20,0,40.6,-1
2024-06-18 10:00:00,2024-06-18 15:30:00,SHORT,65376.32,64815.62,4.63,1,STOP_LOSS,1.0030175543029096,1.0037169469481662,1.0055854065413055,1.0106981514800515,38.65010625927521,9.011490919158689,25.37408614668077,-0.08220507555912597,20.77942256445135,0.5803350015894637,1.2072885370978677,0.49999999999999,1.3642670020513987,0.0,0.0,0.0,0.0,0.0,0.0,1.0,0.0,1.0,0.0,0.0,-0.16685998799119028,29,59,30,0,40.1,-1
2024-06-18 19:45:00,2024-06-18 21:45:00,SHORT,64413.79,65225.11,-6.82,0,STOP_LOSS,1.0022074633645777,1.0040364659659273,1.0084847998713846,1.0195762078249544,41.48613046700912,32.610494390462954,43.87378604233946,-0.003965120192813537,41.0888165567079,0.16765111732984425,0.7302556412608275,0.5,1.9456686099830256,0.0,0.0,0.0,0.0,0.0,0.0,0.0,0.0,1.0,0.0,0.0,-0.22626699011432094,35,59,24,0,33.6,-1
2024-06-19 00:15:00,2024-06-19 02:15:00,SHORT,64889.71,65451.53,-4.67,0,STOP_LOSS,1.0027292262811254,1.0016050971884698,1.0017026140743497,1.0104298859402958,47.06988334673619,22.843178880082725,45.18430328759535,-0.030343605291006357,18.008117787448594,0.8771761435839565,1.2192791564955543,0.5,1.35166579987581,0.0,0.0,0.0,0.0,0.0,0.0,0.0,0.0,1.0,0.0,0.0,-0.1625441996376211,30,61,31,0,44.5,-1
2024-06-19 08:30:00,2024-06-19 10:45:00,SHORT,65158.74,65518.67,-2.97,0,STOP_LOSS,1.002089591180879,1.0027959470746994,1.0016753942834893,1.0053566162741996,41.922147115114015,0.0,6.541482965518929,-0.3073906546598207,18.67589950781494,0.7972543598673283,1.401460208193653,0.5,1.2348395821699172,0.0,0.0,0.0,0.0,0.0,0.0,1.0,0.0,0.0,0.0,0.0,-0.08149234219230747,33,61,28,0,42.7,-1
2024-06-19 14:00:00,2024-06-20 01:00:00,SHORT,65009.97,65164.7,-1.28,0,STOP_LOSS,1.0018740264930721,1.0028069945957836,1.003275102080838,1.0067227109322414,40.187122701041865,7.44316305490855,14.459141030219518,-0.10118586197428488,13.73777908330685,1.1154438985593846,1.6526424928692438,0.5,1.3513188786307206,0.0,0.0,0.0,0.0,0.0,0.0,1.0,1.0,0.0,0.0,1.0,-0.11504692789808582,45,61,16,0,40.3,-1
2024-06-20 13:30:00,2024-06-21 04:00:00,SHORT,65407.97,64550.76,7.02,1,STOP_LOSS,1.005700547914721,1.0063348013821942,1.0035298654484635,1.0001276760605073,35.78322218455085,1.1715188181672,0.5003199900486854,-0.41497448390957503,33.892322352673766,0.44104013432537775,0.9536338540568143,0.5,1.6107500655625373,0.0,0.0,0.0,0.0,0.0,0.0,0.0,1.0,0.0,0.0,0.0,0.18261881785754155,41,61,20,0,42.2,-1
2024-06-21 05:00:00,2024-06-21 09:30:00,SHORT,64547.75,64135.57,3.44,1,STOP_LOSS,1.0016596110747167,1.0032037728954082,1.0056146372531825,1.0097460761274715,36.90297170146772,43.943889615852996,40.22729436152113,-0.09559768230015823,31.15313766484167,0.354699496917301,0.9253343085114177,0.5,1.3436148591273718,0.0,0.0,0.0,0.0,0.0,0.0,0.0,0.0,1.0,0.0,0.0,0.007742125794406401,28,61,33,0,37.8,-1
2024-06-24 00:00:00,2024-06-24 05:45:00,SHORT,63102.31,62310.3,6.77,1,STOP_LOSS,1.0057530781872375,1.0092656088968224,1.0130937613387603,1.0178969817484593,16.15620861579385,0.0,8.871953900884243,-0.3791685594606451,57.753474545713686,0.06532368020617563,0.8030737562517994,0.5,3.2113184859499904,0.0,0.0,0.0,0.0,0.0,0.0,1.0,0.0,1.0,0.0,0.0,0.1093248494767427,35,62,27,-1,28.0,-1
2024-06-24 08:30:00,2024-06-24 12:00:00,SHORT,62857.13,61393.74,12.62,1,STOP_LOSS,0.9953253390434735,0.9963653439634126,1.0022080070839285,1.0150578985061889,55.22555973638255,90.65644429465188,86.80572894094877,0.3589202316208835,52.56037611973424,0.4615824142627724,0.45801736076663085,0.5,1.3063058230779656,0.0,0.0,0.0,0.0,0.0,0.0,0.0,0.0,1.0,0.0,0.0,0.06112444500326875,24,62,38,-1,19.0,-1
2024-06-24 16:30:00,2024-06-24 20:30:00,SHORT,60548.76,59193.69,12.23,1,STOP_LOSS,1.0068638529779046,1.010526762339036,1.0191446200835061,1.042327416733582,31.787433628258153,11.832120696182665,17.231994691495178,-0.06885040241995875,45.56179799815614,0.22059097607245834,0.7311052358666323,0.5,1.331933044061432,0.0,0.0,0.0,0.0,0.0,0.0,0.0,0.0,1.0,0.0,0.0,0.03773998604837424,23,62,39,-1,12.9,-1
2024-06-25 07:45:00,2024-06-25 09:45:00,SHORT,60673.93,61467.56,-7.2,0,STOP_LOSS,1.0039443316868641,1.0042571449666766,1.002509251053247,1.0207320932771893,41.91702104658997,0.0,1.9023412286761134,-0.4395202687242307,25.969738651424088,0.7516416881819217,1.0749152939988353,0.5,1.592856128263131,0.0,0.0,0.0,0.0,0.0,0.0,1.0,0.0,1.0,0.0,0.0,0.056721629303315146,16,67,51,-1,33.2,-1
2024-06-25 12:00:00,2024-06-25 14:15:00,SHORT,61122.3,62091.17,-8.69,0,STOP_LOSS,1.0011380820598088,0.9999832111938372,0.9976714796399125,1.0111611983060362,51.586370786727905,30.082284095190843,43.08950770000721,-0.03622198084630749,24.721562464170646,1.0054367197870624,0.7879080352774832,0.5,1.635070791274888,0.0,0.0,0.0,1.0,0.0,0.0,0.0,0.0,0.0,0.0,0.0,0.011068113590480393,32,66,34,-1,43.2,-1
2024-06-26 07:30:00,2024-06-26 13:30:00,SHORT,61687.91,61619.06,0.61,1,STOP_LOSS,0.9993065414568943,1.00049128300263,1.0009269417659405,1.0016268334990457,47.008783190580324,78.3295272457159,51.42358544247252,-0.030736286644315887,13.41599053790479,1.3261757722870002,1.485730911886097,0.5,1.6146576670823967,0.0,0.0,0.0,0.0,0.0,0.0,0.0,1.0,0.0,0.0,0.0,-0.056822770891045184,29,62,33,-1,42.9,-1
2024-06-26 16:30:00,2024-06-27 09:45:00,SHORT,61443.14,61289.43,1.36,1,STOP_LOSS,1.000590650778369,1.0008361159208432,1.0016041148541217,1.004060282898716,47.65744681260285,32.44858546570589,30.475412876877364,-0.032331536272357235,18.676097098921097,0.8569427836644531,0.978883659005373,0.5,0.506267394970953,0.0,0.0,0.0,0.0,0.0,0.0,0.0,0.0,0.0,0.0,0.0,-0.08595365348237657,23,62,39,-1,37.7,-1
2024-06-27 19:45:00,2024-06-27 22:30:00,SHORT,61458.31,61672.84,-1.91,0,SENAL_ALCISTA,1.0032234902436827,1.0037407833733982,1.001322349303504,0.9994942959308537,42.675222431540064,0.0,5.843254285261104,-0.3109370529497141,28.121793524693388,0.5762569420053145,0.6837211703223582,0.5,1.4295705909238092,0.0,0.0,0.0,0.0,0.0,0.0,1.0,1.0,0.0,0.0,0.0,-0.0327206855751256,43,64,21,-1,45.3,-1
2024-06-28 07:45:00,2024-06-28 11:15:00,SHORT,61335.98,61716.25,-3.38,0,STOP_LOSS,1.0029202073850911,1.00427215919915,1.0047132685801785,1.0028739711476915,35.01062391176078,2.2659980026772404,15.17325617959612,-0.22264627774945844,20.729708931178422,0.5150657796180222,1.4703653022707015,0.5,2.0325554110736586,0.0,0.0,0.0,0.0,0.0,0.0,1.0,0.0,0.0,0.0,0.0,0.043978812958507446,30,62,32,-1,44.3,-1
2024-06-28 13:00:00,2024-06-28 13:30:00,SHORT,61383.39,61759.07,-3.33,0,STOP_LOSS,1.0026543783376374,1.0028518958636623,1.0031473127221553,1.002150781389364,39.772676964255396,4.590128238417784,37.92346157175111,-0.0727412144299041,19.88694409755544,0.8334581445505256,1.204515073303991,0.5,1.3676794994510126,0.0,0.0,0.0,0.0,0.0,0.0,1.0,0.0,1.0,0.0,0.0,0.07285658573744842,18,62,44,-1,42.4,-1
2024-06-28 19:15:00,2024-06-29 00:15:00,SHORT,60436.71,60644.7,-1.87,0,STOP_LOSS,1.005280177516802,1.0079224323429603,1.0119431762242144,1.0158035571756978,28.91842192899959,28.601470586850162,42.54520774691578,-0.070411365431015,26.38018788321192,0.3393110446179975,1.2531779895820188,0.5,1.9171832076046265,0.0,0.0,0.0,0.0,0.0,0.0,0.0,0.0,1.0,0.0,0.0,-0.026028035614564876,34,62,28,-1,35.4,-1
2024-07-01 01:00:00,2024-07-01 08:15:00,LONG,63648.39,63114.06,-4.55,0,STOP_LOSS,0.9886806136541446,0.9837165378586504,0.9770520117247338,0.9666035534791294,78.90850030392653,71.28664160202193,56.127820893995604,0.24687991381009683,49.41666081776532,1.0266938365213654,0.21216557506573788,0.5,3.323037448929919,0.0,0.0,0.0,0.0,0.0,1.0,0.0,1.0,0.0,1.0,0.0,0.04373663070399084,62,36,26,0,70.2,1
2024-07-01 16:00:00,2024-07-01 19:30:00,LONG,63283.85,63214.59,-0.59,0,STOP_LOSS,0.9954795570456039,0.9943884990069106,0.9940912687959638,0.9832537355999525,65.17179757748595,92.70251621924163,89.18131603472148,0.30145176626145487,25.53301818950611,1.1112216759957136,0.3952494405958912,0.5,1.5288423254168524,0.0,0.0,0.0,0.0,0.0,0.0,0.0,0.0,0.0,0.0,0.0,-0.020968290675373178,62,30,32,0,63.7,1
2024-07-02 03:30:00,2024-07-02 06:15:00,LONG,63221.65,62883.92,-2.89,0,STOP_LOSS,0.9974610791895838,0.9970222269470252,0.9973234746591033,0.9895212541736561,59.920880908226,94.55675236719092,84.77750877283799,0.2900195782577153,20.690141971479104,1.2407589989746564,0.723435671807735,0.5,1.624004924697466,0.0,0.0,0.0,0.0,0.0,1.0,0.0,1.0,0.0,0.0,0.0,0.10153375154066191,62,38,24,0,61.4,1
2024-07-03 01:45:00,2024-07-03 13:30:00,SHORT,61622.04,60547.44,9.41,1,STOP_LOSS,1.0063151039834493,1.007172355648493,1.0090281672373207,1.0129953922675388,28.88261232216112,15.024918043393084,20.75655580249385,-0.1590259695961941,21.605726012212497,0.5921237492936944,2.1773600405645315,0.5,5.417434768219608,0.0,0.0,0.0,0.0,0.0,0.0,0.0,0.0,1.0,0.0,0.0,0.05424305227109318,28,62,34,-1,39.0,-1
2024-07-03 19:00:00,2024-07-03 21:30:00,SHORT,60143.91,60140.64,0.03,1,STOP_LOSS,1.003006465005097,1.0036509206178088,1.006736524500759,1.0224846692864358,40.03948287757596,25.31825746532438,40.30953230079035,-0.050405088747932376,27.173037345977164,0.5197501738109137,1.0950922768630784,0.5,1.2053637065412266,0.0,0.0,0.0,0.0,0.0,0.0,0.0,0.0,1.0,0.0,0.0,-0.06459290909975697,17,62,45,-1,29.9,-1
2024-07-04 01:30:00,2024-07-04 13:45:00,SHORT,59599.22,57419.6,19.85,1,STOP_LOSS,1.009065132710561,1.0096853294186126,1.0113832222014785,1.0264696933106676,33.05830818070265,13.127259905891819,41.1867247167444,-0.14424309849386172,25.84970504784091,0.39551635396068635,1.6454819139868984,0.5,4.905039633573798,0.0,0.0,0.0,0.0,0.0,0.0,0.0,0.0,1.0,0.0,0.0,-0.10253528096104357,41,64,23,-1,30.4,-1
2024-07-04 23:00:00,2024-07-05 05:45:00,SHORT,58081.34,54809.69,30.96,1,STOP_LOSS,1.0030711052520498,1.0027267947003398,1.0020525723360343,1.0230787484160575,45.956628726485505,2.621881115150522,15.556102903157626,-0.2061993776581163,27.477698503713697,0.9579899888819857,0.8963786065717734,0.5,1.6670942313540835,0.0,0.0,0.0,1.0,0.0,0.0,0.0,0.0,1.0,0.0,0.0,0.018945703173814547,44,64,20,-1,25.1,-1
2024-07-05 18:00:00,2024-07-06 13:45:00,SHORT,56046.17,56990.58,-9.44,0,STOP_LOSS,1.0064909041559646,1.0021080191581941,0.997104513717778,1.0237620457759231,49.99705420104964,20.959132768778865,47.277157234900955,-0.10651021733174695,38.79290088497131,0.6245639977231771,0.47199343889615736,0.5,1.2371538808083002,0.0,0.0,0.0,0.0,0.0,0.0,1.0,0.0,0.0,0.0,0.0,0.02872097451730559,37,65,28,-1,35.7,-1
2024-07-08 00:00:00,2024-07-08 02:15:00,SHORT,55635.66,55288.45,3.48,1,STOP_LOSS,1.0101030300881884,1.0158640465836901,1.0218892836190616,1.027917477239945,24.542696621312974,9.671278641227428,22.080918253845766,-0.3598695896749148,30.009358049979483,0.34286328501105745,1.4226916337138147,0.5,1.9180844584435726,0.0,0.0,0.0,0.0,0.0,0.0,1.0,0.0,1.0,0.0,1.0,0.13958186167871697,31,67,36,-1,32.9,-1
2024-07-08 06:15:00,2024-07-08 08:15:00,SHORT,55693.27,56697.8,-10.07,0,STOP_LOSS,0.9956028064764088,0.9957660127079998,1.0030775934988683,1.0191777624251266,54.01924312582242,87.6869010983153,80.04752570281296,0.2801823812231605,35.87173299172899,0.5032116044439011,0.6489503157961635,0.5,1.2891481248256595,0.0,0.0,0.0,0.0,0.0,0.0,0.0,0.0,1.0,0.0,0.0,-0.03251911701202604,20,67,47,-1,38.9,-1
2024-07-08 14:15:00,2024-07-08 21:15:00,SHORT,55632.22,56609.16,-9.74,0,STOP_LOSS,1.021796487667077,1.0229982369860793,1.0185377822152824,1.0210737854797696,32.8284607951042,26.161303685565308,23.843101904752764,-0.35204684266142205,22.969721877435383,0.6616287586479953,1.521926838296306,0.5,4.079923217672849,0.0,0.0,0.0,0.0,0.0,0.0,0.0,1.0,0.0,0.0,0.0,0.05170926480599865,28,67,39,-1,40.9,-1
2024-07-09 13:30:00,2024-07-09 14:00:00,SHORT,57129.27,57867.85,-7.13,0,STOP_LOSS,1.0031126374912123,1.0041240912018567,1.002024277992636,0.996280734091438,40.934068654559745,0.0,1.5944719616244882,-0.22965668057864247,17.803560162780546,0.8388833266853383,1.242006563815947,0.5,1.638901139703092,0.0,0.0,0.0,0.0,1.0,0.0,1.0,1.0,0.0,0.0,0.0,-0.21021026721148128,36,63,27,-1,51.6,-1
2024-07-09 16:00:00,2024-07-10 08:00:00,LONG,57593.81,58738.71,10.91,1,STOP_LOSS,0.9967337482612775,0.9966079157540483,0.9949733879823698,0.9890915034885038,54.91119790246137,47.273903205833705,36.12003031667542,0.016569999801797724,14.654733805315663,1.5776666496997047,1.316620304077344,0.5,0.7175545594831779,0.0,0.0,0.0,0.0,0.0,1.0,0.0,1.0,0.0,0.0,0.0,-0.21209121904263287,59,35,24,0,54.2,1
2024-07-10 13:30:00,2024-07-10 23:30:00,SHORT,57685.58,57871.67,-1.78,0,SENAL_ALCISTA,1.008044471177904,1.0117725156662758,1.0121857679846786,1.0008328573406422,28.697765025962017,23.20446342899263,29.307322183942293,-0.315408154459331,28.898193117975843,0.36492480878349,1.3207678964011536,0.5,2.6315759978304984,0.0,0.0,0.0,0.0,0.0,0.0,0.0,1.0,0.0,0.0,0.0,-0.033641265385704965,37,67,30,0,50.8,-1
2024-07-11 01:30:00,2024-07-11 03:00:00,LONG,58031.22,57628.29,-3.83,0,STOP_LOSS,0.9937365976663053,0.9930561858549836,0.9947038793412072,0.9941301566280998,61.995430309456324,56.52962043223013,41.39197019316769,0.15759471612664377,22.054880141142274,1.4247474436649457,0.7462798606785342,0.5,1.8221588983567645,0.0,0.0,0.0,0.0,0.0,0.0,0.0,0.0,1.0,1.0,0.0,-0.008989440675690111,59,39,20,0,49.8,1
2024-07-11 12:30:00,2024-07-11 14:00:00,LONG,58910.46,58293.97,-5.76,0,STOP_LOSS,0.9952793014397331,0.9917264211628416,0.9873523287813593,0.982005732905266,72.54713600847401,63.347818795861855,69.9418254358063,0.13685202082532175,31.071340007731667,1.252772933578437,0.3338080070038811,0.5,5.863430807624432,0.0,0.0,0.0,0.0,1.0,0.0,0.0,0.0,0.0,0.0,0.0,-0.106669135887697,59,40,19,0,48.0,1
2024-07-11 22:15:00,2024-07-12 01:30:00,SHORT,57525.58,56782.45,7.09,1,STOP_LOSS,0.9988934948155996,1.0006079211950003,1.003959037671421,1.0049728469268362,46.83219366638961,73.5039566438634,61.03056574531908,0.06969198536292814,25.91328788152568,0.5593354346510439,0.9139620308860652,0.5,1.6274732052097542,0.0,0.0,0.0,0.0,0.0,0.0,0.0,1.0,0.0,0.0,0.0,0.017541441365812652,32,58,26,0,47.6,-1
2024-07-12 07:45:00,2024-07-12 12:15:00,SHORT,57100.42,57447.68,-3.35,0,STOP_LOSS,1.00012307815357,1.00018481381431,1.00256398832444,1.008627741277267,48.98162161047808,43.57211726928996,56.85771905981508,0.06660929472273476,20.991907022563943,0.7818764502623197,1.3027701700117098,0.5,1.371645772123227,0.0,0.0,0.0,0.0,0.0,0.0,0.0,0.0,1.0,0.0,0.0,0.024557731950538148,14,67,53,-1,46.1,-1
2024-07-12 13:15:00,2024-07-12 18:45:00,LONG,57542.07,58292.34,7.17,1,STOP_LOSS,0.9967663816410973,0.9950221101052743,0.9947725527856146,0.9996015376793347,61.32480177249251,89.80946210283044,79.05586093649086,0.1928458947062976,14.362120678943716,1.9958558658306467,1.1097727864742188,0.5,1.780953821261349,0.0,0.0,0.0,0.0,0.0,1.0,0.0,0.0,0.0,0.0,0.0,0.014115136853748307,59,35,24,0,55.2,1
2024-07-12 19:45:00,2024-07-12 21:00:00,SHORT,57575.13,57655.49,-0.77,0,SENAL_ALCISTA,1.0069249151478892,1.0069487302794267,1.0032282874844773,1.0010866952866564,38.90971754090977,0.0,2.4531905419659976,-0.3436777534440769,30.07499931671276,0.6037595399234725,0.8567593824263245,0.5,1.8997877735999036,0.0,0.0,0.0,0.0,0.0,0.0,1.0,1.0,0.0,0.0,0.0,-0.050498152361829085,45,65,20,0,50.0,-1
2024-07-15 01:15:00,2024-07-15 11:15:00,LONG,61412.35,62438.09,9.23,1,STOP_LOSS,0.995406117657432,0.9909199468043675,0.984610687324067,0.9681966202106516,67.23734893215888,58.2426912007641,41.34769619475371,0.12585290999214446,55.849820146191185,0.7572135895941893,0.1519520182441831,0.5,1.4534351982090654,0.0,0.0,0.0,0.0,1.0,0.0,0.0,1.0,0.0,0.0,0.0,-0.05046290596192038,62,35,27,0,78.3,1
2024-07-15 13:30:00,2024-07-15 17:45:00,LONG,62898.28,63068.14,1.5,1,STOP_LOSS,0.9971310000052814,0.996470334660621,0.9914955568233521,0.9648657702965867,61.01768093355939,99.99999999999999,88.85146288038024,0.030267214939591593,31.145042526146174,0.7486983553045504,0.6365908862196688,0.5,2.0776530963697937,0.0,0.0,0.0,1.0,0.0,1.0,0.0,1.0,0.0,0.0,0.0,-0.04464338114894531,62,26,36,0,76.5,1
2024-07-15 19:30:00,2024-07-16 02:00:00,LONG,63666.64,64609.55,8.24,1,STOP_LOSS,0.996748000767189,0.9942262766892771,0.9886405517715786,0.9618473020735457,61.089975553276155,42.11285815861235,45.52129885315711,0.022524203101908804,18.047620872107785,1.0999606998986196,0.8384705051480335,0.5,1.4018914956391428,0.0,0.0,0.0,0.0,0.0,0.0,0.0,1.0,0.0,1.0,0.0,-0.08881048616351045,62,46,16,0,77.6,1
2024-07-16 04:15:00,2024-07-16 05:15:00,LONG,64556.25,63956.29,-5.19,0,STOP_LOSS,1.0022242736564053,1.0003671133278509,0.9931593071426303,0.963004708363119,52.826025025755335,18.335096795887317,21.26257119130569,-0.229749851766167,40.40984113453026,0.6746419460769841,0.3824520191892762,0.5,1.3260716252711107,0.0,0.0,0.0,0.0,0.0,0.0,0.0,1.0,0.0,0.0,0.0,-0.16756996202307892,67,36,31,0,63.7,1
2024-07-16 12:45:00,2024-07-16 19:30:00,LONG,63741.3,64827.25,9.49,1,STOP_LOSS,1.000021984835395,0.9977556094550466,0.998458801840093,0.9811979690010209,53.64832911941131,73.56624366391155,88.43226139190755,0.3141012148207724,21.72020848541999,1.0756415033104327,0.9313155657669573,0.5,1.2828129297714765,0.0,0.0,0.0,0.0,0.0,0.0,0.0,0.0,0.0,0.0,0.0,-0.09334356404323849,62,27,35,0,71.3,1
2024-07-16 22:00:00,2024-07-17 03:00:00,LONG,64365.3,65452.4,9.47,1,STOP_LOSS,1.0040684245086438,1.0038849657057642,0.9998221486861542,0.9809768879270231,44.96755718015985,1.1868547738715156,6.033632609154108,-0.2809754553407883,20.901262823414974,0.7699074422130268,1.2419283889517752,0.5,1.3841046689346712,0.0,0.0,0.0,0.0,0.0,0.0,1.0,1.0,0.0,0.0,0.0,-0.012343821443839127,67,33,34,0,71.3,1
2024-07-17 06:30:00,2024-07-17 08:00:00,LONG,65689.95,65059.35,-5.41,0,STOP_LOSS,1.0003941957608657,0.9993014907422095,0.9938575228197265,0.971705162577676,53.40890957679133,21.456528766290397,19.659891640662057,-0.20876084406144063,20.678001748674355,0.7915771303033872,0.9087642018594946,0.5,1.4967128531364169,0.0,0.0,0.0,0.0,0.0,0.0,0.0,1.0,0.0,0.0,0.0,-0.0637692132237279,67,17,50,0,69.5,1
2024-07-18 12:30:00,2024-07-18 13:45:00,LONG,64831.83,64600.24,-2.01,0,SENAL_BAJISTA,0.9985957851901262,0.9983966796153867,0.9979677484793659,0.9938262288304371,54.80882622885572,84.53802173089788,75.90301896748626,0.06425505597272908,14.681251041633251,1.5095544010096367,1.0279706768409382,0.5,1.6353154738528546,0.0,0.0,0.0,0.0,1.0,0.0,0.0,0.0,0.0,0.0,0.0,-0.10151753955803496,59,31,28,0,51.8,1
2024-07-19 10:15:00,2024-07-19 23:30:00,LONG,64067.07,66641.47,22.55,1,STOP_LOSS,0.9969168975504584,0.9974595693648863,0.9981291096394477,1.0010138640953599,54.3656487224036,75.87747537455395,58.50598643361272,0.03859363035265969,17.05309340157418,1.653559516941063,1.3323613400639367,0.5,1.4373803881652114,0.0,0.0,0.0,0.0,0.0,1.0,0.0,0.0,0.0,0.0,0.0,-0.030828925507881615,61,41,20,0,55.1,1
2024-07-22 01:15:00,2024-07-22 06:30:00,LONG,67952.2,67267.49,-5.73,0,STOP_LOSS,1.0020371940426445,1.0000128404047353,0.9953011835127293,0.9845184123207511,52.29467553409705,9.495701394208576,38.19896204531807,-0.13228415224247297,24.573330839962786,1.1221335141982023,0.8671007610957039,0.5,1.2312259991686232,0.0,0.0,0.0,0.0,0.0,0.0,1.0,0.0,0.0,0.0,0.0,0.013370678032465135,61,27,34,0,67.5,1
2024-07-22 12:15:00,2024-07-22 13:45:00,LONG,67573.38,67100.56,-3.97,0,STOP_LOSS,0.998115546537513,0.998027416622756,0.9991296882206292,0.9935087102050695,54.71276513947325,92.69279242616466,89.60283151607304,0.2185154298896704,18.189914758058272,1.1333535375664616,0.8181176701318534,0.5,1.270111516530276,0.0,0.0,0.0,0.0,0.0,0.0,0.0,1.0,0.0,0.0,0.0,-0.007463715090851269,64,18,46,0,57.4,1
2024-07-22 19:45:00,2024-07-22 22:00:00,LONG,68227.86,67631.83,-4.94,0,STOP_LOSS,0.9921601747137673,0.9889786525444427,0.9880982977741333,0.9847155819645983,73.71033627719,98.37789520901788,96.12113954325078,0.4229239855673103,25.780604450777076,1.414707493920627,0.375736421105531,0.5,1.445862451859875,0.0,0.0,0.0,0.0,0.0,0.0,0.0,0.0,1.0,1.0,0.0,0.020134645730191598,67,38,29,0,64.9,1
2024-07-23 03:15:00,2024-07-23 04:30:00,LONG,67587.71,67052.65,-4.46,0,STOP_LOSS,0.9991947877675379,0.9991871721134001,0.9991161755101231,0.9956821958794758,52.04327816871942,93.10328258693917,92.47678669710166,0.0945341528487742,16.681094665809344,1.1052843291366516,1.0399240345682614,0.5,0.8461628337392024,0.0,0.0,0.0,0.0,0.0,0.0,1.0,1.0,0.0,0.0,0.0,-0.05460590241434663,65,31,34,1,57.7,1
2024-07-23 14:15:00,2024-07-23 15:15:00,LONG,66827.56,66432.7,-3.32,0,STOP_LOSS,0.9952461745541791,0.9965268277224365,0.9996964613155527,1.0039017774594972,54.90690661733829,59.483191856913166,35.55889654884185,0.03885005920378928,27.737890042188507,0.7792741183210006,0.774042036845011,0.5,1.3583765681608555,0.0,0.0,0.0,0.0,0.0,0.0,0.0,0.0,1.0,0.0,0.0,0.09549806891892781,67,45,22,1,50.0,1
2024-07-24 01:00:00,2024-07-24 03:30:00,SHORT,65876.25,66107.33,-1.97,0,STOP_LOSS,1.000180884505534,1.0005725281267017,1.00346617742716,1.012705706405001,47.42443295888788,13.063451027755116,31.06813449442489,0.06341438015449466,18.47485467581765,0.9884924770737574,0.9452949491014925,0.5,1.51855577532686,0.0,0.0,0.0,0.0,0.0,0.0,0.0,0.0,1.0,0.0,0.0,0.18072080588904846,29,59,30,0,46.7,-1
2024-07-24 08:45:00,2024-07-24 13:45:00,LONG,66440.58,66350.79,-0.76,0,STOP_LOSS,0.9960015438368393,0.9939388700941227,0.9935495022897773,1.0009924978516394,70.02929021122642,95.19984994296652,95.19984994296651,0.3510768310564656,21.515781180341737,1.4063480853685648,0.46892526289987413,0.5,1.3405437860645335,0.0,0.0,0.0,0.0,0.0,0.0,0.0,0.0,0.0,1.0,0.0,0.18385470282714017,66,43,23,0,49.8,1
2024-07-25 01:00:00,2024-07-25 14:30:00,SHORT,64567.82,64743.99,-1.53,0,STOP_LOSS,1.0114400738685145,1.0146602546635624,1.0192622172458188,1.0264764375206257,26.735894037738955,60.199038689105535,79.7780265287362,-0.0697489241275178,43.75764833373819,0.2155334990235583,1.0707989118334917,0.5,4.209709810978604,0.0,0.0,0.0,0.0,0.0,0.0,0.0,0.0,0.0,0.0,0.0,0.06120144832054367,39,59,20,0,33.0,-1
2024-07-26 00:00:00,2024-07-26 05:00:00,LONG,66061.71,66935.09,7.4,1,STOP_LOSS,0.9953879428450142,0.9913143770340347,0.9856111406331194,0.9890779568711165,71.05152383577217,68.53208589057319,66.02351824911838,0.07466326329324535,32.49080093589766,1.1002052968929845,0.3759082532220745,0.5,1.3655029108859273,0.0,0.0,0.0,0.0,0.0,0.0,0.0,0.0,0.0,0.0,0.0,0.13318679954127072,59,31,28,0,59.5,1
2024-07-26 12:30:00,2024-07-26 14:15:00,LONG,67127.73,67227.74,0.84,1,STOP_LOSS,1.0018567703271195,1.0009689595472735,0.9957711742014174,0.9832447089141888,49.51565529339605,27.2837359462287,33.7121138216631,-0.1900679759351998,40.91196939333904,0.5178745907290698,0.44176688370948614,0.5,2.271838989522951,0.0,0.0,0.0,0.0,0.0,0.0,0.0,1.0,0.0,0.0,0.0,0.07012004640965327,67,22,45,1,62.4,1
2024-07-26 19:45:00,2024-07-26 20:30:00,LONG,67987.39,67446.82,-4.47,0,STOP_LOSS,0.9963284546797684,0.9942862200931621,0.9905436985498899,0.9765271753773224,64.47166209911941,100.0,94.47373484176228,0.1921712131079945,21.90692636259321,1.4187325552350598,0.5307113848622821,0.5,1.739628425199689,0.0,0.0,0.0,0.0,0.0,1.0,0.0,1.0,0.0,0.0,0.0,0.03822297949545252,67,44,23,1,64.9,1
2024-07-29 00:00:00,2024-07-29 03:00:00,LONG,68601.96,69507.33,7.4,1,STOP_LOSS,0.9944501579961829,0.9930108560145968,0.991345605139833,0.9883045306878262,70.95231215060016,86.93777414683345,69.85082486010631,0.1729786733485879,20.512181650066267,1.9543838615957294,0.5182655077875934,0.5,3.971631693821966,0.0,0.0,0.0,0.0,0.0,1.0,0.0,1.0,0.0,0.0,0.0,0.02309411596450682,67,18,49,1,67.8,1
2024-07-29 12:00:00,2024-07-29 13:30:00,LONG,69417.56,69342.61,-0.61,0,STOP_LOSS,1.0025978349359055,1.002014052936518,0.9980729067587109,0.9856187900346975,46.39893861801356,23.994724143169137,50.8505470045335,-0.1528097103417128,29.88499030159506,0.6920744499919225,0.6709451486153278,0.5,1.4634805556692565,0.0,0.0,0.0,0.0,0.0,0.0,1.0,1.0,0.0,0.0,0.0,0.16889157248961947,67,23,44,1,52.7,1
2024-07-30 07:15:00,2024-07-30 10:00:00,LONG,66918.33,66488.17,-3.62,0,STOP_LOSS,0.9971474769189846,0.9964477020133696,1.0002914099475764,1.0122111109991154,56.894472316212926,99.99999999999999,91.43883426732005,0.291061778289641,24.762131500552165,1.0015375616761197,0.8659521749474269,0.5,1.3119968685118775,0.0,0.0,0.0,0.0,0.0,1.0,0.0,0.0,1.0,0.0,0.0,0.011059054658080148,62,37,25,0,44.7,1
2024-07-30 12:15:00,2024-07-30 12:30:00,SHORT,66260.2,66802.8,-4.6,0,STOP_LOSS,1.0041714166148106,1.005400100392721,1.0078448664972677,1.0193709832272597,35.52020230813135,22.81335389479313,37.536000110845094,-0.1586717493180074,24.70863010029071,0.4097975923791779,1.1273379702065636,0.5,2.001243365253225,0.0,0.0,0.0,0.0,0.0,0.0,1.0,0.0,0.0,0.0,0.0,0.0020326876154343793,41,59,18,0,39.6,-1
2024-07-30 13:30:00,2024-07-30 16:30:00,SHORT,66496.5,66541.75,-0.38,0,STOP_LOSS,1.0016586750773881,1.0020535549168665,1.0039495655426682,1.0151068377779524,45.48501407194387,72.40188999651001,81.05707832509721,0.008652973250041768,25.169505860477262,0.40866040193179987,0.864554649807049,0.5,1.498425044236606,0.0,0.0,0.0,0.0,1.0,0.0,0.0,0.0,0.0,0.0,0.0,-0.053848844364820105,32,59,27,0,39.6,-1
2024-07-30 20:00:00,2024-07-31 06:00:00,SHORT,65702.66,66476.08,-6.6,0,STOP_LOSS,1.0018975709468738,1.0041533638625781,1.0083912572204106,1.0221907501807241,40.21678690213509,45.35834711614264,32.86944740687518,-0.012796133219538083,39.5220440909683,0.26418994947989644,0.7902065652495405,0.5000000000000059,2.4364033406166556,0.0,0.0,0.0,0.0,0.0,0.0,0.0,0.0,1.0,0.0,0.0,-0.1841235659933951,40,59,19,0,40.4,-1
2024-07-31 10:30:00,2024-07-31 13:00:00,SHORT,66020.15,66335.84,-2.67,0,SENAL_ALCISTA,1.0024325093034538,1.0026828949819993,1.0025627040343814,1.010682190623165,43.06012239569832,2.799434488133548,15.31818599540819,-0.1695019098312869,19.14205312649765,0.6967968514745246,1.601733503980962,0.5,1.7044799918830655,0.0,0.0,0.0,0.0,0.0,0.0,0.0,0.0,0.0,0.0,0.0,-0.17745513212351935,38,61,23,0,40.3,-1
2024-07-31 13:15:00,2024-07-31 14:15:00,LONG,66465.62,66129.03,-2.82,0,STOP_LOSS,0.9964732701215728,0.9958839471143321,0.9957343299854222,1.003019689517118,62.90443806952767,91.0735149946999,83.6952249856846,0.17789025097424765,21.807306642132904,0.937430996865967,0.8046359757860007,0.5,1.3678416085912337,0.0,0.0,0.0,0.0,0.0,0.0,0.0,0.0,0.0,0.0,0.0,-0.10558039779529459,64,47,17,0,43.8,1
2024-07-31 19:15:00,2024-07-31 21:00:00,SHORT,65764.54,64961.21,6.79,1,STOP_LOSS,1.0082909128547868,1.0092703972638686,1.0086277880954586,1.0129709315060205,36.83902885859576,21.1894969080427,31.594116261146922,-0.21850760141024164,13.863012300863915,1.1167612683538102,2.2644800734830772,0.500000000000006,1.745620295084332,0.0,0.0,0.0,0.0,0.0,0.0,1.0,1.0,0.0,0.0,1.0,-0.0655828588249311,45,61,16,0,35.2,-1
2024-08-01 02:00:00,2024-08-01 07:00:00,SHORT,64194.96,64438.27,-2.12,0,STOP_LOSS,1.004193996245424,1.0084209883963915,1.016370811280319,1.0308165458114704,28.814190410882098,0.0,9.710128521704172,-0.0006435511937244724,35.09300241304414,0.28994992430188965,0.9175945962722675,0.5,2.5869296713445027,0.0,0.0,0.0,0.0,0.0,0.0,1.0,0.0,1.0,0.0,0.0,-0.034810067673232456,39,62,23,0,28.0,-1
2024-08-01 14:00:00,2024-08-01 16:00:00,SHORT,64631.88,63054.5,13.61,1,STOP_LOSS,1.0009799853225516,0.9999141671562712,0.9997777501234579,1.013449352040629,51.39553063599488,24.53360626301548,28.053828663175025,-0.03107365051291706,16.106950688635326,1.1915952281190825,1.3403283769347056,0.5,1.4877087931297583,0.0,0.0,0.0,0.0,0.0,0.0,0.0,0.0,1.0,0.0,0.0,-0.056315287478032584,37,62,25,0,27.8,-1
2024-08-02 02:15:00,2024-08-02 10:45:00,SHORT,63971.47,64755.4,-6.89,0,STOP_LOSS,1.0108708627843108,1.0114528778484342,1.0076605584467508,1.0157905919007995,36.94379582119589,0.0,3.5192173409186873,-0.5047582175134661,27.81150936149256,0.6904465392774979,1.2379320051348763,0.5,1.8279674218857458,0.0,0.0,0.0,0.0,0.0,0.0,1.0,0.0,0.0,0.0,0.0,0.07430444358899817,29,61,32,0,43.6,-1
2024-08-02 15:15:00,2024-08-03 01:15:00,SHORT,62854.3,61189.67,14.84,1,STOP_LOSS,1.0148342250779223,1.0217030990883864,1.0241975296012085,1.030091800651386,32.32327745513314,3.4418191626666013,5.774836401238632,-0.5051564458590448,22.52661421847817,0.45707502667175964,1.6628621454374994,0.5,1.416176052455307,0.0,0.0,0.0,0.0,0.0,0.0,0.0,0.0,0.0,0.0,0.0,0.0916241764530891,41,61,20,0,38.7,-1
2024-08-05 00:00:00,2024-08-05 01:30:00,SHORT,57475.91,55168.1,22.7,1,STOP_LOSS,1.0151905689930298,1.0202760131738566,1.0288889294434664,1.0559932034625068,31.64848539867092,4.99074401548688,12.011758545019173,-0.20344226341559252,30.148782331711946,0.33310323846001527,1.091261080052888,0.5,1.6214188825066629,0.0,0.0,0.0,0.0,0.0,0.0,1.0,0.0,1.0,0.0,0.0,0.02675831407947392,20,67,47,-1,17.9,-1
2024-08-05 06:00:00,2024-08-05 07:15:00,SHORT,51607.45,52755.83,-12.76,0,STOP_LOSS,1.0288489912423227,1.0487441360041438,1.083767328383464,1.1489744071247556,26.088728767911018,32.945648764402954,49.66791814715844,-0.06746273401089109,67.25814777983808,0.07040944580474419,0.5434956494782193,0.5,2.3117802487996553,0.0,0.0,0.0,0.0,0.0,0.0,1.0,0.0,1.0,0.0,1.0,-0.0246461219359181,29,67,38,-1,16.3,-1
2024-08-05 12:15:00,2024-08-05 13:45:00,SHORT,50158.63,51950.39,-20.32,0,STOP_LOSS,1.019210192191958,1.0318262640990987,1.0617185848607504,1.1489904578269796,33.04465128505839,24.960744422241604,30.8365081313806,-0.08188848159141712,48.48852608513448,0.2212369525646587,0.6109098192356501,0.5,1.4264582174962717,0.0,0.0,0.0,0.0,0.0,0.0,0.0,0.0,1.0,0.0,0.0,0.020698063074625867,18,67,49,-1,31.0,-1
2024-08-05 19:30:00,2024-08-05 22:15:00,SHORT,53028.48,54921.21,-20.05,0,STOP_LOSS,1.0089691484733465,1.0099079013125707,1.0081436670209267,1.0666750177388655,45.99757192237026,10.501834832670813,5.723607004809679,-0.31030216173075753,28.51774027059325,0.5952275296862755,0.7154071884849434,0.5,0.7327244273332174,0.0,0.0,0.0,0.0,0.0,0.0,0.0,0.0,0.0,0.0,0.0,-0.009805558970943127,26,67,41,-1,29.3,-1
2024-08-06 08:30:00,2024-08-06 14:00:00,SHORT,54935.75,56152.14,-12.28,0,STOP_LOSS,1.0111912448902245,1.011777919657827,1.0054107725400616,1.0204708806630947,38.83519593382321,10.828423935625548,39.598280534036206,-0.2389396990258014,13.42969332260828,1.2455545575554512,2.2152223315867245,0.5,1.5400028887449102,0.0,0.0,0.0,0.0,0.0,0.0,1.0,1.0,0.0,0.0,0.0,-0.07147663577298338,24,72,48,-1,38.4,-1
2024-08-06 22:15:00,2024-08-07 01:45:00,SHORT,56042.82,56965.51,-9.06,0,STOP_LOSS,1.0067556559181838,1.0070740207022209,1.0020169052301,1.0001783064503194,43.66152280841497,37.66295641229085,35.08154727398423,-0.1760945189363567,17.369604836682715,0.8456015147099315,1.2162242908249525,0.5,1.9147494840628925,0.0,0.0,0.0,0.0,0.0,0.0,0.0,1.0,0.0,0.0,0.0,0.034669211790574715,42,72,30,-1,42.4,-1
2024-08-07 14:00:00,2024-08-07 20:15:00,SHORT,56716.57,55125.71,15.35,1,STOP_LOSS,1.005378778878169,1.0065059170897592,1.004223424134537,0.9952805278373926,39.19611866748261,8.607634911964709,22.307917194831376,-0.1893989251331116,21.497969102427202,0.8991425671064397,0.9238215188935662,0.5,1.735983747080002,0.0,0.0,0.0,0.0,0.0,0.0,1.0,1.0,0.0,0.0,0.0,-0.1406920990396533,35,66,31,-1,43.1,-1
2024-08-08 07:45:00,2024-08-08 12:30:00,SHORT,57200.93,58052.76,-8.23,0,STOP_LOSS,0.9998941279224867,0.9964986422170524,0.9894098447260907,0.9844644646391434,58.54469244458412,73.90111290861165,85.13878551789938,-0.10933168716733675,26.579148599377437,0.9108880716986305,0.536950282364526,0.5,1.27403092702697,0.0,0.0,0.0,0.0,0.0,0.0,0.0,0.0,1.0,0.0,0.0,-0.15071926071850303,44,66,22,-1,49.9,-1
2024-08-09 22:15:00,2024-08-10 01:15:00,LONG,60869.51,60635.79,-2.11,0,SENAL_BAJISTA,0.9944808771313999,0.9934090664974047,0.993242929633305,0.9762864233760403,57.35170690760515,64.1090725884204,43.96018464618611,0.05735712844205458,15.193162399978009,1.4288941565889313,1.0902025648550735,0.5,1.4686173198563428,0.0,0.0,0.0,0.0,0.0,0.0,0.0,0.0,1.0,0.0,0.0,-0.07753021615501218,62,29,33,0,59.8,1
2024-08-12 05:15:00,2024-08-12 07:30:00,SHORT,58618.56,58684.79,-0.62,0,STOP_LOSS,0.9991015988738376,1.0000652117633413,1.0066365914299895,1.0219047052272523,47.69958045349736,89.61331437305725,86.38432816248414,0.1807665923796951,19.63326917739542,0.8252519821282288,1.0049871204438012,0.5,1.2687823604154154,0.0,0.0,0.0,0.0,0.0,0.0,0.0,0.0,1.0,0.0,0.0,-0.09969260673941958,19,67,48,-1,43.1,-1
2024-08-12 09:30:00,2024-08-12 10:45:00,SHORT,58372.51,58970.94,-5.63,0,STOP_LOSS,1.0015933139451738,1.0023552877286173,1.0064603985197484,1.0224145335824124,45.4847432753591,49.49225745879938,51.02905776266336,-0.009524991193856282,17.517835744404305,0.8601880151221599,1.4160119128042608,0.5,0.6832428741528637,0.0,0.0,0.0,1.0,0.0,0.0,0.0,0.0,1.0,0.0,0.0,-0.1339179729577874,28,67,39,-1,51.5,-1
2024-08-12 20:45:00,2024-08-13 00:45:00,SHORT,58846.45,59792.37,-8.79,0,STOP_LOSS,1.004386451288313,1.006663682181299,1.0068391876726563,1.012292823345208,42.92290260455988,67.01240703401007,68.60732554273383,-0.09168320099326129,18.097552588100044,0.8480686550059975,1.5527468513335705,0.5,1.3482947807888268,0.0,0.0,0.0,0.0,0.0,0.0,0.0,1.0,0.0,0.0,0.0,-0.007983195264735883,32,67,35,-1,48.3,-1
2024-08-13 03:15:00,2024-08-13 14:00:00,SHORT,59247.76,59564.96,-2.91,0,STOP_LOSS,1.0028045483973047,1.002665924696229,1.0014637301104743,1.004568232148804,46.40935112871747,6.252945348755084,6.072779041865399,-0.12001388580003047,19.11903368458885,0.7889211437885619,1.1367407793782638,0.5,1.4382632556655437,0.0,0.0,0.0,0.0,1.0,0.0,0.0,0.0,0.0,0.0,0.0,-0.053748920894129804,27,61,34,-1,46.5,-1
2024-08-13 23:15:00,2024-08-14 12:30:00,LONG,60491.1,61237.59,6.7,1,STOP_LOSS,1.0022861633671913,1.0022306227075353,0.9965281142170171,0.9874136446691284,47.69634661942986,0.0,2.2971378378139256,-0.3151564727992199,15.122417216802338,1.3023057601812629,1.6059646682597115,0.5,1.226161624161795,0.0,0.0,0.0,0.0,0.0,0.0,1.0,1.0,0.0,0.0,0.0,0.07497072468762764,59,34,25,0,56.4,1
2024-08-15 00:15:00,2024-08-15 08:45:00,SHORT,58895.9,58376.0,4.81,1,STOP_LOSS,0.999559258114055,1.0011515787699778,1.0075086375555427,1.0158269010294527,45.588486447576265,55.39116321444001,44.58377210073871,0.10580047762637174,37.61753167364833,0.28921442995995295,0.659851768457029,0.5,1.2515842486415087,0.0,0.0,0.0,0.0,0.0,0.0,0.0,0.0,0.0,0.0,0.0,-0.10498074431730436,31,59,28,-1,41.5,-1
2024-08-15 18:00:00,2024-08-15 21:45:00,SHORT,57911.1,57626.64,2.69,1,STOP_LOSS,1.019819056263514,1.0216306474927583,1.0188608938390324,1.0238705183358747,27.479384541903222,4.035302600953606,4.035302600953606,-0.4770732343058503,37.7329718001836,0.43278322645399825,0.969595844302876,0.5,2.50501092635871,0.0,0.0,0.0,0.0,0.0,0.0,0.0,0.0,0.0,0.0,1.0,-0.10106283784150571,29,67,38,-1,37.8,-1
2024-08-16 09:00:00,2024-08-16 13:15:00,SHORT,58425.05,58552.63,-1.2,0,STOP_LOSS,0.9998610320409353,0.9978718692686556,0.995336831510854,1.003780038982085,57.536235313495325,13.26240796087262,16.902946705262746,-0.09011305202499666,26.064520764005515,0.827752728545391,0.671656600262506,0.5,1.437930088457264,0.0,0.0,0.0,0.0,0.0,0.0,0.0,0.0,0.0,0.0,0.0,0.12919906865404646,36,63,27,-1,46.3,-1
2024-08-16 14:15:00,2024-08-16 17:30:00,SHORT,58157.34,58770.34,-5.77,0,STOP_LOSS,1.0014015238395935,1.0019724340112266,1.0013136875825202,1.007320805330086,47.01650654810198,63.839864813288294,77.30749580477224,-0.04333901781760796,18.54255673014619,1.0250632373917923,1.3499600504932983,0.5,0.6138131949660218,0.0,0.0,0.0,0.0,0.0,0.0,0.0,0.0,0.0,0.0,0.0,0.19765274332630953,8,67,59,-1,44.4,-1
2024-08-19 00:15:00,2024-08-19 13:00:00,SHORT,58434.58,58577.41,-1.33,0,STOP_LOSS,1.0078084121896156,1.0134347775115893,1.017827140652575,1.0167902649006764,23.25749059285287,17.76251284846608,9.148223099645925,-0.4777717658194055,42.48332792577443,0.1001618238680416,0.9095979296011556,0.5,1.498384202370712,0.0,0.0,0.0,0.0,0.0,0.0,0.0,0.0,0.0,0.0,0.0,-0.1268141960962316,28,67,39,0,46.1,-1
2024-08-20 00:00:00,2024-08-20 11:00:00,LONG,59398.31,60607.67,11.09,1,STOP_LOSS,0.9980275860707039,0.9957165440439246,0.9923442166035868,0.9932081187711687,61.43701668447014,79.7514703916961,68.97278263379283,0.07555644178650281,43.78132225291968,0.6677147544077169,0.1381273177451804,0.5,1.4620502522293557,0.0,0.0,0.0,0.0,0.0,0.0,0.0,1.0,0.0,0.0,0.0,-0.18407993960355282,59,32,27,0,62.0,1
2024-08-21 06:00:00,2024-08-21 09:00:00,LONG,59517.61,59335.41,-1.68,0,STOP_LOSS,0.9976830896354457,0.9968706329435878,0.9976809105290986,0.9998239114247618,59.94753596593864,65.01935418134133,56.95585151202126,0.12724822232031605,9.832858863730314,2.318043719157456,1.6945358510609096,0.5,1.455886978458828,0.0,0.0,0.0,0.0,0.0,0.0,0.0,0.0,0.0,0.0,0.0,0.19310838835073338,58,26,32,0,52.5,1
2024-08-21 12:45:00,2024-08-21 13:00:00,LONG,59509.76,59470.7,-0.36,0,SENAL_BAJISTA,0.998694217442213,0.9984088137561795,0.9984394415109443,0.9997328430913323,54.893257887609806,94.35974501558117,81.44855585734769,0.08984770433075086,14.042657437339292,1.473402582665671,1.2586820885814227,0.5,0.6178589211248736,0.0,0.0,0.0,0.0,0.0,0.0,0.0,0.0,0.0,0.0,0.0,0.22422002101642333,59,42,17,0,51.1,1
2024-08-21 13:45:00,2024-08-21 21:00:00,LONG,59929.48,60977.18,9.58,1,STOP_LOSS,0.9924093349050578,0.9917821339338272,0.9915943541864564,0.9927174282605221,62.67871191144995,50.69520790313224,52.55941350322539,0.08837378656944732,14.121263553719144,1.7766219905708733,1.671927680349103,0.5,1.7760814197213137,0.0,0.0,0.0,0.0,0.0,0.0,0.0,0.0,0.0,0.0,0.0,0.036980991988050514,59,39,20,0,51.1,1
2024-08-22 04:45:00,2024-08-22 13:00:00,LONG,60832.21,60782.19,-0.45,0,STOP_LOSS,0.9967763888221732,0.9978430068978139,0.9964095591623215,0.9865415457851048,53.99243992380654,91.73082541694492,79.62817751063564,0.03599034833438471,28.958227859406325,0.7145946193180813,0.9232958177221692,0.5,1.3481208415709256,0.0,0.0,0.0,0.0,0.0,1.0,0.0,1.0,0.0,0.0,0.0,-0.26314239736885975,61,35,26,0,57.9,1
2024-08-23 05:00:00,2024-08-23 09:45:00,LONG,60900.71,61016.15,1.04,1,STOP_LOSS,0.9970150006131514,0.9962663745121376,0.9955372753293853,0.9919535496439577,63.44182555609983,58.03796458340154,45.54302354096427,0.05263029011802927,17.429232148909964,1.892773833416907,0.7576243274834998,0.5,1.330690891196593,0.0,0.0,0.0,0.0,0.0,0.0,0.0,0.0,0.0,0.0,0.0,-0.21707490712189903,59,29,30,0,57.5,1
2024-08-23 13:45:00,2024-08-23 14:30:00,LONG,61122.57,61654.61,4.8,1,STOP_LOSS,0.9982228873853423,0.9979588045610733,0.9967696633579008,0.99134155670899,55.58711122295769,76.17577715781563,76.55923673998973,0.04759260082395489,22.77394283970506,0.9109245889687555,0.7140219369221386,0.5,1.2555703626016022,0.0,0.0,0.0,0.0,0.0,0.0,0.0,1.0,0.0,0.0,0.0,-0.21673535127769383,59,29,30,0,59.7,1
2024-08-23 21:15:00,2024-08-24 01:30:00,LONG,64266.94,63636.94,-5.42,0,STOP_LOSS,0.9905953543165399,0.9820375338747415,0.9692497854287193,0.9511282212652797,82.3663020510674,58.027077962474856,61.80906056153981,0.07426290476570498,56.501637875838405,0.7996382052770494,0.08827529594403724,0.5,2.2211250557900737,0.0,0.0,0.0,0.0,0.0,0.0,0.0,1.0,0.0,0.0,0.0,0.024150779420270864,59,41,18,0,71.0,1
2024-08-27 13:30:00,2024-08-27 18:30:00,SHORT,62191.42,62118.92,0.64,1,STOP_LOSS,1.0027890098164225,1.0047567212963462,1.0084854971169321,1.017261534848707,35.997167128160385,68.04466044890617,71.91941991121126,-0.0058456885662019195,32.284791305653314,0.2707713689102882,0.7314261288402353,0.5,1.7575808134228137,0.0,0.0,0.0,0.0,0.0,0.0,0.0,0.0,1.0,0.0,1.0,-0.15324758937138533,40,62,22,-1,37.0,-1
2024-08-27 21:15:00,2024-08-27 22:15:00,SHORT,61423.91,58919.6,22.49,1,STOP_LOSS,1.0061949817936826,1.0078133924485775,1.0114413686274986,1.0240032435151263,32.50265240512189,8.876064051403922,26.55076735316185,-0.14893128869315833,30.69434745552656,0.2738520338746769,1.195402129002106,0.5,1.5437031002586663,0.0,0.0,0.0,0.0,0.0,0.0,1.0,0.0,1.0,0.0,0.0,-0.10815390642114799,24,62,38,-1,26.2,-1
2024-08-28 07:30:00,2024-08-28 08:15:00,SHORT,58844.09,59100.96,-2.44,0,STOP_LOSS,1.0048573599433024,1.0076516965361209,1.0170587164564793,1.048522030887667,31.119773514928433,2.497638040059998,7.221349970022867,-0.03651607673575128,34.78996021494989,0.34808238164517724,0.9161565726186655,0.5,1.3158734381234205,0.0,0.0,0.0,0.0,0.0,0.0,1.0,0.0,1.0,0.0,0.0,0.014708828709578025,20,67,47,-1,24.5,-1
2024-08-28 15:15:00,2024-08-28 16:45:00,SHORT,58734.94,59183.93,-4.27,0,STOP_LOSS,1.0090824137271246,1.0128302836388798,1.0155722168230157,1.0408363476383666,32.59094620875693,0.0345994152829159,4.028505398933301,-0.4226965225998692,33.566754883069194,0.2561613308761637,1.1055933591410976,0.5,2.1571612606241355,0.0,0.0,0.0,1.0,0.0,0.0,1.0,0.0,0.0,0.0,0.0,0.006389690022201071,28,67,39,-1,32.8,-1
2024-08-28 19:00:00,2024-08-29 11:00:00,SHORT,59392.46,59828.0,-4.08,0,STOP_LOSS,0.9949327322657612,0.9952211987707555,0.9989834151793431,1.0241302105800618,53.937452509408544,91.64912482884658,90.28258334348995,0.19657315180725038,31.135161646350152,0.8005829877118763,0.6775546155134785,0.5,1.3298092195582891,0.0,0.0,0.0,0.0,0.0,0.0,0.0,0.0,1.0,0.0,0.0,-0.02342275570373861,30,67,37,-1,32.5,-1
2024-08-29 18:00:00,2024-08-30 07:00:00,SHORT,59998.77,59423.89,5.32,1,STOP_LOSS,1.0070162953170372,1.0073397420594772,1.0027064504144014,1.0035912170479446,40.762077057251744,21.17680132377629,21.10111560164017,-0.35243179240692685,30.634009681521714,0.572597259154163,0.8690727758833806,0.5,1.3718073699341504,0.0,0.0,0.0,0.0,0.0,0.0,0.0,1.0,0.0,0.0,0.0,-0.16602487816294775,39,67,28,-1,39.6,-1
2024-08-30 13:30:00,2024-08-30 15:00:00,SHORT,59462.42,58598.52,8.1,1,STOP_LOSS,1.0011024857158903,1.0004714860691775,0.9994813683989394,1.0045954487244382,49.77508709818969,31.69245551451481,41.61324470259086,-0.07388184513158534,21.975741331676705,1.121886291323175,0.5932997388625554,0.5,2.2089515450494854,0.0,0.0,0.0,0.0,0.0,0.0,0.0,0.0,1.0,0.0,0.0,0.09727601256375519,28,67,39,-1,34.6,-1
2024-09-02 02:00:00,2024-09-02 08:15:00,SHORT,57558.22,58157.93,-5.84,0,STOP_LOSS,0.9982678111000055,1.0009222113964402,1.0053426694176728,1.0158028309697806,45.748130031215716,89.42733178623041,76.17336110470144,0.071262312783744,18.595812366684417,1.107077942334882,0.9892747188289758,0.5,1.2128449937647696,0.0,0.0,0.0,0.0,0.0,0.0,0.0,0.0,0.0,0.0,0.0,-0.0851165205265206,35,65,30,-1,37.3,-1
2024-09-03 06:00:00,2024-09-03 10:15:00,SHORT,58966.22,59175.07,-1.98,0,STOP_LOSS,1.0031363096573405,1.0035759970818783,1.001019687764695,0.9941006953778273,42.00770506401931,13.59074397325683,17.186605611811643,-0.22716750836157978,18.682013822165455,0.8708046391529654,1.4593912212070246,0.5,1.3178680737623596,0.0,0.0,0.0,0.0,0.0,0.0,0.0,1.0,0.0,0.0,0.0,0.08907701261550899,45,64,19,-1,52.2,-1
2024-09-03 13:30:00,2024-09-03 15:00:00,SHORT,58635.81,57978.1,6.25,1,STOP_LOSS,1.007003304103418,1.0071011020892902,1.0066451719133225,1.0014400531067733,35.78084779806386,44.29763360405821,65.9835920361,-0.08240304308268988,19.46063533014958,0.9051729038607584,1.8171616174732843,0.5,3.1636427335193757,0.0,0.0,0.0,0.0,0.0,0.0,0.0,1.0,0.0,0.0,0.0,0.12758037329405503,32,67,35,-1,39.2,-1
2024-09-03 19:30:00,2024-09-04 01:30:00,SHORT,57945.75,56799.76,11.07,1,STOP_LOSS,1.0000428814171953,1.0012234157883813,1.0064801035444155,1.0102741886410984,45.8026099084328,84.58842043640553,89.0287030024801,0.2911798575626806,22.92332532063239,0.9156615252890681,0.9275820735031708,0.5,1.2452423485613198,0.0,0.0,0.0,0.0,0.0,0.0,0.0,0.0,1.0,0.0,0.0,0.0735215485492566,17,67,50,-1,42.8,-1
2024-09-04 07:30:00,2024-09-04 14:30:00,SHORT,56846.58,57090.0,-2.41,0,STOP_LOSS,0.9945181766329483,0.9962334924954059,1.0038042673121477,1.0199254764005774,53.520127884907225,99.99999999999999,85.90812848686231,0.2845025866203686,47.34085018287079,0.3776556869309099,0.5281707373938049,0.5,1.283665601878846,0.0,0.0,0.0,0.0,0.0,1.0,0.0,0.0,1.0,0.0,0.0,0.0947579461835415,41,67,26,-1,34.3,-1
2024-09-05 02:00:00,2024-09-05 10:30:00,SHORT,57779.19,56797.98,9.56,1,STOP_LOSS,1.0041336759315804,1.0042031363742225,1.0007885027501724,1.0000087969656304,42.34623546317653,16.497657777263413,21.4174814952828,-0.2176033925730959,31.607238200376834,0.7221691894562279,0.7198427170675555,0.5,1.261250700180383,0.0,0.0,0.0,0.0,0.0,0.0,0.0,1.0,0.0,0.0,0.0,0.1368357700124879,33,66,33,-1,41.3,-1
2024-09-05 12:30:00,2024-09-05 17:45:00,SHORT,56556.51,56606.36,-0.5,0,STOP_LOSS,1.0027352043770175,1.0050601588314276,1.0095815135598618,1.0169768658773344,33.80026959329906,52.3134267616123,58.04681912573902,-0.004650675919353762,45.79724523018508,0.14122079550574188,0.5715431564275308,0.5,1.2641927824593908,0.0,0.0,0.0,0.0,0.0,0.0,0.0,0.0,0.0,0.0,0.0,0.1658225309598541,18,67,49,-1,33.8,-1
2024-09-06 00:00:00,2024-09-06 02:00:00,SHORT,56294.37,56770.96,-4.79,0,STOP_LOSS,0.9976329930766195,0.9980498215658937,1.0014934119302803,1.0137900159859645,53.54787409005859,100.0,95.42015805656334,0.159221331553777,30.536518999829283,0.549818672116886,0.8097111551935133,0.5,1.3885322101097848,0.0,0.0,0.0,0.0,0.0,1.0,0.0,0.0,1.0,0.0,0.0,0.01059998666515984,23,72,49,-1,40.9,-1
2024-09-06 07:00:00,2024-09-06 10:15:00,SHORT,56197.32,56135.09,0.62,1,STOP_LOSS,1.00339675842602,1.0044455769793674,1.0046140830480603,1.0130592867644828,39.77265469343887,9.913575359179585,7.167847475150582,-0.28116527545923553,20.10812186653252,0.7354207441397018,1.2175897141121117,0.5,1.3858690433109253,0.0,0.0,0.0,0.0,0.0,0.0,0.0,0.0,1.0,0.0,0.0,-0.033536812412680105,22,72,50,-1,35.5,-1
2024-09-06 14:00:00,2024-09-06 21:00:00,SHORT,55083.13,53247.61,18.81,1,STOP_LOSS,1.0172629944824514,1.018438401227204,1.0198189745017836,1.0294486802699627,31.236272853728064,5.029536011455134,33.83901197534688,-0.15919758089398978,26.802951865670778,0.6284002244907011,1.4246204711113435,0.5,2.4368364602704773,0.0,0.0,0.0,0.0,0.0,0.0,1.0,0.0,1.0,0.0,1.0,0.19439091038322617,30,72,42,-1,27.6,-1
2024-09-09 14:15:00,2024-09-09 15:45:00,SHORT,55132.08,55391.77,-2.69,0,STOP_LOSS,1.0043566758734925,1.0030426715094216,0.9999883531301241,0.9942173724829966,45.88027749202416,59.609545119985356,75.59389231477415,-0.014423757471068437,21.886804396104043,1.0327305401939477,1.0681941670966708,0.5,1.8084254464977012,0.0,0.0,0.0,0.0,0.0,0.0,0.0,1.0,0.0,0.0,0.0,-0.1106424645223779,44,67,23,-1,51.3,-1
2024-09-09 17:00:00,2024-09-09 21:30:00,LONG,56518.76,57310.97,7.99,1,STOP_LOSS,0.9901013678958548,0.9842164441591201,0.9790392390830882,0.9713557447664567,74.32342304715834,99.99999999999999,99.44806797928673,0.45747711439465233,26.85283411700553,1.4610257762300531,0.410353270460849,0.5,1.488141886050969,0.0,0.0,0.0,0.0,0.0,1.0,0.0,1.0,0.0,0.0,0.0,0.04796748196611754,59,41,18,0,64.0,1
2024-09-10 07:00:00,2024-09-10 13:00:00,LONG,56881.17,56926.36,0.46,1,STOP_LOSS,0.9990934577804089,0.9986653222114716,0.9964978187075817,0.9800007328069569,53.830219293017706,77.13335414665683,75.01803950632271,0.13361854389186387,12.483084849304568,1.7218432085137332,1.7168401104950153,0.5,1.4172942793126813,0.0,0.0,0.0,0.0,0.0,0.0,0.0,1.0,0.0,0.0,0.0,0.19634242755290146,59,26,33,0,62.6,1
2024-09-11 04:15:00,2024-09-11 11:30:00,SHORT,56500.72,56778.73,-2.82,0,STOP_LOSS,1.0053386307921233,1.0097018581486183,1.012352003759985,1.0017902744502214,31.38218825117625,19.16817529800017,23.983222307667216,-0.24680232589481765,34.69995973321187,0.25145569888896285,0.9929777260394376,0.5,1.7952421381809096,0.0,0.0,0.0,0.0,0.0,0.0,0.0,0.0,0.0,0.0,0.0,0.0232947321371816,31,60,29,0,53.9,-1
2024-09-11 13:45:00,2024-09-11 15:30:00,SHORT,55737.67,56899.76,-11.93,0,STOP_LOSS,1.013727454475299,1.015222500354336,1.0173406145611308,1.0151893177845244,30.611984182962157,23.627614942340845,52.833086107394685,-0.19423852162070743,18.58984224547446,0.8572976768097832,2.099833956025112,0.5,2.0403964594327477,0.0,0.0,0.0,0.0,0.0,0.0,1.0,0.0,1.0,0.0,1.0,0.06447632994863414,31,64,33,0,53.6,-1
2024-09-12 01:45:00,2024-09-12 12:30:00,LONG,58143.67,57807.18,-3.29,0,STOP_LOSS,0.9929246070135175,0.9903108674035406,0.9863396535046596,0.9781176336897389,68.46021897878352,70.27906340621678,54.58973828240768,0.18087916107961627,20.668213913252764,1.592529482292565,0.4476987879800077,0.5,2.1432360491968865,0.0,0.0,0.0,0.0,0.0,0.0,0.0,0.0,0.0,0.0,0.0,0.10898925326361876,59,41,18,0,63.1,1
2024-09-12 18:45:00,2024-09-12 21:30:00,LONG,58175.49,57824.94,-3.42,0,STOP_LOSS,1.0005293959762558,0.9982520423426886,0.9966068600105483,0.9874062030719153,54.12707881385382,80.73819405023679,88.71426262985455,0.20386929768790044,16.97348916486444,1.3737141124471528,1.34013153045071,0.5,1.9042767134102225,0.0,0.0,0.0,0.0,0.0,0.0,0.0,1.0,0.0,0.0,0.0,-0.09580756951722495,59,32,27,0,61.9,1
2024-09-13 07:45:00,2024-09-13 11:45:00,LONG,58110.31,57874.02,-2.3,0,STOP_LOSS,0.9971362967244144,0.997116099185622,0.9977393265656487,0.9925257600558602,58.43878060448552,99.99999999999999,80.33702669685604,0.19292547846279356,11.107734252603674,2.5952097073863953,1.5795832243985866,0.5,1.6232593158130233,0.0,0.0,0.0,0.0,0.0,1.0,0.0,0.0,0.0,0.0,0.0,-0.10120181221537396,59,35,24,0,58.4,1
2024-09-13 14:00:00,2024-09-13 19:30:00,LONG,58223.69,59896.98,16.23,1,STOP_LOSS,0.9962405696425733,0.9962080929708703,0.9963044841204111,0.9919634339551465,57.97043078265278,63.0938783275592,46.91736777280793,0.06881950519628567,19.25119009589023,1.512374405362106,0.8774977267323804,0.5,1.4965180936544842,0.0,0.0,0.0,0.0,0.0,0.0,0.0,0.0,0.0,0.0,0.0,-0.11799587831901837,58,32,26,0,67.0,1
2024-09-13 22:00:00,2024-09-14 05:45:00,LONG,60388.21,59926.25,-4.36,0,STOP_LOSS,0.9953977610807374,0.9906226131697121,0.9813330108227378,0.9648830978625187,73.40292625768204,82.37038849978387,72.34162622209831,0.016429225587726592,49.880995044578,0.6971991979828256,0.1377150273820522,0.5,1.3439835911877498,0.0,0.0,0.0,0.0,0.0,1.0,0.0,0.0,0.0,0.0,0.0,0.06771353072447422,59,33,26,0,70.8,1
2024-09-16 12:15:00,2024-09-16 13:45:00,SHORT,58611.05,58492.54,1.15,1,STOP_LOSS,1.001477444227886,1.0019567479429738,1.0039296486781355,1.0118662185994765,43.88406261855377,26.92278447992056,25.70923798893564,-0.07753927213107184,20.380484643264385,1.1046235912156106,0.8344586393974431,0.5,1.283052267816205,0.0,0.0,0.0,0.0,0.0,0.0,0.0,0.0,1.0,0.0,0.0,-0.1905938643421333,31,64,33,-1,40.4,-1
2024-09-16 17:00:00,2024-09-16 17:45:00,SHORT,57587.9,58172.74,-5.78,0,STOP_LOSS,1.0041447161248733,1.0080450900014744,1.013907327942854,1.0260267481563339,34.23711884617682,49.88272698761064,56.75206537524644,-0.07762540754681614,36.49756307903732,0.20540907622857565,0.7425168110937498,0.5,1.3428313798061413,0.0,0.0,0.0,0.0,0.0,0.0,0.0,0.0,1.0,0.0,1.0,-0.23500964177874267,32,64,32,-1,41.1,-1
2024-09-16 19:45:00,2024-09-16 23:30:00,SHORT,57948.8,58270.01,-3.14,0,STOP_LOSS,0.9990348918242277,0.9998537531023403,1.0044213126415256,1.0174467294211726,48.68413349342218,82.63098223523642,77.96277571946243,0.2043163236785334,21.537655488329943,0.7592624796528216,0.6787141587671703,0.5,1.4233281902030182,0.0,0.0,0.0,0.0,0.0,0.0,0.0,0.0,1.0,0.0,0.0,-0.25814766639793774,34,64,30,-1,41.1,-1
2024-09-17 01:00:00,2024-09-17 04:15:00,SHORT,57702.42,58227.18,-5.15,0,STOP_LOSS,1.004578086222747,1.0048617561218502,1.006504444650374,1.018548661683918,41.525028144313744,15.464752230954211,38.63419714943936,-0.12558602540098757,22.694701112726673,0.7030377725138859,1.021299684912318,0.5,1.236376061950467,0.0,0.0,0.0,0.0,0.0,0.0,0.0,0.0,1.0,0.0,0.0,-0.18314024701568074,26,67,41,-1,42.8,-1
2024-09-17 13:30:00,2024-09-17 18:45:00,LONG,58995.91,60535.41,14.73,1,STOP_LOSS,1.002857506005068,1.000744362546,0.9957762374632962,0.995601298861109,51.22732038343459,4.723782446807878,29.431447954836166,-0.1419289216011806,51.88549570135454,0.4513349145940281,0.3285097967393923,0.5,1.6156111853989903,0.0,0.0,0.0,0.0,0.0,0.0,0.0,1.0,0.0,0.0,0.0,-0.18680903510806765,59,42,17,0,67.1,1
2024-09-18 01:30:00,2024-09-18 05:30:00,LONG,60262.64,60219.98,-0.4,0,STOP_LOSS,0.9988233286927425,0.9993180541916754,0.997166039164208,0.9851450883602273,51.394161035749576,62.99951147509944,51.00290894020664,0.012920090565847652,19.62893891611969,0.918888499477501,1.2899761903037092,0.5,1.5882032310098981,0.0,0.0,0.0,0.0,0.0,0.0,0.0,1.0,0.0,0.0,0.0,0.09340116282570309,62,28,34,0,60.0,1
2024-09-18 18:00:00,2024-09-18 20:00:00,LONG,60184.76,59662.82,-4.94,0,STOP_LOSS,0.9948192399217424,0.9935435256173377,0.9949144922732103,0.9913629781695704,60.64828191356547,99.99999999999999,90.09933774659756,0.22421573827517205,26.31049362944654,1.264676982283313,0.4931299435837668,0.5,5.4916796746315635,0.0,0.0,0.0,0.0,0.0,1.0,0.0,0.0,1.0,0.0,0.0,-0.02232947037586321,62,36,26,0,55.3,1
2024-09-18 23:45:00,2024-09-19 13:30:00,LONG,61771.74,62916.43,10.52,1,STOP_LOSS,0.9871492264235026,0.9810973256806949,0.9761900944176436,0.968744303785345,75.92949655966824,99.99999999999999,99.99999999999999,0.3741248418097575,28.19427189083092,1.3793752293829031,0.3952279947585567,0.5,1.6437733862008899,0.0,0.0,0.0,0.0,0.0,1.0,0.0,0.0,0.0,1.0,0.0,0.06739344115094842,62,38,24,0,64.8,1
2024-09-20 01:45:00,2024-09-20 05:30:00,LONG,63039.89,63696.35,5.95,1,STOP_LOSS,0.9978021535862981,0.9986361870038774,0.9983778233780695,0.9795657490703256,52.723176680498796,90.69592766439446,64.34615182527976,0.07765700976098411,21.715241388660957,1.1003312522779227,0.9991490863171208,0.5,1.60368476926259,0.0,0.0,0.0,0.0,0.0,1.0,0.0,1.0,0.0,0.0,0.0,0.015669130651414037,62,28,34,0,71.7,1
2024-09-20 07:45:00,2024-09-20 13:00:00,LONG,63518.29,62903.9,-5.55,0,STOP_LOSS,1.0014211524181733,1.0006047255101804,0.9972618338876563,0.9782881266567275,50.38313258259232,7.4604473774486895,5.61101524461832,-0.24190328504758493,28.483880043004707,0.8265237773796301,0.6166791944622413,0.5,1.2875223487894565,0.0,0.0,0.0,0.0,0.0,0.0,0.0,1.0,0.0,0.0,0.0,0.040440589435229164,62,32,30,0,69.2,1
2024-09-23 00:00:00,2024-09-23 03:45:00,LONG,63051.69,64358.34,11.84,1,STOP_LOSS,1.0047630795732243,1.002824854369178,1.0003324380331395,0.9984386667989462,47.17331121362968,57.02178397018059,65.31223674782623,0.020075403757220583,20.775423917709336,1.262429856273918,1.4196942179893883,0.5,1.5685740632448277,0.0,0.0,0.0,0.0,0.0,0.0,0.0,0.0,0.0,0.0,0.0,0.22299731459974267,62,32,30,1,69.6,1
2024-09-24 07:45:00,2024-09-24 09:45:00,LONG,63564.5,63525.33,-0.35,0,STOP_LOSS,0.9970742666797288,0.9954128482751473,0.9950487102596862,0.9949993008012512,67.43187572798674,95.01330857772707,94.8185039082873,0.3137353422898896,23.222473576427316,1.1123458570867801,0.5611107370264597,0.5,2.2559908512112195,0.0,0.0,0.0,0.0,0.0,0.0,0.0,0.0,1.0,1.0,0.0,-0.2995680947285669,62,45,17,1,57.4,1
2024-09-24 11:00:00,2024-09-24 14:00:00,LONG,63428.72,63261.55,-1.52,0,STOP_LOSS,1.002083621475465,1.0012087007644483,0.9995065979837492,0.9978494294443198,47.81833631715749,9.747535069381003,17.53975562629968,-0.17278981696977516,26.280082636008135,0.8991381904076817,0.8533486306188355,0.5,1.2164276462332497,0.0,0.0,0.0,0.0,0.0,0.0,1.0,0.0,0.0,0.0,0.0,-0.20841630209958353,62,38,24,1,56.3,1
2024-09-24 17:30:00,2024-09-25 06:00:00,LONG,63821.91,64094.1,2.45,1,STOP_LOSS,0.9935618996333287,0.9927250590200236,0.9927785872639244,0.9919078320803455,65.61094067347359,99.99999999999999,89.48217573416737,0.28244152831286046,16.01954100167292,1.916022502626502,0.9140577062375842,0.5,1.2087263939369883,0.0,0.0,0.0,0.0,0.0,1.0,0.0,1.0,0.0,0.0,0.0,0.02286321988474797,62,37,25,1,62.8,1
2024-09-25 11:30:00,2024-09-25 13:00:00,LONG,63774.04,63506.47,-2.42,0,STOP_LOSS,0.9988079290152722,1.0002821326331035,1.002190727843189,0.9986713973402546,46.451305306886916,62.32455310604064,48.70412247148111,0.06807191456465361,36.59938278421324,0.4734599723470694,0.8028257269941431,0.5,1.3238734339977893,0.0,0.0,0.0,0.0,0.0,0.0,0.0,1.0,0.0,0.0,0.0,0.021301663788361846,63,40,23,1,55.9,1
2024-09-25 14:15:00,2024-09-25 15:45:00,LONG,63712.91,63503.03,-1.89,0,STOP_LOSS,0.9994119213821143,1.000028081535334,1.001828096414567,0.9996142018941685,48.430431224601776,94.72416548996941,67.38969051560441,0.12442174309198993,34.52815207584025,0.45477944500576917,0.7032048110313903,0.5,1.4167725229851675,0.0,0.0,0.0,0.0,0.0,0.0,0.0,0.0,0.0,0.0,0.0,0.02074669657969554,59,36,23,1,51.7,1
2024-09-26 10:15:00,2024-09-26 14:45:00,LONG,64197.01,64426.07,2.05,1,STOP_LOSS,0.9951944210425567,0.9932201787621674,0.9908368793523157,0.9903566653532486,70.41662917604489,70.291063636391,57.283109862125194,0.11721298654548502,28.245420284254607,1.37070698669675,0.4153061650215188,0.5,1.945735926236262,0.0,0.0,0.0,0.0,0.0,0.0,0.0,0.0,0.0,1.0,0.0,-0.055196750253110445,62,36,26,1,61.1,1
2024-09-26 17:00:00,2024-09-26 19:45:00,LONG,65575.93,64699.13,-7.69,0,STOP_LOSS,0.9951404033413503,0.9899433629644587,0.9825511064563113,0.9738205589105473,72.70659092175241,90.204383955734,92.03992389029125,0.158769642616013,48.5431094689326,0.6707935658441762,0.16476951628849398,0.5000000000000057,1.3303104805640449,0.0,0.0,0.0,0.0,0.0,0.0,0.0,1.0,0.0,0.0,0.0,0.007284907656487806,62,23,39,1,60.6,1
2024-09-26 22:45:00,2024-09-27 14:45:00,LONG,65089.9,66244.74,10.16,1,STOP_LOSS,0.9988187807081508,0.9983375286670881,0.9951459496730376,0.9847380211562468,54.536715043652684,81.32430958958099,79.62662537715343,0.03192312459830812,25.610883992246222,0.9985109418266651,0.5998736300826084,0.5,0.506086526492521,0.0,0.0,0.0,0.0,0.0,0.0,0.0,1.0,0.0,0.0,0.0,-0.060416994753723564,62,14,48,1,64.1,1
2024-09-27 22:15:00,2024-09-28 06:30:00,LONG,65911.71,65766.6,-1.27,0,STOP_LOSS,0.9988377301147872,0.9987609270525406,0.9977792274759697,0.9868132237275463,53.755438211187645,93.11621794192338,84.88200346498931,0.07761871809869632,11.456299927470555,1.792598576037095,1.4201706618806924,0.5,0.47594247901723846,0.0,0.0,0.0,0.0,0.0,1.0,0.0,1.0,0.0,0.0,0.0,0.0896812254545967,64,19,45,1,65.7,1
2024-09-30 09:00:00,2024-09-30 10:15:00,SHORT,64084.52,63611.53,4.25,1,STOP_LOSS,1.00385877981788,1.0060191984778248,1.0111775864505526,1.0191634196285457,32.501659992212424,15.51420097290179,26.896479155831244,-0.026669155019261315,35.82843310141241,0.2821821513358187,0.822931810761184,0.5,1.5569934106816945,0.0,0.0,0.0,0.0,0.0,0.0,0.0,0.0,1.0,0.0,1.0,0.07313195948707618,41,61,20,0,35.2,-1
2024-09-30 13:30:00,2024-09-30 18:30:00,SHORT,64016.38,63352.05,5.99,1,STOP_LOSS,0.9986628538650119,0.9990921228507644,1.004284283443862,1.0163211817771427,49.90883185444295,90.4786758646169,94.6960598451186,0.3496745517326248,37.791612699582906,0.3878485062680935,0.5732954537216882,0.5,1.4768124895206143,0.0,0.0,0.0,0.0,0.0,0.0,0.0,0.0,1.0,0.0,0.0,0.10760898811124954,37,61,24,0,33.1,-1
2024-10-01 02:15:00,2024-10-01 04:45:00,SHORT,63327.12,63857.4,-4.85,0,STOP_LOSS,1.0011980097448454,1.0019555424380058,1.004293540967869,1.0177528570460699,45.11299418119563,66.52252934598816,78.37150944822301,-0.011280271084600045,29.64172445475478,0.44066417528364743,1.0085567280784902,0.5,1.0288334514057444,0.0,0.0,0.0,0.0,0.0,0.0,0.0,0.0,1.0,0.0,0.0,0.0033658546478548177,30,62,32,0,37.9,-1
2024-10-01 13:30:00,2024-10-01 15:30:00,SHORT,62785.0,62708.88,0.7,1,STOP_LOSS,1.0110022837323074,1.0139717816821663,1.0149976773608091,1.0226548865306704,19.979170284200688,0.0,4.304299501782843,-0.4930052255871522,26.571293387932037,0.2697886489025258,2.0026772661372663,0.5,4.951067364159737,0.0,0.0,0.0,0.0,0.0,0.0,1.0,0.0,0.0,0.0,0.0,-0.03597456887025364,33,62,29,0,30.9,-1
2024-10-01 16:30:00,2024-10-01 18:15:00,SHORT,62035.0,62345.86,-2.89,0,STOP_LOSS,1.007326648882829,1.0133312786862336,1.019859217889479,1.0319778645485063,27.394333394733568,62.13954354222358,69.16109943073982,-0.16364385794607775,45.31838041446309,0.21615103149376644,0.8254150813042814,0.5,1.4251853602503028,0.0,0.0,0.0,0.0,0.0,0.0,1.0,0.0,0.0,0.0,0.0,-0.01254131857137611,28,62,34,0,26.0,-1
2024-10-01 20:00:00,2024-10-02 01:45:00,SHORT,61327.9,61527.95,-1.88,0,STOP_LOSS,1.0084478975563402,1.0135019041897584,1.022332458539019,1.0394839692120885,32.88323266850869,54.15806363347747,66.49706478251618,-0.030869436215651892,45.95112027915571,0.21544405075081188,0.8427669587883704,0.5,1.4661953366794112,0.0,0.0,0.0,0.0,0.0,0.0,1.0,0.0,1.0,0.0,0.0,-0.05199740311798355,28,62,34,0,21.9,-1
2024-10-02 09:45:00,2024-10-02 13:45:00,SHORT,61274.61,61346.84,-0.68,0,STOP_LOSS,1.0046427212339022,1.005254206684559,1.0060854913346686,1.0242112189425434,37.5546829460868,0.0,10.194152096669969,-0.2689994599343511,16.218118316186,1.019351068976387,2.007382447524976,0.5,1.2470249353200016,0.0,0.0,0.0,0.0,0.0,0.0,1.0,0.0,0.0,0.0,0.0,0.06964383758095509,29,64,35,0,30.0,-1
2024-10-02 18:15:00,2024-10-02 20:45:00,SHORT,61181.39,60928.63,2.38,1,STOP_LOSS,1.0050102130304592,1.0052537524767335,1.005031479067183,1.0192955004228783,43.06848312730004,12.392779553982649,17.482146309287835,-0.18348940114891943,20.375492379799457,0.7155922946173128,1.6028005978461821,0.5,1.3960478016444702,0.0,0.0,0.0,0.0,0.0,0.0,0.0,0.0,0.0,0.0,0.0,-0.009569464790875604,33,64,31,0,29.4,-1
2024-10-03 00:00:00,2024-10-03 03:45:00,SHORT,60814.47,61465.09,-6.17,0,STOP_LOSS,0.9987069431745317,0.9996411440635113,1.0031231334579302,1.0197355810734046,49.298554386564795,68.80468807003412,72.6724815702801,0.1329331784025357,25.118574725645527,0.5804611727840928,0.991194829005224,0.5,1.2785795439580712,0.0,0.0,0.0,0.0,0.0,0.0,0.0,0.0,0.0,0.0,0.0,-0.15002095972248553,31,61,30,0,40.5,-1
2024-10-03 07:00:00,2024-10-03 09:15:00,SHORT,61230.46,60638.73,5.55,1,STOP_LOSS,1.0008271601290828,0.9999300081115793,0.9987727126088535,1.0095778785601695,51.522433051421594,35.00408572007536,40.50140192778353,-0.07210534967840472,12.45893952248917,1.5015294232735488,1.4756214238081273,0.5,1.2394490562936686,0.0,0.0,0.0,0.0,0.0,0.0,0.0,0.0,1.0,0.0,0.0,-0.13975204275578526,39,64,25,0,37.7,-1
2024-10-03 12:30:00,2024-10-03 18:15:00,SHORT,60484.77,60668.8,-1.75,0,STOP_LOSS,1.0030638169498765,1.0045928950731888,1.006730424244258,1.0184065521981005,37.949271388305064,26.953211048461164,46.37231468256745,-0.06345652635184328,26.002654392753733,0.5645941334299425,1.1728641234746064,0.5,1.483101398420041,0.0,0.0,0.0,0.0,0.0,0.0,1.0,0.0,0.0,0.0,0.0,-0.08876414292395089,31,64,33,0,36.3,-1
2024-10-03 22:30:00,2024-10-04 01:15:00,SHORT,60806.24,61072.21,-2.52,0,STOP_LOSS,1.0002790073073053,0.9991806607870971,0.9984199714838206,1.0075873599487766,53.281255353071415,29.546943956027118,26.51149209689072,-0.013662041993973584,12.010565208966616,1.7283060439832871,1.3775579394138655,0.5,1.309979586625325,0.0,0.0,0.0,0.0,0.0,0.0,0.0,0.0,1.0,0.0,0.0,-0.014333569718798265,36,64,28,0,38.2,-1
2024-10-07 00:30:00,2024-10-07 05:30:00,LONG,63320.33,63401.11,0.73,1,STOP_LOSS,0.992638085187276,0.9907306334489507,0.9883362067996858,0.9821157436055039,72.36295757554021,83.12354314487963,82.299964575751,0.2523935456281959,24.671158051280763,1.3392221982517805,0.5093832067697319,0.5,2.934539289458335,0.0,0.0,0.0,0.0,0.0,0.0,0.0,1.0,0.0,1.0,0.0,0.004027800401195277,62,39,23,1,64.9,1
2024-10-07 07:15:00,2024-10-07 09:15:00,LONG,63521.14,63127.36,-3.57,0,STOP_LOSS,1.0007281065442006,0.9999664831267026,0.9958946851419606,0.9843789742205658,52.204334175449695,54.805407826065114,61.80980634236479,-0.1784820242708221,20.28020094218245,1.279676048531132,1.02588553066974,0.5,1.220611604614822,0.0,0.0,0.0,0.0,0.0,0.0,0.0,1.0,0.0,0.0,0.0,0.26570835752873745,62,29,33,1,65.0,1
2024-10-07 13:30:00,2024-10-07 15:30:00,LONG,63288.23,63695.37,3.69,1,STOP_LOSS,0.9965532075203747,0.9974187191715141,0.9982332975626012,0.9902144141590989,54.76203344620661,90.66262117394355,77.33160107106771,0.14902146363657984,27.830999215920635,0.7505716075326877,0.7040974778644948,0.5,1.7205653999280062,0.0,0.0,0.0,0.0,0.0,1.0,0.0,0.0,0.0,0.0,0.0,0.2437085966807164,62,27,35,1,63.7,1
2024-10-08 01:30:00,2024-10-08 03:00:00,LONG,62643.81,62686.28,0.39,1,SENAL_BAJISTA,0.998569471829568,1.001612223053952,1.005949403738087,1.0035001164923196,44.53722851692424,59.416595367401726,51.63131072949834,0.034831842999882554,40.0391320800626,0.3724958405407741,0.8329521847475199,0.5,1.6871590850426847,0.0,0.0,0.0,0.0,0.0,0.0,0.0,0.0,0.0,0.0,0.0,0.1115447891944767,62,36,26,1,50.9,1
2024-10-08 13:15:00,2024-10-08 14:00:00,LONG,62609.54,62649.92,0.37,1,STOP_LOSS,0.9983766491487033,0.998126967171336,0.9992655470237405,1.0018099581935687,55.5381475252982,28.31976466739619,18.054234332383928,0.03901389128958942,17.014108029687378,1.0624101664957362,1.0240120656403744,0.5,1.2899213410864436,0.0,0.0,0.0,0.0,0.0,0.0,0.0,0.0,1.0,0.0,0.0,0.04392447818074075,62,35,27,1,47.6,1
2024-10-08 23:00:00,2024-10-09 01:30:00,SHORT,62077.47,62428.28,-3.25,0,SENAL_ALCISTA,1.002689271089947,1.0033728159952233,1.0046603250823636,1.0084294777916873,40.260840906845935,8.358321510614081,26.72374146921303,-0.08459119345360111,18.702601676890637,0.8394977637995981,1.4487496536029107,0.5,1.4436964078978318,0.0,0.0,0.0,0.0,0.0,0.0,0.0,0.0,0.0,0.0,0.0,0.027430951522850265,35,62,27,0,46.3,-1
2024-10-09 08:30:00,2024-10-09 15:00:00,SHORT,62126.66,62149.69,-0.21,0,STOP_LOSS,1.00196217071682,1.0029298495202017,1.003294749943994,1.0061809869154827,35.31579367862295,0.8704659442784766,6.141039126960708,-0.3159411026028385,17.407783998137855,0.6797970914027355,1.5711810992439232,0.5,1.6623690698396985,0.0,0.0,0.0,0.0,0.0,0.0,0.0,0.0,0.0,0.0,0.0,0.06007533005039736,41,62,21,0,46.9,-1
2024-10-09 18:00:00,2024-10-09 21:15:00,SHORT,61465.06,60810.59,6.11,1,STOP_LOSS,1.0052254002435912,1.007212553353432,1.0094516537715619,1.0144203196338317,32.61800027104884,17.420475348091607,23.159191513219437,-0.18419534180649116,34.61691397685422,0.2863471200148402,0.9098913669722196,0.5,1.5558000109115186,0.0,0.0,0.0,0.0,0.0,0.0,0.0,0.0,1.0,0.0,1.0,0.046777961445324145,39,62,23,0,35.8,-1
2024-10-10 01:30:00,2024-10-10 10:15:00,SHORT,60807.67,61099.45,-2.77,0,STOP_LOSS,0.9972355369821507,0.9992287505276701,1.005536694726353,1.01878844829892,48.504687566510675,96.61850430169942,63.28517096836609,0.22851348590424858,50.46702268664255,0.29333880826057374,0.4910192480279102,0.5,1.2804139143528663,0.0,0.0,0.0,0.0,0.0,1.0,0.0,0.0,1.0,0.0,0.0,-0.07272460635120376,47,63,16,0,36.2,-1
2024-10-10 14:00:00,2024-10-10 19:30:00,SHORT,60901.27,59693.55,11.41,1,STOP_LOSS,1.0017268417935332,1.0020658462664485,1.0020905657804249,1.0110000276416362,44.5024478788404,5.978864058201991,16.00650257267673,-0.15488347165633068,20.0817750185829,0.7283431514333443,1.4164900815228931,0.5,1.2592235747868177,0.0,0.0,0.0,0.0,0.0,0.0,0.0,0.0,0.0,0.0,0.0,-0.08772499153281418,38,61,23,0,37.4,-1
2024-10-11 08:30:00,2024-10-11 09:45:00,SHORT,60685.7,61082.88,-3.79,0,STOP_LOSS,1.0005913824709582,0.9996894712180164,0.9975367896031792,1.0041281766562684,53.41159535034611,9.197874904495592,8.298943798136179,-0.1925127048568488,40.81847970586086,0.669276813302947,0.4056330395040456,0.5,1.4918455905645178,0.0,0.0,0.0,0.0,0.0,0.0,0.0,0.0,0.0,0.0,0.0,-0.005196711633680255,42,59,17,0,47.0,-1
2024-10-14 03:15:00,2024-10-14 04:00:00,LONG,63326.42,64216.66,8.13,1,STOP_LOSS,0.9914808309091726,0.9905840408296834,0.9900997102514975,0.9887256692765702,69.9876187379538,71.82026456341652,50.162319256456314,0.20186180279219929,16.361234255696427,2.492815311387571,0.9444317911285592,0.5,2.1783024229928434,0.0,0.0,0.0,0.0,0.0,1.0,0.0,0.0,0.0,1.0,0.0,-0.010712199796256266,62,35,27,1,66.7,1
2024-10-14 10:00:00,2024-10-14 14:45:00,LONG,64907.87,65926.14,9.11,1,STOP_LOSS,0.9956872505869105,0.9911022491868838,0.9828808090247508,0.970809441771091,73.25405005532558,76.77576093872983,61.996287171720525,0.04681886410989817,47.356249537180815,0.7486378074030884,0.20159523270884547,0.5,1.3231915836714816,0.0,0.0,0.0,0.0,0.0,1.0,0.0,1.0,0.0,1.0,0.0,0.25894777543115177,62,27,35,1,70.2,1
2024-10-14 22:45:00,2024-10-15 00:30:00,LONG,66461.09,65922.15,-4.74,0,STOP_LOSS,0.994432974103487,0.992322438682674,0.9862297702126083,0.9640364036860138,68.43686570988487,94.88257347819776,73.67922273656575,0.0718382454210115,32.75665315514755,0.9020462056431805,0.27735293778186393,0.5,2.6927507237828485,0.0,0.0,0.0,0.0,0.0,1.0,0.0,1.0,0.0,0.0,0.0,0.21108722650326336,62,30,32,1,75.7,1
2024-10-15 10:00:00,2024-10-15 11:45:00,LONG,65718.27,65398.31,-2.84,0,STOP_LOSS,0.9994664466301605,0.9992352662804007,0.9990389324088085,0.9839677591007014,52.67717111149287,48.068396787050375,51.640807481517044,0.07348998366621602,15.31514723091201,1.1830611874648602,1.1229121750267161,0.5,0.8974033137560038,0.0,0.0,0.0,0.0,0.0,0.0,0.0,1.0,0.0,0.0,0.0,-0.11522270239598816,67,18,49,1,65.1,1
2024-10-15 13:30:00,2024-10-15 14:00:00,LONG,66441.11,67358.53,8.03,1,STOP_LOSS,0.9914900530419324,0.9896104900503366,0.9887113033887038,0.9753358942315472,72.12791286561658,95.68821843121785,93.65676832170985,0.32270697779252866,18.96422407361765,1.7641265541017432,0.6658132325234282,0.5,2.3766638145698646,0.0,0.0,0.0,0.0,0.0,0.0,0.0,0.0,0.0,1.0,0.0,-0.10470698768588776,67,38,29,1,68.8,1
2024-10-15 15:15:00,2024-10-17 10:15:00,LONG,65846.51,67099.0,11.11,1,STOP_LOSS,1.0018364319042776,1.0015078188738706,0.9996424420992902,0.9856567370289762,49.11943534758747,15.059959266479973,18.257871780195213,-0.14088124972236715,22.97865274786705,1.299854231561905,1.4786297172034875,0.4999999999999963,1.4706715454925714,0.0,0.0,0.0,0.0,0.0,0.0,0.0,0.0,0.0,0.0,0.0,0.16993013769642976,67,31,36,1,68.8,1
2024-10-17 15:30:00,2024-10-17 18:00:00,LONG,67474.07,66848.3,-5.45,0,STOP_LOSS,0.9954203766615266,0.9949113704507879,0.9963144196832647,0.9929061689527197,61.443123660189855,89.23509977626043,83.02874001512242,0.18963479754927834,17.651464675009585,1.4779925747904221,1.0241674651574264,0.5,1.5360080936545681,0.0,0.0,0.0,0.0,0.0,0.0,0.0,0.0,1.0,0.0,0.0,-0.11940700587886645,67,45,22,1,66.9,1
2024-10-18 00:30:00,2024-10-18 03:45:00,LONG,67269.18,67557.23,2.51,1,STOP_LOSS,1.0008168090866885,0.9997778599312865,0.9992283912601949,0.9968459350298533,51.50768922167544,50.5564600094025,63.69413248079661,0.06904703511776755,14.40170827162707,1.2694524324727392,1.150831775371682,0.5,1.5171112068084263,0.0,0.0,0.0,0.0,0.0,0.0,0.0,0.0,1.0,0.0,0.0,-0.1342552589904884,63,36,27,1,63.1,1
2024-10-18 06:15:00,2024-10-18 11:45:00,LONG,68182.39,67703.67,-4.12,0,STOP_LOSS,0.9965100479666892,0.9945884505361315,0.9914518066389006,0.9858389974956898,65.9173072688175,77.59483341932079,58.91348104023708,0.06729375388874094,27.069934206270034,1.3084535636321601,0.4963377628430688,0.5,1.9261107651685134,0.0,0.0,0.0,0.0,0.0,1.0,0.0,1.0,0.0,0.0,0.0,-0.06404449243314253,67,22,45,1,65.9,1
2024-10-18 13:30:00,2024-10-18 20:15:00,LONG,68178.1,68541.95,3.13,1,STOP_LOSS,0.9954773309725983,0.9953253451876745,0.9943261999324984,0.9883997058769842,62.62835340985164,69.76860446887532,42.929311770521835,0.091391564109244,20.42205272095975,1.3759743398965567,0.5709121700731026,0.5,1.7024622272212326,0.0,0.0,0.0,0.0,0.0,0.0,0.0,1.0,0.0,0.0,0.0,-0.12234728024624854,67,21,46,1,69.1,1
2024-10-21 00:15:00,2024-10-21 02:30:00,LONG,69403.24,68979.3,-3.58,0,STOP_LOSS,0.9957242597649871,0.9932516618673215,0.9902880304586819,0.9852366552292252,76.54968571757055,62.02074509747105,49.570114254102286,0.1865020046373369,35.711074677791274,1.115824962558177,0.2904219254643013,0.5,2.1603289460018873,0.0,0.0,0.0,0.0,0.0,1.0,0.0,1.0,0.0,0.0,0.0,0.11579050827028387,67,26,41,1,65.6,1
2024-10-21 05:30:00,2024-10-21 06:45:00,LONG,69054.51,68683.29,-3.15,0,STOP_LOSS,0.9991065793734638,0.99899620047376,0.9976236064960011,0.9919976953035645,53.25102672769518,81.67819166991185,70.29999921603154,0.014819453453269923,20.69141124647666,1.1921460219337618,0.8686691850486303,0.5,0.8663265688180424,0.0,0.0,0.0,0.0,0.0,0.0,0.0,1.0,0.0,0.0,0.0,0.10772513675404648,67,18,49,1,58.2,1
2024-10-21 19:45:00,2024-10-22 00:00:00,LONG,67768.31,67282.38,-4.19,0,STOP_LOSS,0.996267409141444,0.995983297717044,1.000169582269309,1.0067372909342829,56.75890781207971,99.17880963055596,97.1825143107989,0.3530768366409033,33.43684208584492,0.8608922184710923,0.6833004001179541,0.5,1.6028190956162787,0.0,0.0,0.0,0.0,0.0,0.0,0.0,0.0,1.0,0.0,0.0,0.0992724685343693,65,41,24,1,48.4,1
2024-10-22 08:30:00,2024-10-22 11:00:00,SHORT,67124.65,67361.78,-2.06,0,STOP_LOSS,1.0034596261331838,1.0047825565843211,1.0058504982293253,1.0120877211575,37.55168670215033,5.192580761257641,2.982962496852295,-0.3382613017231182,18.337367100878215,0.7061836636943352,1.946153113532853,0.5,1.717702462110647,0.0,0.0,0.0,0.0,0.0,0.0,0.0,0.0,1.0,0.0,0.0,0.06494065002715416,38,59,21,0,43.4,-1
2024-10-23 02:15:00,2024-10-23 04:00:00,SHORT,67090.04,67133.99,-0.38,0,SENAL_ALCISTA,1.0027619502984717,1.0038071507078565,1.0041198913307336,1.0079249068377913,36.60394824931026,24.113466280396864,32.71100423226275,-0.17433953358223767,16.496438142105657,0.9175444140758354,1.5992958493470346,0.5,1.685478696168806,0.0,0.0,0.0,0.0,0.0,0.0,1.0,1.0,0.0,0.0,0.0,-0.1498110048777575,37,59,22,0,41.0,-1
2024-10-23 07:15:00,2024-10-23 09:30:00,SHORT,66951.47,66483.02,4.07,1,STOP_LOSS,1.001463396716979,1.0025374711780344,1.0039546208801562,1.0085933741750381,40.11644068155337,7.087511224993452,30.311170837907262,-0.0938887071571363,20.955166327861104,0.6931279742154276,1.3440805248811174,0.5,1.3547432685273784,0.0,0.0,0.0,0.0,0.0,0.0,0.0,1.0,0.0,0.0,0.0,-0.11903673395897857,40,58,18,0,38.3,-1
2024-10-23 13:30:00,2024-10-23 18:45:00,SHORT,66648.23,66059.07,5.16,1,STOP_LOSS,0.9977247871922625,0.9985213173830016,1.0018219337673786,1.0098627129340452,52.16644323372435,99.99999999999999,97.94618908589995,0.23183822873969887,30.71687913122088,0.48242303067312714,0.6744114443278038,0.5,1.6423594358304339,0.0,0.0,0.0,0.0,0.0,1.0,0.0,0.0,1.0,0.0,0.0,-0.09582505534195583,43,59,16,0,31.7,-1
2024-10-24 00:45:00,2024-10-24 08:45:00,LONG,67440.18,66865.98,-4.98,0,STOP_LOSS,0.9905047801476059,0.9876487359446428,0.9861236431498467,0.9929373484028808,72.99706635115477,76.0660858756298,62.96217892281532,0.2507928220386281,21.01240156800562,1.9358959575020256,0.6103963061705836,0.5,3.0869749180483605,0.0,0.0,0.0,0.0,0.0,0.0,0.0,0.0,0.0,1.0,0.0,0.038782935630256796,67,42,25,0,48.8,1
2024-10-24 13:30:00,2024-10-24 16:00:00,LONG,67839.0,67387.92,-3.88,0,STOP_LOSS,0.9948820310213687,0.9923682821645753,0.9900752129949542,0.9888219417345316,74.51597251054044,97.4049637581323,98.26997583875486,0.4006897402298158,27.844482903942012,1.26089601981273,0.3743709441354918,0.5,1.9868534919746565,0.0,0.0,0.0,0.0,0.0,0.0,0.0,1.0,0.0,1.0,0.0,0.012291493709941046,67,33,34,0,55.6,1
2024-10-24 19:15:00,2024-10-25 00:30:00,LONG,68094.81,68012.52,-0.7,0,STOP_LOSS,0.9960394471268136,0.9944947352155754,0.9915173477528401,0.9871049256960136,62.90945649989821,79.30336768446637,66.71124828650122,0.06526121343240086,21.476926748729984,1.1787496784790088,0.589905485100451,0.5,1.268792037898978,0.0,0.0,0.0,0.0,0.0,0.0,0.0,1.0,0.0,1.0,0.0,-0.07507773300982339,67,34,33,1,62.5,1
2024-10-25 09:15:00,2024-10-25 14:30:00,LONG,67636.45,68306.96,5.77,1,STOP_LOSS,0.9998219104578702,1.0006654680157614,1.0020811280681794,0.998272435600493,46.57201743110986,88.88429943822939,92.05729671305406,0.13725919676299678,27.31930919881507,0.4909306902232131,0.8372457104033775,0.5,1.3861411637219117,0.0,0.0,0.0,0.0,0.0,0.0,0.0,0.0,0.0,0.0,0.0,-0.1134574460328627,65,49,16,1,57.4,1
2024-10-25 23:00:00,2024-10-25 23:45:00,SHORT,65771.53,66695.08,-8.2,0,STOP_LOSS,1.0157308818775628,1.0192275853574904,1.0239651774636318,1.0264693358293362,25.163844748004202,25.067609995323764,53.04025699572881,-0.16173993613481555,36.6299952161688,0.3300188409185626,1.317208286442813,0.5,2.9069652369464083,0.0,0.0,0.0,0.0,0.0,0.0,0.0,0.0,0.0,0.0,1.0,0.13771389541521403,35,59,24,0,41.5,-1
2024-10-28 00:30:00,2024-10-28 10:45:00,LONG,67881.27,68630.16,6.41,1,STOP_LOSS,1.0022034834397795,1.001490382532705,0.9988342763516466,0.9935112625711482,47.04714179763528,5.374321078450045,6.063026173714425,-0.18646647860513202,41.34629507231027,0.5138812799313283,0.36572471473830764,0.5,1.8692067792925284,0.0,0.0,0.0,0.0,0.0,0.0,0.0,1.0,0.0,0.0,0.0,-0.0767548122512816,67,21,46,1,54.5,1
2024-10-28 12:15:00,2024-10-28 15:15:00,LONG,68933.54,68525.67,-3.45,0,STOP_LOSS,0.996869991760768,0.9943349427755317,0.990351484643433,0.9825209783679459,69.16418042739896,74.62941551805778,70.62000033105453,0.06348967661155469,34.542128723903694,0.9290946303678099,0.36149860635988323,0.5,1.6437245745497506,0.0,0.0,0.0,0.0,0.0,0.0,0.0,1.0,0.0,1.0,0.0,0.012618370797584131,67,23,44,1,61.0,1
2024-10-28 19:00:00,2024-10-29 03:45:00,LONG,69593.61,70941.76,11.28,1,STOP_LOSS,0.9931344934157335,0.9908952363322108,0.9873491531305398,0.9772528931940399,65.95946400161861,78.26116821985204,66.93516940468808,0.1644018121174349,17.554383383408716,1.620799894582309,0.7838117201069409,0.5,2.371134361973858,0.0,0.0,0.0,0.0,0.0,1.0,0.0,1.0,0.0,1.0,0.0,-0.13991835669055283,67,27,40,1,70.0,1
2024-10-29 12:00:00,2024-10-29 19:15:00,LONG,71230.9,72855.2,13.36,1,STOP_LOSS,1.0010959490634244,0.9997815717761852,0.9947852808677602,0.9737012585007302,52.550855219269934,56.20204546564838,63.10198120816091,-0.04963051848881968,23.998082668087275,1.0170322829069083,0.9285654254243007,0.5,1.346673212360536,0.0,0.0,0.0,0.0,0.0,0.0,0.0,1.0,0.0,0.0,0.0,0.04235789101108431,67,24,43,1,82.5,1
2024-10-30 05:30:00,2024-10-30 11:45:00,LONG,72466.66,71982.38,-3.95,0,STOP_LOSS,0.9989006487511809,0.9988467367458599,0.9977710945096664,0.9779662029227407,53.59357482032925,88.77307136094579,68.74817296535929,0.09930785660793898,11.63556254214176,1.8431904945270297,1.2699632522175333,0.5,0.947019647252013,0.0,0.0,0.0,0.0,0.0,0.0,0.0,1.0,0.0,0.0,0.0,-0.005341434539888322,72,9,63,1,75.7,1
2024-10-30 20:00:00,2024-10-31 00:30:00,LONG,71910.07,72064.49,1.27,1,STOP_LOSS,1.0002616160172928,1.0008334487921406,1.0021733569475735,0.9931673208339228,47.287599727317655,35.69199762714517,36.65010965204586,0.00041705134067264595,23.443861746934356,0.9533622900968268,0.6713818900022918,0.5,2.5391203046739497,0.0,0.0,0.0,0.0,0.0,0.0,0.0,0.0,1.0,0.0,0.0,-0.04557074887079608,72,38,34,1,72.3,1
2024-10-31 09:30:00,2024-10-31 11:15:00,LONG,72349.32,72341.74,-0.06,0,STOP_LOSS,0.9994987464308057,0.9994898781971201,0.999320649482529,0.9925007381921666,52.35799731666338,61.22658860146143,46.984838213599346,0.03492925020806591,9.409414871245078,2.302889933620693,2.2247269515076646,0.5,0.5758673126540557,0.0,0.0,0.0,0.0,1.0,0.0,0.0,0.0,0.0,0.0,0.0,-0.07374894450396126,66,20,46,1,69.2,1
2024-11-01 10:15:00,2024-11-01 15:15:00,LONG,69993.76,70873.93,7.42,1,STOP_LOSS,0.9943107892073326,0.993443736064933,0.9967604701830924,1.01123544873871,65.01858918301383,99.80654384121347,98.09854135413798,0.3902290345889959,32.09403060793209,0.827508696578263,0.4922742839682832,0.5,1.8857269546349975,0.0,0.0,0.0,0.0,0.0,0.0,0.0,0.0,1.0,0.0,0.0,0.04611601663768868,67,51,16,0,46.0,1
2024-11-04 00:30:00,2024-11-04 01:45:00,SHORT,68415.8,68972.78,-4.82,0,STOP_LOSS,1.0039851231882562,1.0043752154451095,1.0028484869771013,1.008625617550357,40.00721141446706,0.0,1.1783449947487705,-0.34319481632052296,17.59660550208181,1.0340318566164108,1.7869364103695355,0.5,1.533221766865972,0.0,0.0,0.0,0.0,0.0,0.0,1.0,0.0,0.0,0.0,0.0,0.2675304169606037,32,59,27,0,45.6,-1
2024-11-04 07:30:00,2024-11-04 12:15:00,SHORT,68750.3,68933.1,-1.57,0,SENAL_ALCISTA,1.0030593530726029,1.0034496616124327,1.0020006006380933,1.003779637597117,42.19090431133401,17.67859924390707,31.353884744259666,-0.19770346070607944,15.105337708179714,1.3919114315492707,1.6038152877651042,0.5,1.292233506692708,0.0,0.0,0.0,0.0,0.0,0.0,1.0,1.0,0.0,0.0,0.0,0.12955475941855743,38,59,21,0,41.2,-1
2024-11-04 14:00:00,2024-11-04 19:00:00,SHORT,68594.04,68017.08,4.96,1,STOP_LOSS,1.0035066093932494,1.0037470031112343,1.0036416294486288,1.0053780974508881,39.96179451667404,5.201435162869496,34.40544844652378,-0.08236562746739584,14.575865213374225,1.3583106949726254,1.8130600968175432,0.5,1.30510022452755,0.0,0.0,0.0,0.0,0.0,0.0,1.0,1.0,0.0,0.0,0.0,0.15575958473035836,39,59,20,0,42.1,-1
2024-11-04 20:45:00,2024-11-04 22:00:00,SHORT,67355.43,67708.01,-3.1,0,STOP_LOSS,1.004741630696983,1.007782335804368,1.0128195344562743,1.0203526566175862,32.058238449015946,26.94290402531217,49.173224218540696,-0.03139529112299313,28.580652882678788,0.4527320528411065,1.0821092545350512,0.5,1.363534683589756,0.0,0.0,0.0,0.0,0.0,0.0,1.0,0.0,1.0,0.0,1.0,0.05673642560200723,38,59,21,0,35.0,-1
2024-11-06 00:15:00,2024-11-06 05:00:00,LONG,70314.49,73964.36,30.67,1,STOP_LOSS,0.9911384989327016,0.9900895034481695,0.9880006525207684,0.9808569244131066,63.70731037324801,72.44191174382917,62.36239799999478,0.16786948573928348,24.58972246754735,1.2115268421658805,0.8011890607978764,0.5,1.6181777186736799,0.0,0.0,0.0,0.0,0.0,0.0,0.0,1.0,0.0,0.0,0.0,-0.0653633218689268,67,20,47,1,76.7,1
2024-11-06 13:00:00,2024-11-07 03:00:00,LONG,74103.86,75146.05,8.46,1,STOP_LOSS,1.0011027395442729,0.9987932001107469,0.9893212460270602,0.9562107429950317,54.27294837948487,48.643603303865206,65.5825523544101,-0.01606715810458155,18.579343945945755,1.3879380104453396,1.2067631825864555,0.5,1.2207653782389416,0.0,0.0,0.0,0.0,0.0,0.0,1.0,1.0,0.0,0.0,0.0,0.11586369529529035,67,32,35,1,72.0,1
2024-11-07 10:00:00,2024-11-07 18:00:00,LONG,74974.41,76034.71,8.55,1,STOP_LOSS,0.9999521260342246,0.9997376782178627,0.9997885748080493,0.9767140422675153,50.26554108987475,55.68330844507143,69.1497255017841,0.12587932337672056,14.28009322863134,0.8604218904398178,1.2691507935720587,0.5,1.6283447435282365,0.0,0.0,0.0,1.0,0.0,0.0,0.0,0.0,0.0,0.0,0.0,-0.25325471118286785,65,16,49,1,68.0,1
2024-11-08 00:30:00,2024-11-09 01:15:00,LONG,76154.72,76332.89,1.42,1,STOP_LOSS,0.9982453384210213,0.9981429636704393,0.9956247722735605,0.9761107022526955,54.8101459595523,76.25583052948103,61.05712775881905,-0.01742110047505403,17.144110912674197,1.3265669332638992,0.9130712304621045,0.5,1.298680080334895,0.0,0.0,0.0,0.0,1.0,0.0,0.0,1.0,0.0,0.0,0.0,0.016428572724584423,72,16,56,1,68.6,1
2024-11-11 01:45:00,2024-11-11 19:00:00,LONG,81201.94,85728.78,33.89,1,STOP_LOSS,0.9948122252080157,0.9910045073339943,0.9857573468925899,0.9643034524197902,65.37553943811284,81.54746091528578,64.14775968818154,0.17401938531842487,26.862122591257965,1.2789081914840539,0.44485502890293666,0.5,1.5713812232804034,0.0,0.0,0.0,0.0,0.0,0.0,0.0,1.0,0.0,0.0,0.0,0.11286418237156069,72,34,38,1,83.0,1
2024-11-11 21:15:00,2024-11-12 00:00:00,LONG,88236.52,87644.28,-4.16,0,STOP_LOSS,0.9843852847794791,0.9722337628387445,0.9541533895398245,0.9173184555394519,80.92334123095738,75.5241001335195,66.60010139539422,0.18790541229734303,58.274939626083736,0.6976892279218004,0.0795297833657737,0.5,1.5965941990397605,0.0,0.0,0.0,0.0,0.0,0.0,0.0,1.0,0.0,1.0,0.0,-0.06432462835275976,72,24,48,1,89.8,1
2024-11-12 06:30:00,2024-11-12 09:30:00,LONG,89415.52,88150.78,-8.75,0,STOP_LOSS,0.9908266714892353,0.9879585529567726,0.9772552851795486,0.9305622320203374,67.03797962811691,77.94980040733992,68.62966777415478,0.035199511760261815,17.47802298735477,1.8003422040964263,0.9751833079239751,0.5,1.52334699139689,0.0,0.0,0.0,0.0,0.0,0.0,0.0,1.0,0.0,1.0,0.0,-0.0031352772516805073,72,21,51,1,86.5,1
2024-11-12 17:15:00,2024-11-13 02:15:00,LONG,87468.81,87475.28,0.05,1,STOP_LOSS,0.9940733397186737,0.9933687148760759,0.9960406643445928,0.9676992510817612,54.92207529369701,96.64997300115314,91.10131650537402,0.22558914922346848,29.254857283578744,0.6781933600142425,0.6987077568911321,0.5,0.7418900117216382,0.0,0.0,0.0,0.0,0.0,0.0,0.0,1.0,0.0,0.0,0.0,-0.03908440087371118,72,20,52,1,75.8,1
2024-11-13 09:00:00,2024-11-13 16:30:00,LONG,87493.06,91834.61,30.54,1,STOP_LOSS,0.997269897641163,0.9969915004032273,0.9993649150054141,0.9840258746526627,53.57176958560487,77.69902673993118,81.32617508971609,0.21597980531448538,24.848938175795944,0.7860474226819459,0.8445508432349045,0.5,0.8149645622302142,0.0,0.0,0.0,0.0,0.0,0.0,0.0,0.0,0.0,0.0,0.0,-0.056978992776766525,61,13,48,1,68.8,1
2024-11-13 19:00:00,2024-11-13 21:00:00,LONG,90864.26,88590.68,-15.66,0,STOP_LOSS,1.0135333341636887,1.0072163296461394,0.9918026129989405,0.9622320418251873,47.54892692720179,15.824738609361045,18.886471809026375,-0.26669319312851003,42.326881186068306,0.5831688099101483,0.5794539577373697,0.5,1.4879674707436052,0.0,0.0,0.0,0.0,0.0,0.0,0.0,1.0,0.0,0.0,0.0,0.10180473388346131,72,19,53,1,67.6,1
2024-11-14 07:30:00,2024-11-14 14:30:00,LONG,90100.0,89719.7,-2.62,0,STOP_LOSS,0.9970009913723203,0.9973852986347413,0.9978278035977906,0.9811089279848347,53.38006971916071,73.18969850468966,48.79152873797028,0.02999000328916954,17.363561081107363,1.1186387737626047,1.4127608239250988,0.5,1.276533869891281,0.0,0.0,0.0,0.0,0.0,1.0,0.0,0.0,0.0,0.0,0.0,-0.014179224285261603,72,26,46,1,68.0,1
2024-11-15 02:30:00,2024-11-15 14:15:00,LONG,88404.32,89307.59,6.33,1,STOP_LOSS,0.9958049037749117,0.9957783418102798,1.001155464761474,1.003886869170319,54.500274849037034,97.24335065290589,96.8355145118406,0.2213410759753671,31.84037379209944,0.4964378572368463,0.747735576972199,0.5,0.999684420619427,0.0,0.0,0.0,0.0,0.0,0.0,0.0,0.0,1.0,0.0,0.0,0.04926282566481221,62,38,24,1,54.7,1
2024-11-15 17:15:00,2024-11-17 02:00:00,LONG,89549.64,89479.85,-0.48,0,STOP_LOSS,0.996847534767327,0.9962995089656397,0.9940211138481703,0.9915067855303723,54.89569711187971,74.60212868054717,66.1349518906618,0.030017039191201862,18.65255037079806,1.2628889402146593,0.9382330309715957,0.5,0.7080759213662523,0.0,0.0,0.0,0.0,0.0,1.0,0.0,1.0,0.0,0.0,0.0,0.04380930346283161,72,15,57,1,58.9,1
2024-11-18 01:15:00,2024-11-18 11:00:00,LONG,90550.69,91139.92,4.05,1,STOP_LOSS,0.9940084964979286,0.9926433891091482,0.9943080659200503,0.9970163651219066,65.10922084539044,97.18688680934102,97.18688680934102,0.36742518711140343,30.38316068418125,0.7609170866193177,0.4766721900216763,0.5,1.6634088424187374,0.0,0.0,0.0,0.0,0.0,0.0,0.0,0.0,1.0,1.0,0.0,-0.18027708586284674,72,41,31,1,56.8,1
2024-11-18 15:30:00,2024-11-18 18:30:00,LONG,91898.21,90457.39,-9.77,0,STOP_LOSS,0.9872998868911225,0.9869328907911148,0.9876688637086926,0.9854166910636335,62.89510670678371,96.2240010891513,93.2028183396518,0.25355156944655727,32.309158483286296,1.026580542575405,0.5968896166773385,0.5,1.9671531134221258,0.0,0.0,0.0,0.0,0.0,0.0,0.0,1.0,0.0,0.0,0.0,-0.07350701110051895,72,18,54,1,61.0,1
2024-11-18 20:30:00,2024-11-18 23:15:00,LONG,91389.42,90243.23,-7.77,0,STOP_LOSS,0.9950726673629263,0.9950951687167375,0.9950408718624987,0.9920662366092149,54.64386234485637,75.73140067505321,60.23382569665493,0.0618062718939223,20.026616233613442,1.3810536808975715,0.9749591662393671,0.5,1.3675517256220804,0.0,0.0,0.0,0.0,0.0,0.0,0.0,1.0,0.0,0.0,0.0,-0.035100913670619294,72,26,46,1,52.4,1
2024-11-19 02:15:00,2024-11-19 13:30:00,LONG,91154.06,91437.34,1.92,1,STOP_LOSS,0.9974745390032611,0.9975831250312813,0.9978882950167666,0.9954239564561543,53.44896180358877,79.7221065827222,75.69721259828437,0.06527278176864675,10.881270189127898,1.9164982985378052,1.7514060217335128,0.5,1.2664366818512762,0.0,0.0,0.0,0.0,0.0,0.0,0.0,1.0,0.0,0.0,0.0,-0.041669387184372846,71,31,40,1,56.1,1
2024-11-19 18:15:00,2024-11-19 20:45:00,LONG,93657.49,92428.75,-8.1,0,STOP_LOSS,0.9919311816082568,0.987590616930153,0.9830790573648414,0.9748983361272515,69.60781921970252,99.64066522313207,97.64884992597207,0.24284341176070817,17.948422934694104,1.6423027385210245,0.7113840491524842,0.5,1.475943477761303,0.0,0.0,0.0,0.0,0.0,1.0,0.0,1.0,0.0,1.0,0.0,-0.09488345674158737,72,45,27,1,62.8,1
2024-11-20 08:45:00,2024-11-20 11:00:00,LONG,93195.23,92804.53,-2.58,0,STOP_LOSS,0.996683060283438,0.9937118288647336,0.9914193248539844,0.9848877695487641,71.61456380749425,99.99999999999999,99.99999999999999,0.3083450626903907,26.71547472788197,1.135661242503704,0.35110364980557407,0.5,1.4921416166406192,0.0,0.0,0.0,0.0,0.0,1.0,0.0,0.0,0.0,0.0,0.0,-0.04582025278204649,72,21,51,1,61.9,1
2024-11-20 13:15:00,2024-11-20 16:15:00,LONG,94279.73,93545.16,-4.78,0,STOP_LOSS,0.9935872591961562,0.9903221648206648,0.9858340261301257,0.9764291282251762,72.22485076520063,83.52528595564993,70.28708484329508,0.16432147256560634,28.155934639906803,1.0805253286367125,0.43474247719795495,0.5,2.267829691607194,0.0,0.0,0.0,0.0,0.0,1.0,0.0,1.0,0.0,1.0,0.0,-0.019950293004252006,72,30,42,1,66.3,1
2024-11-21 00:15:00,2024-11-21 04:15:00,LONG,94835.2,96460.44,10.49,1,STOP_LOSS,0.9946507809376242,0.9932904993198267,0.9906355429050389,0.9785363069454482,63.94533988415762,83.07287394604113,57.3958806753819,0.10395152495876532,15.77022886506975,1.5417747856425406,1.047147943480627,0.5,1.6168415290136806,0.0,0.0,0.0,0.0,0.0,1.0,0.0,1.0,0.0,1.0,0.0,-0.07644862931403672,72,17,55,1,67.9,1
2024-11-21 11:00:00,2024-11-21 13:15:00,LONG,98237.41,97133.21,-6.92,0,STOP_LOSS,0.9937721968599332,0.9900652993356632,0.9812881340719849,0.9582023443096892,72.92987446092077,92.74318928880432,81.99967594031172,0.020395153767413382,30.146602393297137,1.1394262728386202,0.41424237774241623,0.5,1.9947615563880428,0.0,0.0,0.0,0.0,0.0,1.0,0.0,1.0,0.0,1.0,0.0,-0.03110449195485266,72,23,49,1,73.7,1
2024-11-21 19:00:00,2024-11-22 13:15:00,LONG,98757.03,97585.83,-7.28,0,STOP_LOSS,0.9926376852310301,0.9889282747447541,0.9844757471466256,0.9624959901696623,69.35036879977167,91.67880725156445,92.17247167801588,0.2784952662296427,16.129891417313345,1.4567307163336993,0.9123580854414661,0.5,1.344530761296842,0.0,0.0,0.0,0.0,0.0,0.0,0.0,1.0,0.0,1.0,0.0,-0.03657441354779374,72,28,44,1,68.9,1
2024-11-22 16:30:00,2024-11-23 16:15:00,LONG,98598.88,97676.55,-5.71,0,STOP_LOSS,0.9973083809225849,0.9969426796968682,0.9976218308986818,0.9839289470623954,54.514829315816634,82.7703251529873,85.67105343735793,0.20282537480286994,23.203438882681,0.69823870368422,0.8717964310338927,0.5,0.5946213175331643,0.0,0.0,0.0,0.0,0.0,0.0,0.0,1.0,0.0,0.0,0.0,-0.07864889812445149,72,15,57,1,70.2,1
2024-11-25 01:15:00,2024-11-25 13:00:00,LONG,97085.03,97499.68,2.6,1,STOP_LOSS,1.0048360429187297,1.0030808733290235,1.0011547017155955,1.0045974555905157,45.820874238740195,3.87388285170476,13.287251743185708,-0.15671441785311002,25.70738156163553,0.8543312065937462,1.1095721414426651,0.5,1.7581933776072425,0.0,0.0,0.0,0.0,0.0,0.0,1.0,0.0,1.0,0.0,0.0,0.12055378628645909,72,53,19,1,56.2,1
2024-11-26 05:30:00,2024-11-26 07:00:00,LONG,94568.48,93912.58,-4.23,0,STOP_LOSS,0.9983037509152448,0.9980408948248455,1.0018709954366918,1.0183340569511417,52.86322742371421,56.57097970171483,37.566785561087045,0.07836838680255719,15.762040610183773,1.203577098744609,1.2392275742182042,0.5,0.8152363953365898,0.0,0.0,0.0,0.0,0.0,1.0,0.0,0.0,1.0,0.0,0.0,0.09229280849482027,63,46,17,0,38.8,1
2024-11-27 01:15:00,2024-11-27 20:15:00,LONG,92372.67,97203.84,31.82,1,TAKE_PROFIT,0.9971649740826104,0.9968168884866806,1.000118118314543,1.0205220676369688,53.97494258932413,72.7550227715553,59.849533336429246,0.1887610458483982,12.62822797991626,1.8604464775728422,1.4419325517307835,0.5,1.6836174207262657,0.0,0.0,0.0,0.0,1.0,1.0,0.0,0.0,1.0,0.0,0.0,0.17074628459697985,65,44,21,0,38.6,1
2024-11-28 11:30:00,2024-11-28 15:30:00,LONG,95206.0,95185.84,-0.13,0,STOP_LOSS,0.9985336724232167,1.0000058264395346,1.0018936984481983,0.9968957185763699,48.36296978514054,59.506169847409026,50.15203202818981,0.01601974182025312,24.59656783988961,0.6151075076167642,0.9178393728761257,0.5,1.3610805425147359,0.0,0.0,0.0,0.0,0.0,0.0,0.0,0.0,0.0,0.0,0.0,0.06612424042371322,61,33,28,1,51.9,1
2024-11-28 23:00:00,2024-11-29 06:00:00,LONG,95699.79,96035.93,2.18,1,STOP_LOSS,0.9966867385867766,0.9952268534596244,0.9952484655216455,0.9930051847607012,64.88680747088905,100.0,99.99999999999999,0.36073772457170117,16.459290675929953,1.5095162495230345,0.7416617791206869,0.5,1.617346248324367,0.0,0.0,0.0,1.0,0.0,1.0,0.0,0.0,0.0,0.0,0.0,-0.03829707122056169,72,21,51,1,52.9,1
2024-11-29 07:15:00,2024-11-29 12:15:00,LONG,96076.92,97207.45,7.3,1,STOP_LOSS,1.0015852169690034,1.0013312667503493,0.9987092579897179,0.9924290486137141,47.7692122999893,25.5903864817249,26.552539296397075,-0.23671266824974033,22.751463263666473,0.957447427746635,0.9045781982850944,0.5,1.2241405294372618,0.0,0.0,0.0,0.0,0.0,0.0,0.0,1.0,0.0,0.0,0.0,-0.11315528106808129,67,27,40,1,51.9,1
2024-11-29 20:30:00,2024-11-30 01:15:00,LONG,97488.23,96696.95,-5.05,0,STOP_LOSS,0.998411773629804,0.9983182993140359,0.9959955460137189,0.9854984498895445,54.899141439317354,87.93726112432427,68.58967751273153,-0.0022344013487534714,16.745301506451252,1.5869038155162452,1.0669053356576381,0.5,1.6909887358691464,0.0,0.0,0.0,0.0,0.0,0.0,0.0,1.0,0.0,0.0,0.0,0.14650076750532426,72,12,60,1,58.5,1
2024-12-02 00:00:00,2024-12-02 03:30:00,LONG,97220.1,97040.97,-1.14,0,STOP_LOSS,1.0015465170200224,1.0011451382513445,0.999729369638536,0.9957421780148866,47.40460372157977,18.05226784137093,40.5797033855022,-0.08850793855017514,20.021411382200316,0.9347162112942555,0.9597216329704201,0.5,2.6233076803193454,0.0,0.0,0.0,0.0,0.0,0.0,0.0,1.0,0.0,0.0,0.0,-0.047966281546500324,72,23,49,1,50.4,1
2024-12-02 15:15:00,2024-12-02 17:15:00,LONG,96646.32,95384.63,-8.1,0,STOP_LOSS,0.9945674479708851,0.9914032745263094,0.9929258218869553,0.9982212912177241,63.99530342683848,80.36749359313909,85.4351604187878,0.4261965769952901,28.813767200549375,1.0784596406252456,0.5542920348709216,0.5,1.3738152679050748,0.0,0.0,0.0,0.0,0.0,0.0,0.0,0.0,1.0,0.0,0.0,0.010120660079409217,72,23,49,1,54.3,1
2024-12-03 02:30:00,2024-12-03 07:00:00,LONG,96145.16,95636.44,-3.27,0,SENAL_BAJISTA,0.9960731473337575,0.9955630215755921,0.9960267398559952,1.0007447543355954,59.857210267473775,61.9217879795628,39.12739406354278,0.09924024484586859,12.837257723744688,2.0432364357618478,1.236439713678227,0.5,1.4570891220926607,0.0,0.0,0.0,0.0,0.0,1.0,0.0,0.0,1.0,0.0,0.0,-0.06392618983591705,67,34,33,0,48.7,1
2024-12-03 15:15:00,2024-12-03 19:00:00,LONG,95872.88,95091.33,-5.03,0,SENAL_BAJISTA,0.9915406647433418,0.9906280422884438,0.9931404678089248,0.9998457746383979,62.737575650842274,99.99999999999999,96.73505131710466,0.3629899202324864,42.113095220878705,0.5549722887968251,0.4533390272828759,0.5,1.3571207471623765,0.0,0.0,0.0,0.0,0.0,1.0,0.0,0.0,1.0,0.0,0.0,-0.16144406304027598,72,39,33,0,47.3,1
2024-12-03 21:15:00,2024-12-04 02:00:00,LONG,95934.46,95377.62,-3.57,0,STOP_LOSS,0.9968013188167918,0.9953287841003232,0.994439326366508,0.9984241449473082,61.63355045857047,90.51530720287978,75.98452120081473,0.10858641993777028,17.56330346057612,1.2602775957687782,1.0756563370633878,0.5,1.256244143048403,0.0,0.0,0.0,0.0,0.0,1.0,0.0,0.0,1.0,0.0,0.0,-0.05509360728379461,67,39,28,0,48.7,1
2024-12-04 09:00:00,2024-12-04 11:45:00,LONG,96877.18,96174.38,-4.45,0,STOP_LOSS,0.9977982629426763,0.9956300264464558,0.9923141760987642,0.9900807734727833,65.08684035579768,55.678842858831025,46.795045802183026,0.06681442992667724,23.778755748555845,1.0287485107384782,0.507181887164186,0.5,1.852856842450971,0.0,0.0,0.0,0.0,0.0,0.0,0.0,1.0,0.0,1.0,0.0,-0.08524662454386102,72,29,43,0,50.8,1
2024-12-04 15:15:00,2024-12-04 16:00:00,LONG,96091.9,95194.97,-5.71,0,STOP_LOSS,0.998607302193407,0.9996009190303571,1.0002125247925424,0.9987475806640272,49.99118756957164,71.49367520226714,74.55412873710233,0.06250886749332991,31.123175883722958,0.5157146789036127,0.6921555059642409,0.5,1.4128205085055394,0.0,0.0,0.0,0.0,0.0,0.0,0.0,1.0,0.0,0.0,0.0,0.03179995481684064,64,41,23,0,48.0,1
2024-12-04 20:00:00,2024-12-05 05:30:00,LONG,98056.37,102099.84,25.16,1,STOP_LOSS,0.9859463951574468,0.9809026724405764,0.9794526109102863,0.9785441521433585,78.77142912475347,99.99999999999999,99.99999999999999,0.5869233292981278,30.48873385345812,1.3290473332334847,0.35159672721073815,0.5,1.8988992201839272,0.0,0.0,0.0,0.0,0.0,1.0,0.0,0.0,0.0,1.0,0.0,0.08998483943890911,72,27,45,1,63.6,1
2024-12-05 15:15:00,2024-12-05 17:00:00,LONG,102075.96,100652.09,-8.63,0,STOP_LOSS,1.008100493566186,1.0071144168099941,1.0000879391253137,0.9698274919471231,41.38804385528407,66.1940524534929,77.29019069695349,-0.09860650554992616,27.758518567084444,0.663007147420568,1.004575625566892,0.5,2.0884975498351444,0.0,0.0,0.0,0.0,0.0,0.0,0.0,0.0,0.0,0.0,0.0,-0.03470227479050557,70,47,23,1,65.1,1
2024-12-06 13:30:00,2024-12-06 18:30:00,LONG,98736.08,100809.23,12.93,1,STOP_LOSS,0.9937954896984876,0.9932713713232274,0.9943785481626151,0.9984041626583959,61.14061428855582,68.40312822678959,41.16409189124268,0.0787591094484033,13.243883930884872,2.095176782495327,1.2705465766603283,0.5,1.9846191346919302,0.0,0.0,0.0,0.0,0.0,1.0,0.0,0.0,0.0,1.0,0.0,-0.21871606807999694,67,29,38,1,55.4,1
2024-12-09 00:15:00,2024-12-09 02:30:00,LONG,100039.18,99182.46,-5.31,0,STOP_LOSS,1.0034560794691827,1.0015512185432192,0.9995994540319117,0.9968605918184342,48.20939899271744,53.01039285887612,77.76121114740337,0.11849130579121356,22.152016391022794,1.4317130744257573,1.0051212881309064,0.5,2.379249807240667,0.0,0.0,0.0,0.0,0.0,0.0,0.0,1.0,0.0,0.0,0.0,0.1010263632483475,70,34,36,1,49.1,1
2024-12-09 07:30:00,2024-12-09 09:15:00,LONG,99442.6,98560.45,-5.49,0,STOP_LOSS,0.9965866831179748,0.9980531918359891,1.0004041537159991,1.0017306473381464,52.391355813016126,42.255829321367955,31.209143399120986,7.325281005190847e-05,27.506016540075585,0.7908444480686495,1.1628776873466617,0.5,1.4438643118773207,0.0,0.0,0.0,0.0,0.0,0.0,0.0,0.0,0.0,0.0,0.0,0.14117143284692704,63,35,28,1,51.5,1
2024-12-10 13:15:00,2024-12-10 15:15:00,LONG,97473.86,96811.03,-4.19,0,STOP_LOSS,0.9997396220874126,0.9994960605609284,0.9990441576763771,1.0071516699274727,51.631372595339144,45.4085598434756,25.292820180660186,-0.09301709563094743,14.418559454989937,1.531394512850887,1.2874779406238597,0.5,1.303144621047091,0.0,0.0,0.0,0.0,0.0,0.0,0.0,0.0,0.0,0.0,0.0,0.02850012683475197,60,22,38,0,35.9,1
2024-12-11 13:45:00,2024-12-11 17:30:00,LONG,98741.84,100239.09,9.33,1,STOP_LOSS,0.9967436274084995,0.9945961066542832,0.9901921553452181,0.9881961232725658,68.5543141577035,76.13540199559009,44.994000863432404,0.04039313488493894,40.79277288340671,0.6607313462076251,0.26006231916826494,0.5,1.487437574001065,0.0,0.0,0.0,1.0,0.0,1.0,0.0,1.0,0.0,1.0,0.0,-0.17650763523647073,67,31,36,0,61.0,1
2024-12-12 02:45:00,2024-12-12 04:00:00,LONG,101835.37,100906.68,-5.64,0,STOP_LOSS,0.9916508313038757,0.9911998233430042,0.9868521411576238,0.9708437980206703,68.67117046514771,66.62160076097973,41.75911472965827,0.026115854844217287,24.171937282726837,1.533143513290858,0.6159077502615876,0.5,1.7636240741370222,0.0,0.0,0.0,0.0,0.0,1.0,0.0,1.0,0.0,1.0,0.0,0.12163755309242545,72,21,51,1,63.1,1
2024-12-12 09:30:00,2024-12-12 11:00:00,LONG,100878.19,100237.3,-3.92,0,STOP_LOSS,0.9997986817732079,0.9994159533238237,0.9982738485463493,0.9846478114867914,51.9843470873148,89.57859919515394,96.52619973171797,0.16453310644686586,15.400526182883027,1.5350489633579758,1.1925085230266108,0.5,1.4302941766460524,0.0,0.0,0.0,0.0,0.0,0.0,0.0,1.0,0.0,0.0,0.0,0.040176095081068945,72,18,54,1,58.6,1
2024-12-12 12:45:00,2024-12-12 15:00:00,LONG,100836.69,100821.83,-0.09,0,STOP_LOSS,0.9981211623874239,0.9982622109813362,0.9982145561439145,0.9865697040594641,54.575260244874265,87.60042981898013,71.92452831540871,0.1162836520388299,15.939722262881936,1.4141535728217554,1.194983545623309,0.5,1.3550425692724857,0.0,0.0,0.0,0.0,0.0,1.0,0.0,0.0,0.0,0.0,0.0,0.026285856302556008,72,22,50,1,64.7,1
2024-12-12 16:00:00,2024-12-12 18:45:00,LONG,102354.69,100854.21,-9.02,0,STOP_LOSS,0.9924626357916705,0.9891201936984171,0.9863777378326678,0.974183406014715,67.02014034773268,78.10245954142565,62.97378149228883,0.24545117116553491,17.84239260590263,1.4786923175013957,0.6676383374251624,0.5,2.3171635165078457,0.0,0.0,0.0,0.0,0.0,1.0,0.0,1.0,0.0,1.0,0.0,-0.21092810812877782,72,21,51,1,51.4,1
2024-12-13 06:00:00,2024-12-13 15:45:00,LONG,100014.64,99865.83,-0.91,0,STOP_LOSS,0.9988951073311907,0.9985558419326782,1.0004988702178848,0.9987280229304456,53.83676993154484,72.88505990486814,74.82989166705235,0.2258025801108498,15.246868433387142,1.1521772395439556,1.0593848479215302,0.5,0.7157815577776298,0.0,0.0,0.0,0.0,0.0,0.0,0.0,0.0,1.0,0.0,0.0,-0.1955485054265827,65,28,37,1,54.2,1
2024-12-16 00:15:00,2024-12-16 02:15:00,LONG,105256.44,104625.53,-3.67,0,STOP_LOSS,0.9907505144751269,0.9858075162183552,0.9809914117414833,0.9704387970174536,76.78719907994426,85.70125196343933,87.41401683332516,0.4218269429917748,35.37962262191381,1.0927930651642155,0.28431521927699843,0.5,1.3478961303968395,0.0,0.0,0.0,0.0,0.0,0.0,0.0,1.0,0.0,1.0,0.0,-0.031252568815168726,72,27,45,1,73.3,1
2024-12-16 14:15:00,2024-12-16 19:00:00,LONG,104367.39,106196.72,10.7,1,STOP_LOSS,0.9974251611788639,0.9986976776806463,0.9996553230626355,0.9889281293537199,51.690118782954755,81.89431353378275,70.37032571069444,0.0955261330947285,24.639340293935565,0.8414726879441009,1.0370431860890024,0.5,1.4300373686659626,0.0,0.0,0.0,0.0,0.0,0.0,0.0,0.0,0.0,0.0,0.0,0.13910232678234385,72,30,42,1,72.8,1
2024-12-17 01:15:00,2024-12-17 15:00:00,LONG,106173.21,106951.37,4.5,1,STOP_LOSS,0.998466957558153,0.9987813252802104,0.9972096836893772,0.9824196729599132,52.87693617563939,76.3747935358009,75.33928093259797,0.02128773720797855,17.273893161136478,0.9327160345727888,1.1386199083360338,0.5,1.486256914056104,0.0,0.0,0.0,0.0,0.0,0.0,0.0,1.0,0.0,0.0,0.0,0.15927968098453715,72,16,56,1,72.0,1
2024-12-17 17:30:00,2024-12-17 20:00:00,LONG,107367.69,106223.41,-6.56,0,STOP_LOSS,0.9975709342881989,0.9973166858060757,0.9961928986864135,0.9833369952187367,53.724241309042235,47.072311875531966,42.53356185829212,0.05807626896605073,17.921448467189858,1.2007709602981904,1.1740472311929269,0.5,0.5692136398595824,0.0,0.0,0.0,0.0,0.0,0.0,0.0,1.0,0.0,0.0,0.0,0.043382072791127414,72,17,55,1,68.4,1
2024-12-18 00:45:00,2024-12-18 01:45:00,LONG,106093.28,105330.2,-4.41,0,STOP_LOSS,1.0002201008668172,1.001632870368908,1.0040531182092476,0.9971159622195246,45.89770456321796,68.1413599027529,75.80938281679595,0.05351712545526042,26.876885176398694,0.5122742539215966,0.9216062221940665,0.5,1.5597680419328543,0.0,0.0,0.0,0.0,0.0,0.0,0.0,0.0,0.0,0.0,0.0,-0.09457816760754659,58,40,18,1,53.9,1
2024-12-18 06:45:00,2024-12-18 14:45:00,LONG,103795.3,104005.17,1.24,1,STOP_LOSS,1.0009110154776877,1.005724335278965,1.0138063356738476,1.016723763720498,36.22430389884009,89.13872395317554,75.58492480206246,0.012118596076152665,53.95117875456271,0.12165407966551423,0.5976336208133747,0.5,1.2934331087911644,0.0,0.0,0.0,1.0,0.0,0.0,0.0,0.0,1.0,0.0,0.0,-0.1063171712805772,67,50,17,1,50.5,1
2024-12-19 10:15:00,2024-12-19 14:45:00,LONG,102090.56,100946.24,-6.86,0,STOP_LOSS,0.9968823872057412,0.994538138659278,0.9947020252909687,1.0117952041869995,63.113982535271376,96.19466750926192,86.83469552965224,0.12962921059989144,17.248375506199572,1.4425078191084508,0.686892696213051,0.5,1.331543097536236,0.0,0.0,0.0,0.0,0.0,1.0,0.0,0.0,1.0,1.0,0.0,0.05084202327917394,70,45,25,0,45.1,1
2024-12-20 01:30:00,2024-12-20 12:30:00,SHORT,96481.22,93773.99,17.11,1,STOP_LOSS,1.0067808354864836,1.0105286961620195,1.0209340472820227,1.050516307897162,38.17870042274229,18.224616641337043,30.714001840096945,-0.0004351333686993199,35.66640127321661,0.2848895890639316,0.7128528483781191,0.5,1.3931543831742794,0.0,0.0,0.0,0.0,0.0,0.0,0.0,0.0,0.0,0.0,0.0,-0.028057923055410033,29,59,30,0,29.7,-1
2024-12-20 13:30:00,2024-12-20 15:15:00,SHORT,95489.84,97075.04,-10.22,0,STOP_LOSS,0.9860622882766958,0.9900913166374269,1.0022925803695644,1.0391605466340077,55.62618800960361,95.97904176732698,97.31936117821797,0.26803159425001766,37.53630288647857,0.653596409412754,0.6049987159392533,0.5,1.7495078530196355,0.0,0.0,0.0,0.0,0.0,0.0,0.0,0.0,1.0,0.0,0.0,-0.0038437719105359853,41,59,18,0,39.8,-1
2024-12-20 21:00:00,2024-12-20 22:15:00,SHORT,95584.45,97158.0,-10.08,0,STOP_LOSS,1.0112519060690077,1.0116434824171527,1.0094137926219937,1.0314625812173308,37.21938613411193,0.0,2.992075335503193,-0.33273587016140393,21.265837678273687,0.7794574828958992,1.3081840527079884,0.5,1.2617129842525039,0.0,0.0,0.0,0.0,0.0,0.0,1.0,0.0,1.0,0.0,0.0,0.024984012720098148,37,59,22,0,42.5,-1
2024-12-23 01:00:00,2024-12-23 03:00:00,SHORT,94289.16,95447.04,-7.47,0,STOP_LOSS,1.0049263938876256,1.0080150051470982,1.0128332065138295,1.025498054033644,33.47205180080232,2.4081680992740493,12.638830922221366,-0.16059007505611073,27.82450114132969,0.442272148012783,1.0537968338579546,0.5,1.2363447907612557,0.0,0.0,0.0,0.0,0.0,0.0,1.0,0.0,1.0,0.0,1.0,0.11313341501749126,41,59,18,0,41.8,-1
2024-12-23 08:30:00,2024-12-23 10:00:00,SHORT,95153.74,96146.14,-6.32,0,STOP_LOSS,1.0012770923922343,1.001533134633805,1.0021514540027763,1.0122840782589768,47.45422331441476,42.96249217645203,49.500749132874496,-0.07907323904770973,12.42447816411144,1.4558817545762708,1.6354111750864615,0.5,1.004469630496091,0.0,0.0,0.0,0.0,0.0,0.0,0.0,0.0,1.0,0.0,0.0,0.095014287286235,27,59,32,0,42.4,-1
2024-12-23 13:30:00,2024-12-23 16:45:00,SHORT,95134.12,93969.34,7.39,1,STOP_LOSS,1.0074293712167788,1.0075350407135855,1.0059301085847636,1.0118480107189778,37.418067184485466,0.0,16.548296498271103,-0.25247714522206005,21.371960261860913,0.8710512990428008,1.3803074116019258,0.5,1.5271101914897909,0.0,0.0,0.0,0.0,0.0,0.0,1.0,0.0,1.0,0.0,0.0,0.10584463360681902,35,59,24,0,34.3,-1
2024-12-23 18:45:00,2024-12-23 21:00:00,SHORT,92756.45,94056.52,-8.5,0,STOP_LOSS,1.0060900813360467,1.0114712009584366,1.019124192854473,1.0326234641543475,33.125516994891655,62.493544809652114,75.21845721731033,-0.02918119097079962,31.917571675552082,0.366270392635685,0.8244426438453721,0.5,1.5025269718222267,0.0,0.0,0.0,0.0,0.0,0.0,1.0,0.0,0.0,0.0,1.0,-0.014168639521740902,38,59,21,0,33.8,-1
2024-12-24 03:00:00,2024-12-24 06:15:00,SHORT,93843.7,94416.67,-3.68,0,SENAL_ALCISTA,1.00260273923944,1.003679301732786,1.0045885296858543,1.0156769859964905,43.08081345963675,19.01540497318488,14.853298312433836,-0.2333334273535973,15.866399555147208,1.0829128155652634,1.349867976484597,0.5,1.3472524191467894,0.0,0.0,0.0,0.0,0.0,0.0,0.0,0.0,1.0,0.0,0.0,-0.071177878063081,42,59,17,0,40.7,-1
2024-12-24 09:00:00,2024-12-24 11:45:00,SHORT,94063.47,94392.57,-2.11,0,SENAL_ALCISTA,1.0022044335895748,1.0022593968657372,1.0024010096235545,1.0110159103129095,44.55401600147842,61.01922862006434,71.56007322445164,-0.013221462382003835,11.301370709484113,1.5750761984208508,1.7959264042993075,0.5,1.5312207537628546,0.0,0.0,0.0,0.0,0.0,0.0,0.0,0.0,0.0,0.0,0.0,-0.11229958324606423,33,59,26,0,41.1,-1
2024-12-25 01:00:00,2024-12-25 11:45:00,LONG,98359.54,97932.75,-2.61,0,STOP_LOSS,1.0019418581838977,1.0007167960631795,0.993449747828271,0.9777862700166496,51.05561059555477,13.060536311093694,25.005346623108984,-0.19635556147667269,23.930859008429096,0.9844464830571105,0.7343199736698601,0.5,1.2440146327076083,0.0,0.0,0.0,0.0,0.0,0.0,0.0,1.0,0.0,0.0,0.0,0.059852574993044284,67,21,46,1,54.5,1
2024-12-25 12:45:00,2024-12-25 21:30:00,LONG,98183.74,98405.86,1.36,1,STOP_LOSS,1.0015024697271058,1.0014928443053186,1.0001104102152565,0.9874284074838259,47.636696722766075,28.32919103789725,21.090824539098822,-0.08074061250130943,14.571306468354852,1.5475089941396487,1.5377377597172006,0.5,1.4147663221765105,0.0,0.0,0.0,0.0,0.0,0.0,0.0,0.0,0.0,0.0,0.0,0.05822564871542165,60,21,39,1,56.3,1
2024-12-26 00:00:00,2024-12-26 01:00:00,LONG,99726.0,98600.59,-6.78,0,STOP_LOSS,0.9949260441376999,0.9928798438519082,0.9904641292153463,0.9788808237694503,66.55962447535043,93.70897487030675,84.19636166974855,0.21544831982020632,20.479478674413315,1.6010212156454278,0.5730224677256073,0.5,1.6064969950612156,0.0,0.0,0.0,0.0,0.0,1.0,0.0,1.0,0.0,0.0,0.0,-0.13304769182056486,72,40,32,1,57.1,1
2024-12-26 14:00:00,2024-12-26 18:00:00,LONG,96276.9,95638.5,-3.97,0,STOP_LOSS,0.9945841288438189,0.9966390716106779,1.0050167208937257,1.0116258717057738,52.86261085477201,99.99999999999999,92.00176165068888,0.38525476034930944,42.17487171540494,0.4919851299016195,0.4432678635678366,0.5,1.2706127024338945,0.0,0.0,0.0,0.0,0.0,1.0,0.0,0.0,1.0,0.0,0.0,0.13198185845427796,63,44,19,1,44.4,1
2024-12-27 07:30:00,2024-12-27 08:00:00,SHORT,94902.55,96035.86,-7.13,0,STOP_LOSS,1.0105772958078203,1.012146932631069,1.0123248091333448,1.0186910764299963,29.932524622680212,0.6450574133460651,32.86303193258807,-0.36878389931218425,12.973733342050094,0.9826853840759981,3.3149484143417416,0.5,2.3339421891246723,0.0,0.0,0.0,0.0,0.0,0.0,1.0,0.0,1.0,0.0,0.0,-0.018884684294812718,36,59,23,0,41.3,-1
2024-12-30 00:30:00,2024-12-30 09:30:00,SHORT,93564.43,93983.27,-2.66,0,STOP_LOSS,1.000141553291445,1.0006303413782105,1.0040738390250386,1.012096202807057,46.930117142220276,87.67868049050412,94.19396315818673,0.18529120681669112,24.278341961921374,0.9561629341444312,1.0162297911204603,0.5,1.5715230764905155,0.0,0.0,0.0,0.0,0.0,0.0,1.0,0.0,1.0,0.0,0.0,-0.08651409037351376,43,59,16,0,39.0,-1
2024-12-30 13:00:00,2024-12-30 17:15:00,SHORT,93394.45,92531.2,5.49,1,STOP_LOSS,1.0041641653498417,1.004384794391339,1.004368645126927,1.0099690548508453,38.79757612394169,27.172428636703245,55.215802015377584,-0.14068839140796716,10.06487513353236,1.6265811824291563,2.6194263223211496,0.5,1.5316388502591478,0.0,0.0,0.0,0.0,0.0,0.0,1.0,0.0,0.0,0.0,0.0,-0.10340764843134127,32,59,27,0,31.7,-1
2024-12-30 21:45:00,2024-12-31 08:15:00,SHORT,92076.87,94090.9,-13.03,0,STOP_LOSS,1.015968603002255,1.017199109355356,1.016073935238991,1.0211705007904501,31.155526074237198,0.0,0.0,-0.4187283459983982,30.83258921721666,0.5598674512532587,1.234378585082173,0.5,1.8067953833739445,0.0,0.0,0.0,0.0,0.0,0.0,1.0,0.0,0.0,0.0,0.0,0.17297780594230988,32,59,27,0,40.5,-1
2025-01-02 00:00:00,2025-01-02 04:45:00,LONG,94543.82,95714.29,7.32,1,STOP_LOSS,1.0016622918380047,1.0010187822407508,0.9982635605281703,0.9945665708076177,48.81932749592035,4.245562264508591,5.324845337581725,-0.24866093479324838,31.084947401692933,0.5537755804427901,0.5097908557219475,0.5,1.519303446048163,0.0,0.0,0.0,0.0,0.0,0.0,0.0,1.0,0.0,0.0,0.0,-0.17113732781306817,67,36,31,1,54.2,1
2025-01-02 08:45:00,2025-01-02 15:15:00,LONG,96146.35,96673.76,3.26,1,STOP_LOSS,0.9970053332494931,0.9948378032457312,0.99072855429148,0.9823410742179932,66.46578354851114,61.925526823653705,60.71051679961327,0.0649376029589643,30.964417513463953,0.9986971191881423,0.46976718472604734,0.5,1.4350869945974674,0.0,0.0,0.0,0.0,0.0,0.0,0.0,1.0,0.0,1.0,0.0,-0.19436583365751414,67,33,34,1,62.7,1
2025-01-03 02:30:00,2025-01-03 07:15:00,LONG,97085.64,96457.09,-3.85,0,STOP_LOSS,0.9993477884505101,0.9992795815062014,0.9982277377456165,0.9860085257114027,52.088078784643834,89.21238270715234,87.81708414915678,0.09764515880668317,17.805850078540523,1.134888529739884,1.0127431665082516,0.5,1.0071874645307346,0.0,0.0,0.0,0.0,0.0,0.0,0.0,1.0,0.0,0.0,0.0,0.016333128426020412,67,17,50,1,62.3,1
2025-01-03 11:30:00,2025-01-03 20:00:00,LONG,96685.78,98478.81,11.01,1,STOP_LOSS,0.9988043210841955,0.9987403531895731,0.9997702374739157,0.9929024322928708,53.79214500822049,91.83027990340341,87.46912625453567,0.2612547477936903,16.94079735864914,1.529619565010338,0.9661315982768388,0.5,1.4050949346972927,0.0,0.0,0.0,0.0,0.0,0.0,0.0,0.0,0.0,0.0,0.0,0.12266880337916916,67,18,49,1,59.0,1
2025-01-06 00:30:00,2025-01-06 05:45:00,LONG,98430.08,99611.48,7.17,1,STOP_LOSS,1.0002519035126978,0.9994015007079156,0.9977603624801471,0.994676875681008,54.78623011370121,19.811509284569564,14.340610498098565,-0.09625973639286468,30.27954900370953,0.8899782107102993,0.4136683530842296,0.5,2.123032514168368,0.0,0.0,0.0,0.0,0.0,0.0,0.0,0.0,0.0,0.0,0.0,-0.0634372913275234,72,18,54,1,66.0,1
2025-01-06 08:30:00,2025-01-06 16:30:00,LONG,99050.47,101884.37,17.16,1,STOP_LOSS,1.0029948074554635,1.0023855700789794,0.9990584368333327,0.9919255565495095,45.47600415057766,14.708132843032011,14.799639807658037,-0.27455026410464123,37.08793101451267,0.6320477199481253,0.5738734363602507,0.5,1.435104915553561,0.0,0.0,0.0,0.0,0.0,0.0,0.0,1.0,0.0,0.0,0.0,0.04723185456987619,72,14,58,1,67.2,1
2025-01-07 00:30:00,2025-01-07 11:30:00,LONG,102049.67,100680.01,-8.13,0,STOP_LOSS,1.0004792025454916,0.9991781513960818,0.993605545466505,0.9760017068788372,54.37988481219965,61.47461119660515,75.69545113229401,-0.07993026064043934,15.907523447312478,1.5669650296490463,0.8785798730007466,0.5,2.836923646620854,0.0,0.0,0.0,0.0,0.0,0.0,0.0,1.0,0.0,0.0,0.0,0.15913993828754555,72,26,46,1,71.6,1
2025-01-08 00:00:00,2025-01-08 07:00:00,SHORT,97011.47,95693.98,8.19,1,STOP_LOSS,0.9993966523436238,1.0003847249809614,1.0098745930710948,1.0243393086853223,45.564881297410885,89.356680398988,89.64680335918298,0.35538414150699693,47.83834492251159,0.22322572333356602,0.5164894355518945,0.5,1.4365064489370218,0.0,0.0,0.0,1.0,0.0,0.0,0.0,0.0,1.0,0.0,0.0,0.07561938268069245,39,59,20,0,39.1,-1
2025-01-08 11:30:00,2025-01-08 17:30:00,SHORT,94761.07,93627.52,7.25,1,STOP_LOSS,1.0082660789458473,1.0106189343316172,1.0161933071434839,1.036183816345547,31.095851294470084,37.38791156378222,63.195989858488,-0.08737091829514529,37.8336917787205,0.31862886983320327,1.0299336450666088,0.5,3.364969106170496,0.0,0.0,0.0,0.0,0.0,0.0,1.0,0.0,1.0,0.0,0.0,0.07934344301567467,39,59,20,0,33.8,-1
2025-01-09 02:15:00,2025-01-09 15:00:00,SHORT,94469.15,92956.44,9.74,1,STOP_LOSS,1.0032957772407922,1.0034838620467323,1.004403350959304,1.0231180890296026,44.74791205147315,11.289929632257222,21.87353551752736,-0.16569870994153543,21.20845551535841,0.7179849447933575,1.5808097629240083,0.5,1.8308463447988679,0.0,0.0,0.0,0.0,0.0,0.0,0.0,0.0,1.0,0.0,0.0,-0.02759337193054456,29,59,30,0,33.5,-1
2025-01-09 20:15:00,2025-01-09 22:30:00,SHORT,91294.46,92594.21,-8.71,0,STOP_LOSS,1.0114580625996799,1.0167113102612237,1.0212754015290504,1.0403868653112212,28.29070796307093,0.0,3.1402871672418753,-0.3755147420882255,25.48775083782953,0.5125300923685979,1.3684842695759583,0.5,1.9714407987800617,0.0,0.0,0.0,0.0,0.0,0.0,1.0,0.0,1.0,0.0,1.0,0.11168530254655579,40,59,19,0,34.2,-1
2025-01-10 13:30:00,2025-01-10 15:15:00,SHORT,93548.73,93271.48,1.8,1,STOP_LOSS,1.0112455759945782,1.0117328900199305,1.0077460218576024,1.0095435600142106,32.298234499080294,0.4290711406104518,8.481462909452846,-0.363604637898968,35.41542434866135,0.36664909970797693,1.256380029493946,0.5,7.143530469788767,0.0,0.0,0.0,0.0,0.0,0.0,0.0,1.0,0.0,0.0,0.0,0.07355498852052592,39,62,23,0,42.1,-1
2025-01-13 02:45:00,2025-01-13 09:30:00,SHORT,94211.0,92938.02,8.23,1,STOP_LOSS,1.0025020065949217,1.0037391567543992,1.004249537011503,1.0034827010424283,42.48673644401405,5.515773563908104,12.759577820069277,-0.19951520968576977,24.801910991692043,0.8599080429559424,1.1129938971230624,0.5,1.2750725350003207,0.0,0.0,0.0,0.0,0.0,0.0,0.0,1.0,0.0,0.0,0.0,0.08196962804469106,41,61,20,0,45.6,-1
2025-01-14 08:30:00,2025-01-14 10:00:00,LONG,95652.47,96755.43,7.06,1,STOP_LOSS,0.9957609125893495,0.9939780239781086,0.9886517459271713,0.9824889229984257,64.63501283146441,81.31828166857703,53.14572833362564,0.04786657065574867,41.281579961572504,0.8048791570255915,0.24004732661898312,0.5,1.4529875617645014,0.0,0.0,0.0,0.0,0.0,0.0,0.0,1.0,0.0,1.0,0.0,0.027049143675240334,64,27,37,1,60.4,1
2025-01-14 12:15:00,2025-01-14 16:00:00,LONG,96191.33,96040.63,-0.96,0,STOP_LOSS,1.0025855183725445,0.9998177881575915,0.9922668854872174,0.980654774553792,53.67892657679557,2.3220691732097407,9.103918639712658,-0.2159656424174195,51.730025304273425,0.5119725852435502,0.3596169863484145,0.5,1.2263421212012902,0.0,0.0,0.0,0.0,0.0,0.0,1.0,1.0,0.0,0.0,0.0,-0.009606921061620128,64,21,43,1,59.8,1
2025-01-15 00:00:00,2025-01-15 09:45:00,LONG,96849.53,96832.07,-0.11,0,STOP_LOSS,0.9979063390107226,0.997350845463339,0.9950294986545525,0.9823116290350546,57.78664987693675,59.7110156665451,39.24212167216444,0.005520099560730231,9.765660274127276,2.034460185820071,1.4483928129743102,0.5,1.6837557112081787,0.0,0.0,0.0,0.0,0.0,0.0,0.0,0.0,0.0,0.0,0.0,-0.13021551064173853,67,26,41,1,63.6,1
2025-01-15 13:30:00,2025-01-15 17:45:00,LONG,98518.73,98642.84,0.77,1,STOP_LOSS,0.987275121800288,0.985604957099728,0.9845517312834873,0.9738969793121641,73.73998488628736,90.33461597065131,84.0708580169803,0.37152334812287585,22.36465230442099,2.0690314492052266,0.5394961545759706,0.5,4.486118108682802,0.0,0.0,0.0,0.0,0.0,0.0,0.0,1.0,0.0,1.0,0.0,-0.11777546705357873,67,33,34,1,68.4,1
2025-01-15 20:00:00,2025-01-16 03:15:00,LONG,100236.91,99550.92,-4.21,0,STOP_LOSS,0.9931592542794777,0.9894424905807438,0.982452440475183,0.964744065856494,70.78696990051377,92.4827843465755,78.53092599318236,0.07622987434512757,36.093071262758,0.9858924256475902,0.2900682488454475,0.5,1.2719753169598054,0.0,0.0,0.0,0.0,0.0,1.0,0.0,1.0,0.0,1.0,0.0,0.03298010851476606,67,23,44,1,72.9,1
2025-01-16 07:00:00,2025-01-16 08:30:00,LONG,99769.99,99070.96,-4.3,0,STOP_LOSS,0.9989451420321984,0.998916637635512,0.9973928897004325,0.980183651713969,54.15597764559038,96.83941651574852,94.66335398953458,0.11960882172964242,14.673576310961362,1.7532862475968785,1.3503857062404498,0.5,0.8729523615622422,0.0,0.0,0.0,0.0,0.0,0.0,0.0,1.0,0.0,0.0,0.0,0.07905793007931132,72,15,57,1,66.9,1
2025-01-16 11:00:00,2025-01-16 14:30:00,LONG,99197.13,98248.39,-5.85,0,STOP_LOSS,1.0002905363365822,1.0014136027548781,1.0020547663328048,0.9880937165089255,43.07531010672602,55.15618388000898,58.68623019479458,0.0011960568091453354,20.81278053963228,0.7458362749592262,1.217431083110525,0.5,1.288718272794182,0.0,0.0,0.0,0.0,0.0,0.0,1.0,1.0,0.0,0.0,0.0,0.16769714322859616,72,35,37,1,62.5,1
2025-01-16 16:30:00,2025-01-17 10:45:00,LONG,99321.92,102331.88,18.47,1,STOP_LOSS,0.9972764661883733,0.9968084598868898,0.9981859908960996,0.9887488219675911,53.5753747987011,94.10526899956272,92.93999293879841,0.2108085061298555,25.726429300097525,0.9193769001926526,0.8626151814148415,0.5,0.8311423536359627,0.0,0.0,0.0,0.0,0.0,0.0,0.0,0.0,1.0,0.0,0.0,0.06143556591573827,72,19,53,1,67.2,1
2025-01-17 12:30:00,2025-01-17 17:30:00,LONG,102705.95,104263.49,9.34,1,STOP_LOSS,0.9970293274693175,0.9944720154412938,0.9890938327521299,0.9720672604542343,70.15392612946906,87.32425197299133,68.85884939753112,0.05699421545556981,32.945796111237826,0.9984449863857462,0.3457502256012224,0.5,1.2309667501652193,0.0,0.0,0.0,0.0,0.0,1.0,0.0,1.0,0.0,1.0,0.0,0.08494906203571785,72,21,51,1,76.4,1
2025-01-20 06:30:00,2025-01-20 07:15:00,LONG,104722.73,108753.37,23.84,1,STOP_LOSS,0.9820298344432105,0.9778380487807923,0.9812707139357295,0.9880699476073249,73.21312802799952,94.23072167144664,86.83488371633942,0.4038335089624485,22.584981248534476,1.54548221982215,0.5089307284749182,0.5,1.4736172833158159,0.0,0.0,0.0,0.0,0.0,1.0,0.0,0.0,0.0,0.0,0.0,0.03893026433423807,72,27,45,1,63.3,1
2025-01-20 12:00:00,2025-01-20 15:45:00,LONG,107378.04,104966.25,-14.1,0,STOP_LOSS,1.0059818616470495,1.0004527219992063,0.9863751024756255,0.9722483641965531,53.43518790607405,1.868792721770275,7.89931601882504,-0.32793592769457547,44.2824773635288,0.5643099976183884,0.41294095501034955,0.5,1.2802217406415464,0.0,0.0,0.0,0.0,0.0,0.0,0.0,0.0,0.0,0.0,0.0,0.30957570062059503,72,19,53,1,54.8,1
2025-01-21 08:45:00,2025-01-21 14:30:00,LONG,102445.54,103755.21,7.96,1,STOP_LOSS,0.9978534680943486,0.9977867483182518,1.0021728071283444,1.012842317289595,52.34337507547528,87.71377179123162,85.0995573174688,0.1290032083952734,38.73140280221524,0.31301260150540006,0.6038578646896356,0.5,1.1458748838279962,0.0,0.0,0.0,0.0,0.0,0.0,0.0,0.0,1.0,0.0,0.0,-0.16818320520154614,62,44,18,1,51.8,1
2025-01-21 16:00:00,2025-01-22 08:00:00,LONG,106061.29,105026.05,-6.11,0,STOP_LOSS,0.9836873914942164,0.9807678913493878,0.9764758168523902,0.9785247645716467,69.39905871558257,45.3393718618549,29.57495245467934,0.018132432737952335,25.707122083857747,1.4454128942759756,0.5331850714252258,0.5,2.17597941472477,0.0,0.0,0.0,0.0,0.0,1.0,0.0,0.0,0.0,1.0,0.0,-0.1666977685411744,72,26,46,1,59.7,1
2025-01-23 15:30:00,2025-01-23 19:45:00,LONG,105051.96,103784.31,-7.52,0,STOP_LOSS,0.9877643748790899,0.9805411260143855,0.9782926374181145,0.9865968195998002,66.90008859213638,59.110588963374894,70.24601966148919,0.3929258093789625,27.300622044564335,1.3180382676684816,0.7946053797442908,0.5,1.252065949524522,0.0,0.0,0.0,0.0,0.0,0.0,0.0,0.0,0.0,0.0,0.0,-0.02455900733311069,61,27,34,0,54.8,1
2025-01-24 04:15:00,2025-01-24 18:30:00,LONG,103989.13,106652.58,15.9,1,STOP_LOSS,0.9974869728976934,0.9971717639447021,0.9977580427409489,0.9986374751707842,54.30595092296695,86.4865411816895,89.95676309260246,0.18606451653347525,11.151239282179969,1.9097942068546359,1.4902911634947387,0.5,0.8816838965570116,0.0,0.0,0.0,0.0,0.0,0.0,0.0,0.0,0.0,0.0,0.0,0.01977162288934819,60,16,44,1,54.2,1
2025-01-27 00:45:00,2025-01-27 07:30:00,SHORT,101733.85,99140.56,15.97,1,STOP_LOSS,1.011528544803202,1.019003982865712,1.025119569374343,1.0288434821339982,17.255116483127686,20.430759817447402,24.19296283023111,-0.5700234447716308,50.480123078793284,0.0722311163668529,1.0434106260985625,0.5,2.6087001616162184,0.0,0.0,0.0,0.0,0.0,0.0,1.0,0.0,1.0,0.0,1.0,0.24423930142271413,41,59,18,0,34.4,-1
2025-01-29 13:00:00,2025-01-29 17:00:00,SHORT,102182.16,102285.0,-0.64,0,SENAL_ALCISTA,1.0023685372718192,1.0028235640204368,1.0016749029041003,1.000645499227552,41.19685917657167,0.0,8.211640335095222,-0.2449272793091923,24.500860930778877,0.6177647321894798,1.0495385658811793,0.5,2.0297208790117964,0.0,0.0,0.0,0.0,0.0,0.0,1.0,0.0,0.0,0.0,0.0,-0.1296873209221869,39,59,20,0,46.4,-1
2025-01-29 20:00:00,2025-01-30 23:45:00,LONG,103440.77,104732.28,7.89,1,STOP_LOSS,0.9942756815011913,0.9914816688826447,0.9898520958163829,0.9886504710945286,61.755086360955715,95.91321012441463,65.8684658828252,0.21890541282813036,19.232126085954153,1.5795154557909212,1.098861638183694,0.5,1.5007267149725216,0.0,0.0,0.0,0.0,0.0,0.0,0.0,1.0,0.0,0.0,0.0,-0.08280847418465952,67,17,50,1,54.7,1
2025-01-31 07:00:00,2025-01-31 08:00:00,LONG,104640.56,104109.86,-3.22,0,STOP_LOSS,0.9985294488432946,0.9985268030228562,1.0003237062709363,0.9959910721628586,53.44083851448297,94.85875505789181,96.57250337192787,0.2895868879363,23.258518728782356,0.9597791598078931,0.9729818623648346,0.5,0.8293299336696731,0.0,0.0,0.0,0.0,0.0,0.0,0.0,0.0,1.0,0.0,0.0,-0.017716975532726918,60,31,29,1,52.6,1
2025-01-31 11:00:00,2025-01-31 16:15:00,LONG,104708.08,104804.37,0.58,1,STOP_LOSS,0.9963548566224972,0.9962446012643499,0.9977645234587464,0.995382074868511,60.6240980647768,87.8603820714967,71.00975342727287,0.2252863681436785,19.11107940024562,1.371380581438086,1.02136595741088,0.5,1.2097526479900942,0.0,0.0,0.0,0.0,0.0,0.0,0.0,0.0,1.0,0.0,0.0,-0.0075713969501872485,72,29,43,1,55.6,1
2025-02-03 00:00:00,2025-02-03 06:15:00,SHORT,97309.26,94420.97,18.8,1,STOP_LOSS,1.001341385738394,1.0028318087955108,1.0083474138393038,1.0300466563565835,45.78812285914967,71.19769667018767,65.16602001828161,0.06486301489510247,26.44542015677505,0.5531482516450555,0.9160753891736405,0.5,1.6051053873417993,0.0,0.0,0.0,0.0,0.0,0.0,0.0,0.0,1.0,0.0,0.0,0.07051386509404625,37,64,27,0,19.7,-1
2025-02-03 13:00:00,2025-02-03 14:30:00,SHORT,94691.48,96127.73,-9.71,0,STOP_LOSS,1.004125934438782,1.004245380598742,1.006215419307317,1.0348944878564377,43.69740000280672,3.72141631918927,12.815560336230222,-0.1768685469123269,13.605052677671972,1.2952162311274504,1.8328548500618773,0.5,1.3683374173286376,0.0,0.0,0.0,0.0,0.0,0.0,1.0,0.0,1.0,0.0,0.0,0.009944253851052094,34,64,30,0,45.6,-1
2025-02-04 17:15:00,2025-02-04 19:00:00,SHORT,98885.8,99969.04,-6.98,0,SENAL_ALCISTA,1.0041206576409463,1.00417859342788,1.004426480500753,1.0015024736136953,45.057874625736346,31.630564950732904,38.21944699367855,-0.06342718016012412,16.282341525009237,0.9135285858349667,1.3035302553426844,0.5,1.1118128113787222,0.0,0.0,0.0,0.0,0.0,0.0,0.0,0.0,1.0,0.0,0.0,0.030975729189109246,40,59,19,0,46.0,-1
2025-02-04 20:15:00,2025-02-05 00:15:00,SHORT,98272.85,98166.34,0.69,1,STOP_LOSS,1.009099581770153,1.010286663384727,1.0106362778843878,1.0080793545665694,39.01358007521069,0.0,33.07443009983674,-0.14319414166878777,16.968476119589436,0.9724920618141562,1.4690332421162144,0.5,1.893734026453078,0.0,0.0,0.0,0.0,0.0,0.0,1.0,0.0,1.0,0.0,1.0,0.06818147730316068,35,59,24,0,42.6,-1
2025-02-05 02:45:00,2025-02-05 12:15:00,SHORT,97985.13,98579.14,-3.85,0,SENAL_ALCISTA,0.9990135111307514,0.9998231395830391,1.0035615134241218,1.0079966094038832,49.12833804127942,37.459287366144146,24.03820075509058,0.07610214184870395,12.948280265911759,1.7956377934710583,1.799065430788716,0.5,1.2216745272845446,0.0,0.0,0.0,0.0,0.0,0.0,0.0,0.0,1.0,0.0,0.0,0.16531252000819918,30,62,32,0,43.8,-1
2025-02-05 16:00:00,2025-02-06 02:00:00,SHORT,97705.39,97400.21,1.98,1,STOP_LOSS,1.0049912789878246,1.0052776558251708,1.0046346869926734,1.007900066766853,41.11998405900018,3.8178825647706125,10.132011794859901,-0.19961522529291903,14.750274034278407,1.1226826190972716,1.3947771251640306,0.5,1.4674216439536136,0.0,0.0,0.0,0.0,0.0,0.0,0.0,0.0,0.0,0.0,0.0,0.12363093688316257,31,62,31,0,41.6,-1
2025-02-06 14:15:00,2025-02-06 20:30:00,SHORT,98289.06,96812.61,9.52,1,STOP_LOSS,1.0018098171191527,1.0018370310339155,0.9991838399092658,0.9980357818578028,46.48849159427897,19.588511359082762,22.745538876989734,-0.20533355326544678,24.656166530822425,0.7354768438795672,0.7591854200081417,0.5,1.5960052957920146,0.0,0.0,0.0,0.0,0.0,0.0,0.0,0.0,0.0,0.0,0.0,-0.24849864566333155,32,58,26,0,43.7,-1
2025-02-07 00:00:00,2025-02-07 02:30:00,SHORT,96751.54,97466.1,-4.71,0,STOP_LOSS,0.9985390276093752,0.9989507573063086,1.0023597285394317,1.0093025600196,50.6580808631124,56.69446677958247,55.19102130825798,0.1280393952555168,21.298644903025142,0.9580421815897471,1.1589669043841235,0.5,1.3162676947325391,0.0,0.0,0.0,0.0,0.0,0.0,0.0,0.0,1.0,0.0,0.0,-0.07789212582616944,26,60,34,0,46.1,-1
2025-02-07 06:30:00,2025-02-07 11:00:00,SHORT,96757.46,97629.59,-5.73,0,STOP_LOSS,1.004137187440632,1.0044971929552622,1.0040259278370014,1.008213878386492,39.3040981242922,3.4720513325662763,12.169607242661176,-0.2852620981498453,19.25570526982133,0.864466080320241,1.432869620196792,0.5,1.5445933903258104,0.0,0.0,0.0,0.0,0.0,0.0,1.0,0.0,1.0,0.0,0.0,-0.004233128197990269,30,64,34,0,43.4,-1
2025-02-10 01:45:00,2025-02-10 03:30:00,SHORT,95586.89,96998.48,-9.36,0,STOP_LOSS,1.005659015278957,1.0061836865189466,1.006937142071682,1.010004016816611,40.39288044283404,15.778806916748376,41.240578355059014,-0.13812567254246771,20.14954847430441,0.949444141296216,1.5647864054477658,0.5,1.5966358825468299,0.0,0.0,0.0,0.0,0.0,0.0,0.0,0.0,1.0,0.0,0.0,0.05111954386390818,29,64,35,0,48.1,-1
2025-02-10 19:00:00,2025-02-11 12:15:00,LONG,97623.62,97708.28,0.55,1,STOP_LOSS,0.9979112086145089,0.9976386273813436,0.9969051132502162,0.9928865906522392,54.94908329390977,87.53312335177378,82.94243763349469,0.13232285281201547,12.540898765030574,1.4588575012044005,1.3097893492031023,0.5,0.5951949324414366,0.0,0.0,0.0,0.0,0.0,0.0,0.0,1.0,0.0,0.0,0.0,-0.052684641730222734,61,30,31,1,51.6,1
2025-02-11 19:15:00,2025-02-11 21:30:00,SHORT,95042.42,96270.08,-8.14,0,STOP_LOSS,1.0068887152677055,1.0125821255384266,1.0195038411574224,1.022687924608879,18.29476116890724,0.0,2.1717430211373023,-0.2852891918366725,54.15656759097167,0.10948312402462017,0.7049329821512023,0.5,1.4151739136088926,0.0,0.0,0.0,0.0,0.0,0.0,1.0,0.0,1.0,0.0,1.0,-0.015460185321836111,46,62,16,0,36.3,-1
2025-02-11 23:00:00,2025-02-12 08:00:00,SHORT,95789.16,96222.4,-2.84,0,STOP_LOSS,1.0004529871737489,1.0008227888052459,1.0058574585019944,1.012456406681567,46.56703416803753,67.06253993035713,75.17351377498508,0.26599153705079304,37.45864132642692,0.4753315367903501,0.6976555294080756,0.5,1.205878783042149,0.0,0.0,0.0,0.0,0.0,0.0,0.0,0.0,1.0,0.0,0.0,0.10873471546717797,17,62,45,0,41.8,-1
2025-02-12 13:00:00,2025-02-12 13:15:00,SHORT,95951.64,96502.79,-3.6,0,STOP_LOSS,1.0014327256633302,1.0014413706052074,1.0011782384955272,1.0062310211352612,44.73838020346736,10.171028210709471,29.094626371060624,-0.16367493479467057,11.365225492194721,1.5904829126774322,2.314393917956691,0.5,1.6522957861994458,0.0,0.0,0.0,1.0,0.0,0.0,1.0,0.0,0.0,0.0,0.0,0.06490550755488939,28,62,34,0,43.3,-1
2025-02-12 14:15:00,2025-02-12 15:45:00,SHORT,94689.06,95793.31,-7.29,0,STOP_LOSS,1.0069616230271714,1.0106563827627455,1.0126612321703488,1.0189059518097485,33.47237667528985,20.991955507963798,25.976594781534814,-0.4020896580814921,20.10508534653935,0.6583704335513986,1.6896659120210442,0.5,1.5254196574902044,0.0,0.0,0.0,0.0,0.0,0.0,0.0,0.0,1.0,0.0,0.0,-0.25466015772088085,34,62,28,0,43.3,-1
2025-02-13 15:15:00,2025-02-13 19:00:00,SHORT,95983.74,96287.26,-1.97,0,STOP_LOSS,0.9995069344906874,1.0002592090644007,1.0030621151200294,1.0061273084593398,46.4731607385665,75.1361781612055,74.45414226954013,0.08444639313845052,34.730909136227034,0.5425067802107646,0.6561451213626733,0.5,1.681998671196431,0.0,0.0,0.0,0.0,1.0,0.0,0.0,0.0,0.0,0.0,0.0,-0.019951583662281152,28,62,34,0,45.1,-1
2025-02-14 01:30:00,2025-02-14 03:00:00,SHORT,96395.66,96647.89,-1.63,0,SENAL_ALCISTA,1.0020504399251535,1.0008325874919712,0.9992257010060953,1.0005842906202442,49.30688168753939,20.57083500079625,30.454769397289507,-0.07111042739333652,31.479119734704632,0.7630089291380169,0.5284294374099159,0.5,1.4162347744682002,0.0,0.0,0.0,0.0,0.0,0.0,1.0,0.0,1.0,0.0,0.0,-0.003198351806307052,43,62,19,0,53.1,-1
2025-02-14 15:45:00,2025-02-14 18:00:00,LONG,96938.31,98501.5,10.02,1,STOP_LOSS,0.99851659683754,0.9986386894742638,0.9983462800045858,0.9966990789226321,52.70878943334601,39.50984669684229,40.21628570439965,0.01893694529746985,17.047137802105972,1.7385075381377806,1.3846756971178547,0.5,1.805055471812159,0.0,0.0,0.0,0.0,0.0,0.0,0.0,1.0,0.0,0.0,0.0,-0.06982497265353786,61,33,28,1,51.6,1
2025-02-14 20:45:00,2025-02-16 12:00:00,LONG,97195.42,97236.78,0.27,1,SENAL_BAJISTA,1.0068480316086887,1.0056836479885969,1.0019246817333733,0.9963362115351168,42.277246181104346,0.27148840633430266,6.291983310166379,-0.24469270040456417,26.231922260181285,0.7892626141542324,1.0741423995292416,0.5,1.269883377690417,0.0,0.0,0.0,0.0,0.0,0.0,1.0,1.0,0.0,0.0,0.0,-0.0644167109389388,62,39,23,1,54.7,1
2025-02-17 01:45:00,2025-02-17 14:00:00,SHORT,96494.94,96934.86,-2.85,0,STOP_LOSS,0.9988501757511048,1.0003458076642395,1.0028437750062553,1.006501578263722,46.72665052012485,71.41763677778688,55.45251555505206,0.021966370902140687,30.22797242170048,0.5327835104620688,0.8676642137410614,0.5,1.3071869983056215,0.0,0.0,0.0,0.0,0.0,0.0,0.0,0.0,1.0,0.0,0.0,0.06482790847364238,40,62,22,0,41.3,-1
2025-02-17 15:45:00,2025-02-17 20:30:00,SHORT,95663.26,96026.51,-2.37,0,STOP_LOSS,1.0068334808132562,1.007178976727947,1.0072502107616392,1.0114463170810486,34.802032147769914,3.33948597878939,20.53325559686732,-0.24081671325039283,25.543572279624048,0.8110952696668827,1.2880490754878422,0.5,3.3449059968046164,0.0,0.0,0.0,0.0,0.0,0.0,1.0,0.0,1.0,0.0,1.0,-0.019730544575262514,33,62,29,0,36.6,-1
2025-02-17 23:45:00,2025-02-18 01:30:00,SHORT,95784.63,96096.24,-2.03,0,STOP_LOSS,1.001057853198635,1.0010591971698062,1.001741814521252,1.0072639364597373,46.12127195580644,1.5614525286628917,8.65288752853235,-0.09009664520310438,20.067722527239905,0.988036001530543,0.9861073047107476,0.5,0.49981739210781834,0.0,0.0,0.0,0.0,0.0,0.0,0.0,0.0,0.0,0.0,0.0,-0.0864729569486676,35,62,27,0,39.3,-1
2025-02-18 05:00:00,2025-02-18 09:45:00,SHORT,95942.0,95784.17,1.02,1,STOP_LOSS,1.0017637133647623,1.0013788037093545,1.0008550843896435,1.0047810978637306,45.77729068655327,14.949323081111558,24.50603730871888,-0.09902405205130657,21.30547817340381,0.8672745474354584,0.8048956348147464,0.5,1.22856261156775,0.0,0.0,0.0,0.0,0.0,0.0,0.0,0.0,1.0,0.0,0.0,-0.10681072190715478,30,61,31,-1,38.1,-1
2025-02-18 15:15:00,2025-02-18 18:45:00,SHORT,95403.21,93941.87,9.54,1,STOP_LOSS,1.0045611457031616,1.0050036513384712,1.0046844222283324,1.008145494495823,38.60928219822601,1.1323464929124438,12.285431168997029,-0.26917517956535175,25.634621819132583,0.8163969062903199,0.8997583342018814,0.5,1.6263028465768063,0.0,0.0,0.0,0.0,0.0,0.0,0.0,0.0,0.0,0.0,0.0,0.03174578233147072,19,62,43,-1,39.7,-1
2025-02-18 21:00:00,2025-02-19 10:00:00,SHORT,95162.93,96374.52,-7.97,0,STOP_LOSS,0.9911663781050353,0.9926394859461203,0.997699719997254,1.006849265559633,58.095474922776575,85.9541023233799,83.66982837572448,0.28855312033114056,37.74753164686983,0.6039955191800395,0.537593107977457,0.5,1.7404986966517886,0.0,0.0,0.0,0.0,0.0,0.0,0.0,0.0,0.0,0.0,0.0,0.073696769231722,27,62,35,-1,45.8,-1
2025-02-19 14:00:00,2025-02-19 15:30:00,SHORT,96171.68,96296.71,-0.81,0,STOP_LOSS,1.000978747876502,0.99999334670124,0.9971511773419135,0.9960731193540228,52.64617887025561,19.535383084507615,21.224909960499474,-0.20707234017288884,30.453730354916217,0.8300732902110256,0.6506892399656234,0.5,1.8420310158729305,0.0,0.0,0.0,0.0,0.0,0.0,0.0,0.0,0.0,0.0,0.0,0.055463750828036826,43,62,19,-1,48.4,-1
2025-02-20 02:45:00,2025-02-20 14:45:00,LONG,97144.55,96979.06,-1.06,0,STOP_LOSS,0.9970650282014712,0.9953488231983683,0.9928118524614798,0.9886234440443188,69.56480983636868,80.91477849366709,79.691102218351,0.12326418938254136,26.597157169241502,1.3447826864485004,0.4543294716404898,0.5,2.264749739632397,0.0,0.0,0.0,0.0,0.0,0.0,0.0,1.0,0.0,0.0,0.0,-0.14893814330191157,62,34,28,0,57.4,1
2025-02-21 05:15:00,2025-02-21 12:30:00,LONG,98270.32,98791.42,3.3,1,STOP_LOSS,0.9996461346087956,0.9995593277714188,0.9983143074516576,0.9893260011144187,52.791824177111145,60.80208688509252,56.971284039389175,0.0017085393474596266,20.539253849736053,0.9186130877180361,0.59616352276548,0.5,0.8744912828012238,0.0,0.0,0.0,0.0,0.0,0.0,0.0,1.0,0.0,0.0,0.0,-0.06951633792611009,64,26,38,0,62.5,1
2025-02-21 13:30:00,2025-02-21 14:30:00,LONG,99339.08,98623.2,-4.5,0,STOP_LOSS,0.9965764431447284,0.9940633102612897,0.9914578279778729,0.9824545448404383,73.24079345401475,84.88072478964325,88.1210960549771,0.34168388572744823,40.3706521451631,0.9413298983420448,0.19365866802142107,0.5,1.7461486784512408,0.0,0.0,0.0,0.0,0.0,0.0,0.0,1.0,0.0,1.0,0.0,-0.09249980098607359,64,31,33,0,58.9,1
2025-02-24 01:30:00,2025-02-24 05:45:00,SHORT,95851.71,95728.66,0.8,1,STOP_LOSS,1.0024774582064606,1.0015495639113576,1.0008729912726402,1.0043718503213457,46.201467876480756,39.54067657610296,55.09530137897857,-0.03362189123783019,25.189609762388,0.9649445800227485,1.031085910989018,0.5,1.7577966067008977,0.0,0.0,0.0,0.0,0.0,0.0,1.0,0.0,1.0,0.0,0.0,-0.042030722938457825,34,62,28,-1,41.4,-1
2025-02-24 08:30:00,2025-02-24 09:15:00,SHORT,95527.25,96007.24,-3.13,0,STOP_LOSS,1.001305446370263,1.001639812809218,1.0023544033366343,1.0062467473955474,43.90370380769328,30.95865636891178,55.53675542799895,-0.02484440287719732,16.00920136240173,0.9731634037784178,1.6881708118422398,0.5,1.5765144337406867,0.0,0.0,0.0,0.0,0.0,0.0,0.0,0.0,0.0,0.0,0.0,-0.1388702179950269,23,62,39,-1,45.2,-1
2025-02-24 10:30:00,2025-02-24 16:00:00,SHORT,95558.94,94748.49,5.27,1,STOP_LOSS,1.0012788877461942,1.0014251324356849,1.0019031658445134,1.005582508428377,45.110365612696775,38.45230918564,50.100420876325316,-0.0221162610654671,13.77617508593218,1.5632156968567192,2.1204962925085127,0.5,1.603128837633213,0.0,0.0,0.0,0.0,0.0,0.0,0.0,0.0,0.0,0.0,0.0,-0.11012891035557489,20,62,42,-1,45.2,-1
2025-02-24 17:15:00,2025-02-25 01:30:00,SHORT,94971.67,92312.07,17.46,1,STOP_LOSS,0.9977657425465238,1.0002569680354243,1.0036797147593663,1.0096049388726627,47.673809664348994,72.60487637484086,58.91889560379808,0.004177706995610444,30.799835628149136,0.641946449333074,0.8177823308781876,0.5,1.4852423437590412,0.0,0.0,0.0,0.0,0.0,0.0,0.0,0.0,1.0,0.0,0.0,-0.029605503464392207,35,62,27,-1,33.3,-1
2025-02-25 07:00:00,2025-02-25 10:45:00,SHORT,90369.77,88215.81,15.01,1,STOP_LOSS,1.0118945902332717,1.0159074015960334,1.023978382545428,1.0455769020560552,24.043488800157952,1.1446098130653266,1.1446098130653266,-0.19302618524743356,36.61476652614754,0.2402567416188401,1.1351383068023821,0.5,5.330975817101318,0.0,0.0,0.0,0.0,0.0,0.0,0.0,0.0,1.0,0.0,0.0,-0.03410102937696954,23,67,44,-1,21.7,-1
2025-02-25 15:15:00,2025-02-25 20:15:00,SHORT,86629.14,88681.6,-15.04,0,STOP_LOSS,1.0143207819240252,1.021515255433665,1.0345390534976946,1.0718459344981486,26.727097410252913,0.0,19.29473317860955,-0.25311630083842435,39.3476167594057,0.25650646660922954,0.8808549526284626,0.5,2.323683299003473,0.0,0.0,0.0,0.0,0.0,0.0,1.0,0.0,1.0,0.0,0.0,0.12692008183614018,20,67,47,-1,17.8,-1
2025-02-26 07:30:00,2025-02-26 09:30:00,SHORT,88585.67,89144.26,-3.97,0,STOP_LOSS,1.0026658239834982,1.0023637060371224,1.0013689051245025,1.0241008356601178,46.1299025709346,56.25879876367825,63.391253532417174,-0.08021636358369888,15.20696850423979,1.3487644400335599,1.7381167307880354,0.5,1.6427750791850875,0.0,0.0,0.0,0.0,0.0,0.0,0.0,0.0,0.0,0.0,0.0,0.10769110186286995,26,65,39,-1,28.9,-1
2025-02-26 12:15:00,2025-02-26 14:30:00,SHORT,88349.9,86683.58,11.85,1,STOP_LOSS,1.0042172070511606,1.0050071448892164,1.004587428369625,1.0230561956009308,38.100371005208025,0.3607399855253748,10.738411694392996,-0.2643139076598181,16.802303036034665,1.0978638225860553,1.9670876699959303,0.5,1.6236456739861094,0.0,0.0,0.0,0.0,0.0,0.0,1.0,0.0,0.0,0.0,0.0,0.0651108133287193,18,72,54,-1,25.5,-1
2025-02-26 16:15:00,2025-02-26 20:15:00,SHORT,86848.24,83418.97,24.97,1,STOP_LOSS,1.0051458453793958,1.0091388353555701,1.0143770030829797,1.035641897814035,39.422823450602756,69.9819309414216,76.42790461026402,-0.02653169957586807,30.63565109178008,0.5524962849442051,1.1669166892011988,0.5,1.2292296204329756,0.0,0.0,0.0,0.0,0.0,0.0,1.0,0.0,1.0,0.0,0.0,0.06229436444804668,12,72,60,-1,18.1,-1
2025-02-27 13:00:00,2025-02-27 17:15:00,SHORT,86451.29,84721.22,12.83,1,STOP_LOSS,1.0003641449653813,0.9987997875105332,0.9949964185480068,1.01145033134441,54.1267738168229,14.1192694305267,13.938725692090468,-0.15380395836620314,34.325755161234625,0.6910241001602153,0.3531393891276023,0.5,1.460965426436937,0.0,0.0,0.0,0.0,0.0,0.0,0.0,0.0,0.0,0.0,0.0,0.04737176153421882,41,62,21,-1,32.1,-1
2025-02-27 19:30:00,2025-02-27 21:30:00,SHORT,83922.43,84192.34,-2.08,0,STOP_LOSS,1.0057317362265008,1.011007582460521,1.016663424170126,1.0355049341826252,32.323598826190576,14.438472408635278,32.7515625050726,-0.12940288240894493,23.81565168623526,0.5655799774825313,1.2122397701330727,0.5,1.2095044413318818,0.0,0.0,0.0,1.0,0.0,0.0,1.0,1.0,0.0,0.0,0.0,-0.09825456997588426,32,72,40,-1,28.7,-1
2025-02-28 01:15:00,2025-02-28 02:45:00,SHORT,83182.97,80744.49,18.9,1,STOP_LOSS,1.0118400997402046,1.013247691609176,1.0173879048703693,1.0378578767429922,31.6487234436262,8.924407624600464,29.63333984144383,-0.08787645119751869,16.90872300085753,0.8357231122913112,1.963598896089247,0.5,1.656277286078632,0.0,0.0,0.0,0.0,0.0,0.0,0.0,0.0,1.0,0.0,0.0,-0.0517001701863287,16,72,56,-1,23.5,-1
2025-03-03 12:00:00,2025-03-03 14:30:00,LONG,93148.77,91367.51,-12.46,0,STOP_LOSS,0.9940245400440897,0.9922231404178044,0.9912106545823168,0.9606972222443939,62.64093992493028,96.28525105828992,96.2852510582899,0.33931129934369686,23.133509773288598,1.032479981642566,0.7095466119762807,0.5,1.7358451335308138,0.0,0.0,0.0,0.0,0.0,0.0,0.0,0.0,0.0,0.0,0.0,0.16320057651144576,59,32,27,0,55.2,1
2025-03-04 11:00:00,2025-03-04 14:30:00,SHORT,84049.41,84097.66,-0.37,0,STOP_LOSS,0.9977808542933563,0.9979027095968103,1.0071739904012749,1.0386298025987986,51.677848738549116,91.85330044441348,78.19684472831145,0.19377590186138455,17.35935682803177,1.1693190398734095,0.8737539565548657,0.5,1.4511197822930622,0.0,0.0,0.0,0.0,0.0,1.0,0.0,0.0,1.0,0.0,0.0,0.11373881989081325,28,71,43,-1,40.7,-1
2025-03-04 16:15:00,2025-03-04 17:15:00,SHORT,82251.06,84738.48,-19.57,0,STOP_LOSS,1.0070611474893196,1.0106510805112114,1.0186624116468057,1.0519029201070016,40.19784896315021,52.44316559794821,54.10934417459266,-0.05753662873445556,17.77894733372518,0.8570897021945533,1.224762010561911,0.5,1.7892753520761622,0.0,0.0,0.0,0.0,0.0,0.0,0.0,0.0,1.0,0.0,0.0,-0.06918738488101196,15,72,57,-1,52.9,-1
2025-03-05 04:15:00,2025-03-05 09:00:00,SHORT,87032.82,88259.48,-9.02,0,STOP_LOSS,1.0024748979659692,1.0025933776547404,0.9964771106775059,0.9965548227723783,47.753714955468446,14.13219863038991,30.2202399974465,-0.17812913595835997,15.775171715595024,1.2867412021644735,1.4332685026342313,0.5,1.309691458314568,0.0,0.0,0.0,0.0,1.0,0.0,0.0,1.0,0.0,0.0,0.0,-0.055750891561281816,35,67,32,-1,51.5,-1
2025-03-06 00:15:00,2025-03-06 06:30:00,LONG,90372.37,91898.08,10.75,1,STOP_LOSS,1.0008728418485275,0.9983785057729948,0.9923959986179007,0.9755238589876701,54.799937610986156,31.327291013867654,55.83529735871936,-0.042038724906198616,29.92933494768396,0.7742349601937629,0.4754949292549731,0.5,1.269621667956148,0.0,0.0,0.0,0.0,0.0,0.0,1.0,1.0,0.0,0.0,0.0,0.014608976139373118,59,39,20,0,59.9,1
2025-03-06 11:30:00,2025-03-06 12:30:00,LONG,91423.26,90408.2,-7.11,0,STOP_LOSS,0.9986801157038758,0.9992433828856893,0.9971275248090938,0.9774249903780724,51.331283143889344,75.11898764897285,70.90342198157143,0.03471102602481828,20.40204999062476,1.1450691919714988,0.9693502858177586,0.5,1.4509550177893553,0.0,0.0,0.0,0.0,0.0,0.0,0.0,1.0,0.0,0.0,0.0,-0.03760371143158223,59,30,29,0,59.1,1
2025-03-06 22:00:00,2025-03-07 00:00:00,LONG,90422.84,90240.56,-1.29,0,SENAL_BAJISTA,0.9897118323897667,0.9878443062419667,0.9921496984398144,0.9888955370368799,61.98124101317804,92.62605417443693,88.78571575284597,0.3753135744965775,26.033281940352786,1.13292431503006,0.5887262369840746,0.5,2.6838213349023414,0.0,0.0,0.0,0.0,0.0,0.0,0.0,0.0,1.0,0.0,0.0,0.0998102563433773,59,40,19,0,53.7,1
2025-03-07 20:45:00,2025-03-09 17:00:00,SHORT,87013.57,82781.01,31.02,1,STOP_LOSS,1.00814392006776,1.0116371695836885,1.0153853055259814,1.0207923827997136,36.3275857936864,24.125222733711418,38.99123413860849,-0.07154127116169236,13.594788661221772,1.4403214308962267,1.4887773665742703,0.5,2.216762118756223,0.0,0.0,0.0,0.0,0.0,0.0,0.0,0.0,0.0,0.0,0.0,0.08428690570923453,11,67,56,-1,44.9,-1
2025-03-10 07:15:00,2025-03-10 09:15:00,SHORT,82110.74,83234.98,-8.88,0,STOP_LOSS,1.0015124156579887,1.000545365531414,1.00206636946955,1.0266569679858388,49.57164747554977,22.481337773972562,20.245667130298486,-0.056167266473808826,17.89241866642689,1.3399404513790585,1.0091247719140606,0.5,1.32675796701201,0.0,0.0,0.0,0.0,0.0,0.0,0.0,0.0,1.0,0.0,0.0,0.05531074748040638,20,72,52,-1,35.8,-1
2025-03-10 14:00:00,2025-03-10 21:00:00,SHORT,80157.04,79642.83,4.14,1,STOP_LOSS,1.0240399716619404,1.0270015464291593,1.0272121021135547,1.0459533331709876,30.482566065936886,9.850998845242485,21.484133903828003,-0.32019940486460213,22.614729607406815,0.7472528082283425,1.5201615659210512,0.5,1.918937427836708,0.0,0.0,0.0,0.0,0.0,0.0,0.0,1.0,0.0,0.0,1.0,0.15984746439283212,30,72,42,-1,32.5,-1
2025-03-11 00:15:00,2025-03-11 01:30:00,SHORT,77306.42,78920.0,-13.5,0,STOP_LOSS,1.0182902056606138,1.0221559203933956,1.030763883942878,1.0639665659254214,28.657084381584987,6.646915642959591,19.479047321750823,-0.16444272545785235,19.053789670852396,0.6768873738010809,1.6567096029068968,0.5,1.8250438479969506,0.0,0.0,0.0,0.0,0.0,0.0,0.0,0.0,1.0,0.0,1.0,0.07266568039186545,42,72,30,-1,34.0,-1
2025-03-11 12:45:00,2025-03-11 15:00:00,SHORT,81215.24,81213.97,0.01,1,STOP_LOSS,1.0036179901332436,1.0010689860277548,0.9938933557032237,1.0040911069757603,51.20899227974604,9.760380714680837,9.760380714680835,-0.26255241951053626,35.72923216890496,0.563814568800094,0.5356030944092087,0.5,1.6102773374567638,0.0,0.0,0.0,0.0,0.0,0.0,0.0,0.0,0.0,0.0,0.0,0.10685392029177437,38,62,24,-1,41.9,-1
2025-03-11 16:00:00,2025-03-11 18:30:00,SHORT,80665.29,82892.7,-17.74,0,STOP_LOSS,1.001670472826849,1.0026894695637405,1.0005813229870397,1.0096576128273727,47.81623232649306,77.85673560199884,73.11935915597942,-0.02396263296895847,20.76537322484633,0.8969737239359518,0.8599729728724373,0.5,0.6108888362421387,0.0,0.0,0.0,0.0,0.0,0.0,0.0,1.0,0.0,0.0,0.0,-0.03125102052740246,31,72,41,-1,49.2,-1
2025-03-12 02:45:00,2025-03-12 07:45:00,SHORT,82430.77,82459.59,-0.22,0,STOP_LOSS,1.0046368830823784,1.0049622992948741,1.0001376507419415,0.9934786270904662,42.59233249545634,0.0,25.899246367701735,-0.23253074084823988,19.38373179023276,1.0301487442138266,1.1372352909242032,0.5,1.6565238370144202,0.0,0.0,0.0,0.0,0.0,0.0,1.0,1.0,0.0,0.0,0.0,-0.07862863441954407,38,67,29,-1,45.8,-1
2025-03-12 15:15:00,2025-03-12 17:15:00,SHORT,81231.57,82752.39,-11.91,0,STOP_LOSS,1.0091388898128737,1.014307823094643,1.0149225674885547,1.0105179333073278,34.17230953691428,3.9609106320911245,1.3203035440303748,-0.47827949415367554,24.56731861688506,0.5652598927987869,1.3028583771117623,0.5,1.828183635110481,0.0,0.0,0.0,0.0,0.0,0.0,0.0,0.0,0.0,0.0,0.0,-0.020453772590087092,31,67,36,-1,44.5,-1
2025-03-13 00:45:00,2025-03-13 09:45:00,SHORT,83454.0,83431.02,0.17,1,STOP_LOSS,1.0016272483961812,0.9988471668190672,0.9943641358050893,0.9868724851661255,54.76491767997375,60.88425135743704,73.90670358693652,-0.03227068715716527,23.506767179945964,1.0110961548807933,0.5984185202389842,0.5,1.5580311503296473,0.0,0.0,0.0,0.0,0.0,0.0,0.0,0.0,1.0,0.0,0.0,0.12159672720123638,40,60,20,-1,52.0,-1
2025-03-13 12:45:00,2025-03-13 18:00:00,SHORT,82519.75,80716.04,13.81,1,STOP_LOSS,1.0050625784916751,1.0064228705673874,1.0075113544442382,1.0022628395214945,37.95947591994582,43.23007133151207,44.11998380868651,-0.07109795795885503,13.312803192316771,1.8157003258048892,1.4639251396218567,0.5,1.8003715832274896,0.0,0.0,0.0,0.0,0.0,0.0,0.0,1.0,0.0,0.0,0.0,0.02781969320542325,27,62,35,-1,41.7,-1
2025-03-13 22:00:00,2025-03-14 01:30:00,SHORT,80939.97,81811.54,-6.86,0,STOP_LOSS,0.9967775479964325,0.9978325458625463,1.0052490130143292,1.0152606927108738,51.27370997952909,99.99999999999999,98.8256857467446,0.3524107538599904,18.16329754210071,1.2260823136936745,0.9861404588994901,0.5,1.8811172944595291,0.0,0.0,0.0,0.0,0.0,1.0,0.0,0.0,1.0,0.0,0.0,0.019127706152042127,32,62,30,-1,43.4,-1
2025-03-14 14:00:00,2025-03-14 17:15:00,LONG,83007.25,84403.51,10.67,1,STOP_LOSS,1.003300213494716,1.0009541038782095,0.9952809311464297,0.9910773199884606,50.96780104232814,20.552244631802626,26.207284150177827,-0.13641149255999138,45.25199076042876,0.4915985240031544,0.37274916460355867,0.5,2.937604465446504,0.0,0.0,0.0,0.0,0.0,0.0,0.0,1.0,0.0,0.0,0.0,0.014219997276517281,59,33,26,0,58.5,1
2025-03-17 06:15:00,2025-03-17 07:15:00,SHORT,82915.98,83373.78,-3.52,0,SENAL_ALCISTA,1.0041275959073341,1.00426100109096,1.0039380948775447,1.007022995630527,40.13890768609827,6.609746749191907,4.406497832794605,-0.2768211726619985,17.587498032842692,0.9422682309089241,1.53229080603582,0.5,1.7927186005092042,0.0,0.0,0.0,0.0,0.0,0.0,0.0,0.0,1.0,0.0,0.0,0.13728380117224565,36,66,30,0,51.0,-1
2025-03-17 07:45:00,2025-03-17 10:00:00,LONG,83556.57,83385.63,-1.3,0,SENAL_BAJISTA,0.9975309892094489,0.9969984752238489,0.9964890904663934,0.9991867548164844,58.644142761129295,64.33392777683783,53.8210843677836,0.014065008311362823,15.379414195360262,1.6715678101481404,1.41792247034732,0.5,1.4285944087125448,0.0,0.0,0.0,0.0,0.0,1.0,0.0,0.0,1.0,0.0,0.0,0.1329014186059138,59,38,21,0,51.0,1
2025-03-17 12:00:00,2025-03-17 15:15:00,SHORT,83357.34,83343.32,0.11,1,STOP_LOSS,1.001269971084504,1.0010993248645168,1.0002381972309708,1.0015953682916536,47.24179684892014,27.431397661962613,34.79941948160322,-0.0743312908974562,11.60582135500206,2.4681134783052032,1.376461903235535,0.5,4.1710801041294685,0.0,0.0,0.0,0.0,1.0,0.0,0.0,0.0,0.0,0.0,0.0,0.06265187394476421,31,64,33,0,50.8,-1
2025-03-18 01:15:00,2025-03-18 07:00:00,SHORT,83344.38,82952.07,3.0,1,STOP_LOSS,1.0046248131914557,1.0063123919868364,1.0057070615429993,1.0033103613069172,33.295061706759014,4.1391556255767235,4.517554632973045,-0.3446272236891023,19.386401566313346,0.8142319041705205,1.7317083382951546,0.5,3.664601028500205,0.0,0.0,0.0,0.0,0.0,0.0,0.0,0.0,0.0,0.0,0.0,-0.1672188646054419,29,67,38,0,47.6,-1
2025-03-18 08:30:00,2025-03-18 15:30:00,SHORT,83278.82,81880.7,10.7,1,STOP_LOSS,0.997692064570117,0.9977462837973836,1.000152499519641,1.002432971128297,54.369207067611846,97.36809218266038,97.17525690827098,0.30049756501733915,21.289519807982625,1.286669638055379,0.9441813871735828,0.5,1.219058096645608,0.0,0.0,0.0,0.0,1.0,0.0,0.0,0.0,1.0,0.0,0.0,-0.03193548274119347,32,67,35,-1,44.1,-1
2025-03-18 19:15:00,2025-03-18 23:15:00,SHORT,81902.65,82772.98,-6.81,0,STOP_LOSS,0.9980544383175877,0.9988531903574475,1.003433559690127,1.0133550497138408,50.507577130155205,98.34910324287432,81.56241561233489,0.2078933311589369,18.441796314217026,1.074180510320702,0.8844787897841055,0.5,1.262083504306981,0.0,0.0,0.0,0.0,0.0,0.0,0.0,0.0,1.0,0.0,0.0,0.05027004427783714,17,67,50,-1,44.0,-1
2025-03-19 07:30:00,2025-03-19 10:15:00,SHORT,83194.4,83545.28,-2.69,0,SENAL_ALCISTA,0.9998432695061265,0.9983119759592443,0.9953252116753819,0.9965687880455402,58.48651225317817,54.4217296706163,58.131717814724766,-0.02778202612865421,30.40517043061149,0.756096948898203,0.36124476189827887,0.5,1.4966422854412176,0.0,0.0,0.0,0.0,0.0,0.0,0.0,0.0,0.0,0.0,0.0,-0.012440488740846588,37,59,22,-1,50.2,-1
2025-03-19 13:15:00,2025-03-19 17:30:00,LONG,83938.7,83991.14,0.4,1,STOP_LOSS,0.9982035305328194,0.9963845602565954,0.9925610349898976,0.9894639835480636,65.64891303338521,37.61946020938546,22.247871224018017,0.0033209725200784848,50.1654274293389,0.6510903882541653,0.15824346806431425,0.5,2.0279857885842967,0.0,0.0,0.0,0.0,0.0,1.0,0.0,1.0,0.0,0.0,0.0,-0.07149695616482007,59,38,21,0,59.6,1
2025-03-19 18:45:00,2025-03-20 00:45:00,LONG,85618.83,86027.63,3.05,1,STOP_LOSS,0.9886818828329916,0.9859505959712362,0.9809254609506227,0.9732087989351395,70.96946245016679,47.534848841493385,35.75445933721427,0.08008718994877811,40.08143863190424,0.8873638622920996,0.2711220332755105,0.5,2.6880480879569664,0.0,0.0,0.0,0.0,0.0,0.0,0.0,1.0,0.0,0.0,0.0,-0.006781482718305282,59,41,18,0,63.2,1
2025-03-20 02:00:00,2025-03-20 10:15:00,LONG,85740.22,85243.75,-3.7,0,STOP_LOSS,1.0040856555496982,1.0033778853404014,0.9962333433287605,0.9796963116521591,47.26881914348826,1.996515989526014,5.588407076954716,-0.38884530500092757,33.31145975678983,0.7253840220093993,0.7765185942338636,0.5,1.2566293584549746,0.0,0.0,0.0,0.0,0.0,0.0,0.0,1.0,0.0,0.0,0.0,-0.0919236219429961,62,44,18,0,61.9,1
2025-03-20 13:30:00,2025-03-20 15:15:00,LONG,85613.1,85688.03,0.56,1,STOP_LOSS,0.9973627977158772,0.9985844281581663,0.9994925911275255,0.9883545408667491,52.19712805489619,52.616603455491415,40.532980333948004,0.02647177533811842,26.70438968783274,0.7801376860282815,0.9395789633355165,0.5,2.332506514708127,0.0,0.0,0.0,0.0,0.0,0.0,0.0,0.0,0.0,0.0,0.0,-0.03478862704439845,62,39,23,0,53.4,1
2025-03-24 00:00:00,2025-03-24 01:00:00,LONG,85973.3,85807.9,-1.23,0,STOP_LOSS,0.9963377691131522,0.9934461166706875,0.9901004938465945,0.9839730205626495,69.23838690724344,89.95583514478471,92.29302752046162,0.393543511279959,30.261990648157,1.3360102489106236,0.3639164066053008,0.5,1.4182714775930956,0.0,0.0,0.0,0.0,0.0,0.0,0.0,1.0,0.0,0.0,0.0,-0.12282719959359407,62,33,29,0,69.3,1
2025-03-24 03:15:00,2025-03-24 09:45:00,LONG,86380.1,87163.3,5.78,1,STOP_LOSS,0.9951841958377561,0.993062432682591,0.9891986265919077,0.9812123842204742,68.29611910372365,53.64529725758209,37.081284305108014,0.08058663137297288,32.496707595941146,1.2711318155948468,0.42064362274994443,0.5,1.548200900826354,0.0,0.0,0.0,0.0,0.0,1.0,0.0,1.0,0.0,0.0,0.0,-0.01949076834107778,62,28,34,0,69.3,1
2025-03-24 10:45:00,2025-03-24 13:00:00,LONG,87794.3,87221.9,-4.17,0,STOP_LOSS,0.996060393083595,0.9932435506509032,0.9870104900918837,0.9723330932087566,72.72396212946548,87.08405811085333,65.79937889332317,0.040345832616945854,42.118018771178654,0.8404874108414759,0.2933143175366856,0.5,1.3481875576160631,0.0,0.0,0.0,0.0,0.0,1.0,0.0,1.0,0.0,0.0,0.0,-0.029893001731319875,62,28,34,0,75.2,1
2025-03-24 14:00:00,2025-03-24 20:45:00,LONG,88353.3,87829.0,-3.79,0,STOP_LOSS,0.9919205990789367,0.9900507858034031,0.9849630671423719,0.9692124892228746,72.973556666469,60.65141151191675,33.96362890455828,0.05742843911595897,29.515583780129916,1.315112311546204,0.44565266124016495,0.5,2.707698691059495,0.0,0.0,0.0,0.0,0.0,1.0,0.0,1.0,0.0,1.0,0.0,0.06290452398534205,62,33,29,0,77.9,1
2025-03-25 09:30:00,2025-03-25 15:45:00,LONG,87108.1,87777.8,4.9,1,STOP_LOSS,0.9959577703181793,0.9955817364330675,0.998097489611079,0.9933182779066911,62.48970720209692,96.18331568787431,96.18331568787431,0.3870006627477653,23.52518504285539,1.36206300266423,0.5798838923396405,0.5,2.4738496923077906,0.0,0.0,0.0,0.0,0.0,0.0,0.0,0.0,1.0,0.0,0.0,0.12593942223752483,62,42,20,0,62.6,1
2025-03-25 20:00:00,2025-03-25 22:15:00,LONG,88380.9,87376.4,-7.26,0,STOP_LOSS,0.9959450316338272,0.9944942870380807,0.9916162972803075,0.9835843202090939,63.96483447113311,66.46043596914386,53.09900181954378,0.029464436330350844,31.165546584887064,0.8967293080035061,0.32798287642693424,0.5,2.577620127765112,0.0,0.0,0.0,0.0,0.0,1.0,0.0,1.0,0.0,1.0,0.0,-0.03159879118571414,62,31,31,0,59.7,1
2025-03-26 01:30:00,2025-03-26 03:00:00,LONG,87802.0,87189.7,-4.43,0,STOP_LOSS,0.9985935862501227,0.998568337646075,0.9982743807574027,0.9917432644550027,53.41196639051795,95.78452946168316,93.6343105277951,0.14900895589038324,18.7130429841873,1.125328830004011,1.0137920881219864,0.5,0.7202461089044098,0.0,0.0,0.0,0.0,0.0,0.0,0.0,1.0,0.0,0.0,0.0,-0.1535077782189384,62,40,22,0,57.5,1
2025-03-26 05:30:00,2025-03-26 12:30:00,LONG,87591.0,87705.2,0.83,1,STOP_LOSS,0.9974533051654502,0.9980610565270351,0.9990968992170299,0.9946180271964121,54.64668532955255,68.41962346256403,55.48700866243965,0.11414437908883385,19.434084758943403,1.3853407559684798,1.0423162760524671,0.5,1.6079068916240067,0.0,0.0,0.0,0.0,0.0,0.0,0.0,1.0,0.0,0.0,0.0,-0.1782714271881222,59,36,23,0,63.5,1
2025-03-28 01:30:00,2025-03-28 02:30:00,LONG,87503.1,87084.9,-3.03,0,SENAL_BAJISTA,0.9971823902776434,0.9969920782533311,0.9965024926567422,0.9963485203602053,57.71881828039601,61.61145913276662,50.967386049118915,0.007944990729551455,11.882027755996265,2.2714777741715415,1.3458553561294644,0.5,1.5697695973379384,0.0,0.0,0.0,0.0,0.0,0.0,0.0,0.0,0.0,0.0,0.0,0.02764950129769571,60,32,28,0,50.1,1
2025-03-28 04:15:00,2025-03-28 11:45:00,SHORT,86696.3,85238.6,10.65,1,STOP_LOSS,1.0021056574884772,1.0037552905630538,1.004701567053706,1.0053436507256923,36.77333839797981,0.9083047452273707,3.0349165081866647,-0.2948469731637716,16.25161909529281,0.8929567731444622,1.652827427392927,0.5,1.7483032163843695,0.0,0.0,0.0,0.0,0.0,0.0,1.0,1.0,0.0,0.0,1.0,-0.009318456381955824,36,64,28,-1,38.7,-1
2025-03-28 13:30:00,2025-03-28 17:45:00,SHORT,85301.4,84009.1,9.66,1,STOP_LOSS,0.9991380473806927,0.9998418907856138,1.0049440135408891,1.0153988522323303,47.93819004788313,97.94239497843367,87.10574774507319,0.2642668629154098,30.78479387902424,0.5275538391237921,0.618370451351903,0.5,1.693999611082907,0.0,0.0,0.0,0.0,0.0,0.0,0.0,0.0,1.0,0.0,0.0,-0.04469529284630035,17,64,47,-1,32.6,-1
2025-03-31 00:00:00,2025-03-31 01:15:00,SHORT,82275.6,82159.4,0.9,1,STOP_LOSS,1.0002703787090346,1.0013738330750033,1.0036383359389356,1.0119953493797464,45.98085589346063,87.97159120814428,76.54446479099056,0.018896626164514218,21.175955419184238,0.8887286158050833,1.3210543999778994,0.5,1.4827165658280894,0.0,0.0,0.0,0.0,0.0,0.0,0.0,0.0,1.0,0.0,0.0,-0.054001826506889616,34,67,33,-1,27.2,-1
2025-03-31 02:30:00,2025-03-31 12:30:00,SHORT,81940.7,82490.9,-4.3,0,STOP_LOSS,0.999557780842073,1.0014198004761854,1.0047958043093288,1.0144787923114693,46.17111996729268,68.5081776277947,67.83870143208159,-0.00010791005629418364,23.71254021255331,0.6850193902314662,1.032587943584416,0.5,1.8500464909101317,0.0,0.0,0.0,0.0,0.0,0.0,0.0,0.0,1.0,0.0,0.0,-0.0011917448624614764,11,67,56,-1,27.2,-1
2025-03-31 19:45:00,2025-04-01 03:00:00,SHORT,82458.9,83173.9,-5.55,0,STOP_LOSS,1.0063062646927394,1.0068116169892873,1.0037820065131426,1.004440920798158,41.42856704632096,5.72894589096334,23.76112064234018,-0.3082661045132887,19.178349043781164,0.9840906533279494,1.4946449531447379,0.5,1.8770686809848371,0.0,0.0,0.0,0.0,0.0,0.0,1.0,1.0,0.0,0.0,0.0,0.03067857476608987,28,65,37,-1,41.1,-1
2025-04-01 15:15:00,2025-04-02 02:00:00,LONG,84744.7,84751.4,0.05,1,SENAL_BAJISTA,0.9918018551188555,0.9900525914578723,0.9872476757306706,0.9811083965909787,63.59733030159116,96.1537137673607,79.57459012604542,0.21541177883300364,29.16466645734755,1.2924489695521708,0.6711918423189396,0.5,1.946702678853071,0.0,0.0,0.0,0.0,0.0,0.0,0.0,1.0,0.0,0.0,0.0,0.2299757291811071,59,35,24,0,61.9,1
2025-04-02 02:15:00,2025-04-02 07:45:00,SHORT,84801.1,84421.9,2.85,1,SENAL_ALCISTA,1.0020228905670245,1.0026839838359987,1.000396404249288,0.988620776176615,42.90939671760334,23.779928788010892,37.407504778465416,-0.21489597809648406,18.904174469005174,0.9652619873217768,1.2171442086879347,0.5,2.4332811502836758,0.0,0.0,0.0,0.0,0.0,0.0,0.0,1.0,0.0,0.0,0.0,0.18185279012470598,38,60,22,0,55.0,-1
2025-04-02 09:00:00,2025-04-02 11:45:00,LONG,85307.0,84568.7,-5.53,0,STOP_LOSS,0.9919345013410841,0.9908009291777657,0.9915070969170785,0.9844723718504089,68.68231938249643,99.38394402077894,98.10318380445972,0.4665981084441956,23.852521906590454,1.491599153528087,0.48604249307288633,0.5,3.3859149141466505,0.0,0.0,0.0,0.0,0.0,0.0,0.0,1.0,0.0,0.0,0.0,0.14122098484946644,61,39,22,0,55.0,1
2025-04-02 13:30:00,2025-04-02 17:30:00,LONG,85460.0,86584.2,8.38,1,STOP_LOSS,0.993770377839811,0.9926891428617194,0.9916700944168423,0.9844982286278081,62.38668953968828,50.45531415474607,50.78483712098058,0.07410846764683487,22.132673207662098,1.3024577351099411,0.698616381326693,0.5,2.761474546519393,0.0,0.0,0.0,0.0,0.0,0.0,0.0,0.0,0.0,1.0,0.0,0.03149374161916987,61,45,16,0,67.1,1
2025-04-02 20:00:00,2025-04-02 20:15:00,LONG,87757.8,85875.0,-13.72,0,STOP_LOSS,0.9887982997967806,0.9856850698318258,0.9791625336452774,0.9649338271038784,70.60296903247142,50.2044290095137,25.94320696401369,0.00904348227916687,39.493049505175755,0.9098801115790899,0.2086543290358085,0.5,3.388517107071715,0.0,0.0,0.0,0.0,0.0,1.0,0.0,1.0,0.0,0.0,0.0,-0.08936876236215138,61,33,28,0,41.9,1
2025-04-03 07:00:00,2025-04-03 13:30:00,SHORT,83088.6,82370.0,5.49,1,STOP_LOSS,1.002217846900991,1.003969816287163,1.009524519204965,1.0142799891902834,38.452270946815915,3.099661314245788,2.926490937054112,-0.010915048821422099,17.384667279345788,0.7188048399609617,1.314620023671582,0.5,1.238731635456537,0.0,0.0,0.0,0.0,1.0,0.0,0.0,0.0,0.0,0.0,0.0,-0.12049962132110853,31,60,29,0,46.7,-1
2025-04-03 18:45:00,2025-04-03 21:45:00,SHORT,82115.6,82728.7,-4.75,0,STOP_LOSS,0.9979802113124991,0.9992381537145943,1.0049505160045789,1.0182342141087226,49.38424908933896,79.0855795023091,66.3935678079816,0.17445632437199807,20.74113489184582,1.0703666610542846,0.9332118349164122,0.5,1.3104001956058984,0.0,0.0,0.0,0.0,0.0,0.0,0.0,0.0,1.0,0.0,0.0,-0.12767835178936016,16,67,51,-1,40.5,-1
2025-04-04 03:30:00,2025-04-04 07:00:00,SHORT,82792.9,83531.2,-5.66,0,STOP_LOSS,1.0015376503533107,1.0009618784949506,0.9994362280137421,1.006795000606558,49.1365463505533,15.3775984707284,18.89286167919569,-0.1876309591121328,15.314432712797624,1.169014059510248,1.27029913946859,0.5,1.520384264439534,0.0,0.0,0.0,0.0,0.0,0.0,0.0,0.0,0.0,0.0,0.0,-0.22341005435979733,34,67,33,-1,45.5,-1
2025-04-04 10:00:00,2025-04-04 11:45:00,SHORT,83695.9,82667.8,7.78,1,STOP_LOSS,1.0057631500383801,1.0019617806207999,0.9963699758768836,0.9966388377196905,49.37238348572814,53.5280773177021,68.25118836882893,-0.00372706224302373,35.08615555951205,0.8041845874204858,0.775606790274329,0.5,2.6220161492947014,0.0,0.0,0.0,0.0,0.0,0.0,0.0,1.0,0.0,0.0,0.0,-0.11963225831856644,44,67,23,-1,45.4,-1
2025-04-04 13:30:00,2025-04-04 15:00:00,SHORT,82319.2,83518.1,-9.26,0,STOP_LOSS,1.0039079991262279,1.0069259213386792,1.0085344330645456,1.0118902362005515,40.02369746409197,61.36547290418542,53.250416481545656,-0.07135423034741627,26.79827344333015,0.7957824498115501,1.0458857021060697,0.5,1.389445245522416,0.0,0.0,0.0,0.0,0.0,0.0,0.0,1.0,0.0,0.0,0.0,0.057990738249416376,38,67,29,-1,46.4,-1
2025-04-07 04:15:00,2025-04-07 08:30:00,SHORT,77419.0,76650.6,6.28,1,STOP_LOSS,1.0060278328042969,1.0110195094303485,1.0231082292501963,1.053257012219948,37.654295574999544,13.54862104521663,17.992608123027388,-0.09521708284423389,39.192059150262075,0.30259769261303193,0.7119174249470291,0.5,1.3777850194197703,0.0,0.0,0.0,0.0,0.0,0.0,0.0,0.0,1.0,0.0,0.0,-0.18294059419862582,30,72,42,-1,19.8,-1
2025-04-08 01:00:00,2025-04-08 01:30:00,SHORT,79218.5,80413.8,-9.58,0,STOP_LOSS,1.001340621291157,0.9999231698271304,0.9941015157595698,1.0045912057169974,51.835161920612876,9.55872602530635,12.355650266286741,-0.1945467335044482,25.880609312786003,0.7411165058482245,0.7636243248939759,0.5,1.7291807801411587,0.0,0.0,0.0,0.0,0.0,0.0,0.0,1.0,0.0,0.0,0.0,-0.08257604554180772,33,67,34,-1,46.1,-1
2025-04-08 07:00:00,2025-04-08 11:45:00,SHORT,79508.6,79996.5,-3.87,0,STOP_LOSS,1.0014466109500082,1.0027917790016514,0.9993263835853153,1.0019131213939934,45.90650183104132,14.223307743584805,9.675912562137242,-0.29149790915063023,17.59016824880663,0.9286513225783836,1.4200544655498757,0.5,1.7260434528542195,0.0,0.0,0.0,1.0,0.0,0.0,0.0,0.0,0.0,0.0,0.0,-0.021127896646840696,23,63,40,-1,44.5,-1
2025-04-08 16:30:00,2025-04-09 01:30:00,SHORT,77539.5,75485.4,16.69,1,STOP_LOSS,1.0107993323088327,1.0169412314230724,1.0207183197382013,1.0252989181181227,27.362322517025213,6.251248368921105,12.679654098241954,-0.3798440436431168,28.77557673386045,0.35649746795992837,1.1185870719151203,0.5,1.4183030218263104,0.0,0.0,0.0,0.0,0.0,0.0,1.0,0.0,0.0,0.0,1.0,0.2184162003521334,23,72,49,-1,36.3,-1
2025-04-09 04:00:00,2025-04-09 06:00:00,SHORT,75798.7,77284.7,-12.47,0,STOP_LOSS,0.9971979662516923,1.0013945837727092,1.0113315693570346,1.0338386718938506,46.56956354876128,72.94863110908388,70.12612331250057,0.026028764168087595,42.105322525869745,0.3509722033447745,0.6265634358519003,0.5,1.6565897637764089,0.0,0.0,0.0,0.0,0.0,0.0,0.0,0.0,1.0,0.0,0.0,0.10905658036954594,22,72,50,-1,43.5,-1
2025-04-09 11:15:00,2025-04-09 13:30:00,SHORT,76568.1,77250.0,-5.62,0,STOP_LOSS,1.0059424705888345,1.0063872729748289,1.0053527719989526,1.0192577769942224,41.68432661381643,3.7804141745661433,3.6398251792880147,-0.27983000609728,20.42287438326128,0.7947520597520801,1.481911018244971,0.5,1.2981544422843636,0.0,0.0,0.0,0.0,0.0,0.0,0.0,0.0,1.0,0.0,0.0,0.04114354377960373,18,72,54,-1,39.4,-1
2025-04-10 07:15:00,2025-04-10 14:30:00,SHORT,81821.8,81633.8,1.45,1,STOP_LOSS,1.0025910483792244,1.0030725914682752,0.9985945415084354,0.9753285218007736,43.68666443685347,56.635621830399074,59.699837051255095,-0.04017345136314732,13.337549266940636,1.393987245335258,1.8924621441695324,0.5,1.6274117604820477,0.0,0.0,0.0,0.0,0.0,0.0,0.0,1.0,0.0,0.0,0.0,0.043664501557179734,38,60,22,0,55.6,-1
2025-04-10 15:30:00,2025-04-10 20:00:00,SHORT,79232.7,79913.7,-5.42,0,STOP_LOSS,1.0182964656713147,1.0242314420500969,1.0277818309686864,1.0130236965617931,25.007764167628626,4.960588312909909,25.177410838599513,-0.37577789086761826,19.287884714113535,0.7419601799117049,2.248863187431015,0.5,1.9143398501854674,0.0,0.0,0.0,0.0,0.0,0.0,1.0,0.0,0.0,0.0,1.0,0.14396230889363892,36,64,28,0,46.5,-1
2025-04-11 00:30:00,2025-04-11 01:30:00,SHORT,79390.6,79749.9,-2.84,0,STOP_LOSS,1.002190163784491,1.003264836210349,1.007803330274804,1.00818879718725,41.82414350821036,22.535855687968983,35.30699260386751,-0.003233874112793626,14.923207223247324,0.89456237691836,1.4886470053153116,0.5,1.4227780010148618,0.0,0.0,0.0,0.0,1.0,0.0,0.0,0.0,1.0,0.0,0.0,0.11742423488946697,19,67,48,0,52.9,-1
2025-04-11 06:00:00,2025-04-11 11:30:00,LONG,81112.3,82214.6,8.52,1,STOP_LOSS,0.9963718083825349,0.993271464490229,0.9905408771680732,0.9879202597340158,63.396302291527206,31.38470957928248,19.104019690612056,0.028058787976167218,25.92925145621579,1.0664422821184778,0.4923744040390366,0.5,1.6248402480414725,0.0,0.0,0.0,0.0,0.0,0.0,0.0,0.0,0.0,1.0,0.0,0.0779718399146632,59,39,20,0,54.2,1
2025-04-11 17:30:00,2025-04-12 02:45:00,LONG,83953.1,82805.5,-8.61,0,STOP_LOSS,0.9876337097887614,0.9834251606971809,0.9771588892175495,0.9635146279698237,69.78381732281635,89.75084975168689,79.38333530276572,0.2362535558313921,22.050549249035583,1.7305896215435583,0.8020052518316801,0.5,1.8883842419618602,0.0,0.0,0.0,0.0,0.0,1.0,0.0,1.0,0.0,1.0,0.0,-0.15798178158784884,59,41,18,0,61.7,1
2025-04-14 10:45:00,2025-04-14 13:30:00,LONG,84658.0,84425.9,-1.72,0,STOP_LOSS,0.9994492366472463,0.9991510245496299,0.9981524266452139,0.9941408551932314,52.153281542116886,64.27356593070061,45.852002842553546,0.00641871581726515,10.043745877593434,2.07166960795502,1.700145133876584,0.5,0.6644073755218901,0.0,0.0,0.0,0.0,0.0,0.0,0.0,1.0,0.0,0.0,0.0,-0.03866832404077197,59,35,24,0,60.6,1
2025-04-14 18:15:00,2025-04-15 14:15:00,LONG,84891.8,84950.0,0.43,1,STOP_LOSS,0.9976552264595996,0.9972461716337063,0.9969643311671587,0.9931043228521411,54.86012270438767,76.65905886304385,61.62832417598125,0.12209603317284043,14.854836770124834,1.369975582050578,1.2984850518614033,0.5,0.4466386849108944,0.0,0.0,0.0,0.0,0.0,0.0,0.0,1.0,0.0,0.0,0.0,-0.013408099738496167,59,35,24,0,59.0,1
2025-04-16 21:00:00,2025-04-16 23:15:00,LONG,84452.9,84234.3,-1.62,0,SENAL_BAJISTA,0.9987730179218928,0.9987141431266003,0.9975690066994617,0.9984428475267846,51.833596606360764,72.20593515611246,61.16570139533488,0.01079881844358561,20.993080481712575,0.8139391565744162,0.8611122978856345,0.5,0.38893256702309276,0.0,0.0,0.0,0.0,0.0,0.0,0.0,1.0,0.0,0.0,0.0,-0.08914123388005471,59,36,23,0,50.2,1
2025-04-17 05:45:00,2025-04-17 08:45:00,LONG,84393.7,84449.3,0.41,1,STOP_LOSS,0.9979651057581604,0.997488575988875,0.9977131074389066,0.9987348468417543,57.59026961048728,98.75535638831276,98.54296118782588,0.2678872379093629,14.92936105902546,1.7164137036611231,1.0358041806077287,0.5,2.0087039367191855,0.0,0.0,0.0,0.0,0.0,0.0,0.0,0.0,0.0,0.0,0.0,-0.07778358302523246,59,36,23,0,54.6,1
2025-04-17 11:45:00,2025-04-17 14:00:00,LONG,84572.8,84168.2,-3.0,0,STOP_LOSS,0.998859741781655,0.998641054778437,0.9978925810702867,0.9972418805017704,54.46685717965059,76.06906550983715,55.415545108722384,0.007743274458458702,16.017683645338135,1.652319957528358,0.9812414161583788,0.5,1.2652648595823996,0.0,0.0,0.0,0.0,0.0,0.0,0.0,0.0,0.0,0.0,0.0,-0.08051444375858761,59,35,24,0,53.8,1
2025-04-17 16:00:00,2025-04-17 19:15:00,LONG,84608.3,84700.1,0.68,1,STOP_LOSS,0.9984520063376804,0.9983713250848005,0.9980241047471982,0.9971239499828983,54.14413657822729,73.24769861899179,68.4954868938896,0.05592364319899384,17.785456458918414,1.2445487729632387,1.0534197436798445,0.5,2.2289160762029097,0.0,0.0,0.0,0.0,0.0,0.0,0.0,0.0,0.0,0.0,0.0,-0.10877475088233016,59,35,24,0,55.8,1
2025-04-18 01:15:00,2025-04-18 04:00:00,LONG,85128.6,84650.2,-3.51,0,STOP_LOSS,0.9979484522950767,0.9977405369294533,0.9966414517489036,0.9932270034718217,58.211108404785094,70.35114486361424,46.04110431698294,0.011927706468024171,10.198656208364065,2.516483522456888,1.9380318586505882,0.5,1.346000920208859,0.0,0.0,0.0,0.0,0.0,1.0,0.0,0.0,0.0,0.0,0.0,-0.1604325724886317,59,33,26,0,55.5,1
2025-04-21 00:00:00,2025-04-21 11:00:00,LONG,85332.9,87155.8,13.34,1,STOP_LOSS,0.9971341204446355,0.9954779049306859,0.9937698544380377,0.9939948992001028,68.06326584190285,66.25429583152368,57.79542900089753,0.13805389318422678,28.722079219301225,1.3579223859453924,0.5425980271418962,0.5,2.0487558444912533,0.0,0.0,0.0,0.0,0.0,1.0,0.0,1.0,0.0,1.0,0.0,0.11122442972586702,61,43,18,0,71.6,1
2025-04-21 14:00:00,2025-04-21 16:30:00,LONG,87685.8,87590.1,-0.69,0,STOP_LOSS,0.9953051312947523,0.9951066664912425,0.9925062239481481,0.9794116046978748,58.96556430243221,83.6792736853028,76.99677196927965,0.07115726168177701,24.417870966129783,1.0883330394506938,0.6916008434336408,0.5,1.8286584019628362,0.0,0.0,0.0,0.0,0.0,0.0,0.0,1.0,0.0,1.0,0.0,0.07465324348856203,61,40,21,0,72.3,1
2025-04-21 23:45:00,2025-04-22 02:00:00,LONG,87514.4,88360.3,6.08,1,STOP_LOSS,0.9972147947946423,0.9968759495624454,0.9967465466455555,0.9867333241833891,57.83233125726668,92.99241394123808,84.44438192114742,0.16591331239642512,17.211699306007475,1.477380603113476,1.172621191977442,0.5,1.4521023608863162,0.0,0.0,0.0,0.0,0.0,0.0,0.0,1.0,0.0,0.0,0.0,0.07974931474393963,61,32,29,0,66.0,1
2025-04-22 10:15:00,2025-04-22 15:15:00,LONG,88338.4,90906.6,18.34,1,STOP_LOSS,1.0013267866150362,1.0002172963627631,0.9972271329805095,0.9847994373148456,51.319395120124035,61.34196072262131,76.02663421195098,-0.057873066730012225,25.887821373506654,0.8741147198152341,0.7066230006401635,0.5,1.3992457286248354,0.0,0.0,0.0,0.0,0.0,0.0,0.0,1.0,0.0,0.0,0.0,-0.03856438448788796,62,42,20,0,71.6,1
2025-04-22 21:45:00,2025-04-23 13:45:00,LONG,93033.8,93021.8,-0.08,0,STOP_LOSS,0.9854528237783544,0.9814818870485984,0.9728193277709282,0.9494642188130696,78.36312798635419,66.50380681993168,40.79834777781558,0.08884494204150432,43.42157474455096,1.2391493781537668,0.22528292883037815,0.5,3.113305506218358,0.0,0.0,0.0,0.0,0.0,1.0,0.0,1.0,0.0,0.0,0.0,-0.0731612029214513,62,31,31,0,85.3,1
2025-04-23 20:15:00,2025-04-24 03:30:00,LONG,93728.7,92840.6,-6.04,0,STOP_LOSS,0.9981441586473053,0.9978001500850588,0.9967463295704297,0.9749385656680358,54.307745112971865,57.648418611927646,44.78181290709726,0.009965077637398172,14.45070823324226,1.6821225823334782,1.5473057641491919,0.5,0.724597128255763,0.0,0.0,0.0,0.0,0.0,1.0,0.0,1.0,0.0,0.0,0.0,0.0998553724539277,67,26,41,0,77.2,1
2025-04-24 11:45:00,2025-04-24 17:00:00,LONG,92625.9,92950.9,2.23,1,STOP_LOSS,0.9984010365809207,0.9983160760668309,1.0007495551875745,0.9938505108799632,53.876439641096034,86.06000755867134,79.66081873727191,0.24188469507634222,25.97347753660643,0.7071695996050487,0.724941519115097,0.5,0.45896109451797557,0.0,0.0,0.0,0.0,0.0,1.0,0.0,0.0,1.0,0.0,0.0,0.12296524571765796,64,35,29,1,66.1,1
2025-04-24 23:15:00,2025-04-25 02:00:00,LONG,93689.0,93566.0,-0.83,0,STOP_LOSS,0.9979299675598631,0.9969575834395631,0.9950037542719626,0.9872234044545517,61.14548364958479,70.1664208729895,59.61283317614715,0.01565378366922151,15.708964023258488,1.601743246739743,1.1185919017017139,0.5,1.7363801318292218,0.0,0.0,0.0,0.0,0.0,0.0,0.0,0.0,0.0,1.0,0.0,-0.057330661293856604,64,31,33,1,71.5,1
2025-04-25 06:45:00,2025-04-25 12:15:00,LONG,93536.5,94472.8,6.36,1,STOP_LOSS,0.9984717788624963,0.9983682705463508,0.9981356728462961,0.991523208166016,54.70296125947151,99.89222744385964,93.19308494352586,0.15137852772900043,10.841074347956615,2.2364594810783442,1.5786351715456393,0.5,0.5810925976126173,0.0,0.0,0.0,0.0,0.0,0.0,0.0,1.0,0.0,0.0,0.0,-0.10691957387772819,64,27,37,1,67.6,1
2025-04-25 14:00:00,2025-04-25 17:45:00,LONG,95294.9,94528.1,-5.13,0,STOP_LOSS,0.9922042686507487,0.9892487023111022,0.9855462979192724,0.9767472467439533,70.5589724946927,40.152391987782494,26.474249097190498,0.125753500514704,38.76911521599491,0.768408302099392,0.27629346804099825,0.5,3.1307702708239633,0.0,0.0,0.0,0.0,0.0,0.0,0.0,1.0,0.0,1.0,0.0,-0.16997685606728827,64,41,23,1,72.5,1
2025-04-28 06:00:00,2025-04-28 11:30:00,LONG,94395.6,95402.2,6.78,1,STOP_LOSS,0.9971082976835284,0.9950941011934505,0.9946715882757801,0.9960855068870501,67.58454096183078,97.32495512527609,94.5534250040286,0.39189257126593247,27.93374013910462,1.241278941198326,0.5421255580531444,0.5,1.3343487939008278,0.0,0.0,0.0,0.0,0.0,1.0,0.0,0.0,0.0,0.0,0.0,0.05846782753328747,62,41,21,1,61.2,1
2025-04-28 21:45:00,2025-04-29 02:45:00,LONG,94545.1,94627.6,0.56,1,STOP_LOSS,0.9990099017036138,0.9982707897082685,0.9981335482553392,0.996845932204457,54.350345329560355,39.21699233738699,38.65291984660631,0.0915641056375895,18.405159450617738,1.3746589793824526,1.1031628032315213,0.5,0.4518802900950621,0.0,0.0,0.0,0.0,0.0,0.0,0.0,1.0,0.0,0.0,0.0,0.04631479380493661,62,28,34,1,59.0,1
2025-04-29 07:30:00,2025-04-29 14:15:00,LONG,94806.6,94735.5,-0.48,0,STOP_LOSS,0.9986745716342175,0.9983177146206226,0.998090523933426,0.9957496067722421,54.85947587639335,93.89139709703448,93.78012656087137,0.21449553567503782,16.819464643200853,1.4463150485358802,0.9606817884986354,0.5,1.032656154557822,0.0,0.0,0.0,0.0,0.0,0.0,0.0,0.0,0.0,0.0,0.0,0.0036722122142081024,64,20,44,1,57.7,1
2025-04-29 16:30:00,2025-04-29 20:45:00,LONG,95448.2,94839.0,-4.07,0,STOP_LOSS,0.9960093976558037,0.9952071093959926,0.9942153233397941,0.9908547300484012,63.782630930434664,80.43642789182371,60.202920941467646,0.1369433588274242,14.171550651022562,1.8571703975460205,1.0038487185539882,0.5,2.2169037710475457,0.0,0.0,0.0,0.0,0.0,1.0,0.0,0.0,0.0,1.0,0.0,-0.0735061598716316,64,22,42,1,59.6,1
2025-04-30 02:30:00,2025-04-30 12:30:00,LONG,94711.6,94494.8,-1.46,0,STOP_LOSS,0.9979528975397849,0.9979122555733191,0.9994016964609187,0.9989581528952192,54.922536295995236,95.91774740815303,92.85859967143688,0.27214301173165123,18.657523872967037,0.9965419774280255,0.9216450764245533,0.5,0.5395433555701713,0.0,0.0,0.0,0.0,0.0,0.0,0.0,0.0,0.0,0.0,0.0,-0.1633352515909005,61,35,26,1,55.9,1
2025-04-30 20:00:00,2025-04-30 22:45:00,LONG,94633.5,94120.9,-3.45,0,SENAL_BAJISTA,0.994976898644918,0.9946620043482951,0.996279332426422,0.9988315485789151,58.73480934315144,72.01343449893275,52.24759129166695,0.19378309095662383,16.601072587696887,1.7612919537648242,1.134195321173669,0.5,1.2501256352421182,0.0,0.0,0.0,0.0,0.0,1.0,0.0,0.0,0.0,0.0,0.0,-0.0015921901912493831,64,31,33,1,49.0,1
2025-05-01 01:15:00,2025-05-01 13:30:00,LONG,94631.8,96180.0,10.39,1,STOP_LOSS,0.9975621032399815,0.9969923722933248,0.9969561389566413,0.9986087097855221,60.17577022164351,92.25017431752174,70.97849711139403,0.11469714117658865,13.16673569536517,2.0492136662694542,1.2336841210704115,0.5,1.559670814809804,0.0,0.0,0.0,0.0,0.0,1.0,0.0,0.0,1.0,0.0,0.0,-0.008464358047566983,60,32,28,1,53.5,1
2025-05-01 15:15:00,2025-05-01 18:15:00,LONG,97121.9,96483.1,-4.2,0,STOP_LOSS,0.9956250729085724,0.991910519381762,0.9860872745173135,0.977961357961844,66.48939092298522,72.74382020694102,62.134110370982,0.1565059664562069,39.86039356495336,0.8409798951989165,0.2767043039383791,0.5,2.2405033515339383,0.0,0.0,0.0,0.0,0.0,0.0,0.0,1.0,0.0,0.0,0.0,-0.04986486738288947,62,30,32,1,65.5,1
2025-05-02 00:30:00,2025-05-02 07:00:00,LONG,96821.0,96548.4,-1.79,0,STOP_LOSS,0.9977484545524072,0.9974906400978405,0.995957329741911,0.9863769928348907,56.940781487165275,94.87557339917099,73.78069167703744,0.12233333842006694,18.72017042533362,1.488812610143336,1.1000981861312444,0.5,1.3034190630337839,0.0,0.0,0.0,0.0,0.0,0.0,0.0,1.0,0.0,0.0,0.0,-0.047818939336271425,67,26,41,1,65.6,1
2025-05-02 09:00:00,2025-05-02 15:15:00,LONG,96781.4,97152.4,2.44,1,STOP_LOSS,0.9987670469401582,0.9992912698393445,0.999107203664324,0.9907403804071724,51.90264893743265,93.30784179419528,82.05459700042131,0.00918482380234327,15.545673122864493,0.8659548553796707,1.2022179322704905,0.5,1.2155521796647168,0.0,0.0,0.0,0.0,0.0,0.0,0.0,0.0,0.0,0.0,0.0,-0.1104634395819409,63,28,35,1,62.0,1
2025-05-02 19:00:00,2025-05-03 01:30:00,LONG,97027.2,96474.9,-3.63,0,STOP_LOSS,1.0028134920937086,1.002597684834759,1.0008784915333997,0.9925265623950974,45.066629215332135,21.26869661958932,34.08355711741067,-0.17891940475488463,14.446674680971524,1.2097168927822315,1.6623298483238298,0.5,1.2082868781898648,0.0,0.0,0.0,0.0,0.0,0.0,0.0,1.0,0.0,0.0,0.0,-0.19787241961273336,67,26,41,1,60.2,1
2025-05-05 01:30:00,2025-05-05 05:30:00,SHORT,93966.0,94514.2,-3.71,0,STOP_LOSS,1.0051011242108616,1.0085174968512771,1.0123351998535686,1.018742642130493,28.192081160088918,45.5131832310196,47.25621477210002,-0.24441289716851192,41.00300303082573,0.2824482193721988,1.150784847433368,0.5,2.7817054575093785,0.0,0.0,0.0,0.0,0.0,0.0,1.0,0.0,1.0,0.0,0.0,0.07364924963559738,42,62,20,0,35.7,-1
2025-05-05 10:30:00,2025-05-05 12:15:00,SHORT,94199.5,94318.8,-0.8,0,STOP_LOSS,1.0027236500176067,1.003285598271619,1.0045912039039548,1.0121050776959752,36.43298670741982,0.0,8.706052053248344,-0.2269439452978772,21.680206631477215,0.5502246574260662,1.4933141821789928,0.5,1.8779611725156387,0.0,0.0,0.0,0.0,0.0,0.0,1.0,0.0,1.0,0.0,0.0,0.1352888645783293,45,62,17,0,38.4,-1
2025-05-05 13:30:00,2025-05-05 16:30:00,SHORT,93887.9,94232.7,-2.33,0,STOP_LOSS,1.0029322672424363,1.0040248140233738,1.005977066932477,1.0140326576851972,34.551069783377145,49.828498118930256,68.11777599875575,-0.07316689599098154,32.258182398249396,0.3094646988890191,1.0513801695026692,0.5,4.371110952302236,0.0,0.0,0.0,0.0,0.0,0.0,1.0,0.0,1.0,0.0,0.0,0.15628777233022192,34,62,28,0,36.6,-1
2025-05-05 20:30:00,2025-05-05 21:00:00,SHORT,94053.0,94590.5,-3.62,0,STOP_LOSS,1.003116945169806,1.0031461202527132,1.0031740578816846,1.009801674892105,41.354166236286446,0.0,3.2806718593510866,-0.21560719882396617,21.48158423634688,0.8124960833816256,1.3899035987861514,0.5,1.460838954539845,0.0,0.0,0.0,0.0,0.0,0.0,1.0,0.0,0.0,0.0,0.0,0.06407799058950511,27,62,35,0,46.2,-1
2025-05-05 22:30:00,2025-05-06 00:30:00,LONG,95180.9,94462.9,-4.77,0,STOP_LOSS,0.9954012203554351,0.9935363011850491,0.9923596611912093,0.9976197078407187,68.28530369624627,95.85033229269413,84.70554674672034,0.2642838284343288,17.407234322582877,1.965070790318237,1.1624082488979988,0.5,1.314433019333869,0.0,0.0,0.0,0.0,0.0,1.0,0.0,1.0,0.0,1.0,0.0,0.09860376303144164,62,46,16,0,46.2,1
2025-05-06 11:45:00,2025-05-06 14:00:00,SHORT,93813.7,94050.4,-1.59,0,STOP_LOSS,1.0018676807928921,1.0033955836074873,1.0049926291905242,1.0095213006786303,33.56953684757078,8.359427372651824,17.121625225353572,-0.21537974699630194,26.08047522223482,0.43632585973976656,1.2698701562161623,0.5,1.4005614861484206,0.0,0.0,0.0,0.0,0.0,0.0,1.0,0.0,0.0,0.0,0.0,-0.05706010587908672,32,61,29,0,39.2,-1
2025-05-06 22:15:00,2025-05-07 02:15:00,LONG,95657.1,96880.0,8.06,1,STOP_LOSS,0.9928360034979337,0.9912284007463591,0.9890507332291126,0.9895591003760406,70.95743725893274,73.85423206794046,48.02753015225164,0.12479849784761678,24.141795145423668,1.4984955309409786,0.5696503145761439,0.5,2.4724920660465153,0.0,0.0,0.0,0.0,0.0,1.0,0.0,0.0,0.0,1.0,0.0,-0.0017735692153351594,64,38,26,0,62.5,1
2025-05-07 07:45:00,2025-05-07 14:45:00,LONG,96982.1,96931.9,-0.33,0,STOP_LOSS,0.9973922614309203,0.9964227527348969,0.9924454126676414,0.9827996485830574,64.59830144292228,99.99999999999999,91.99642775699925,0.07783955626672841,20.74463506854956,1.5949858615266586,0.8254556554434559,0.5,1.3850275822278775,0.0,0.0,0.0,0.0,0.0,1.0,0.0,1.0,0.0,0.0,0.0,0.14628339225960452,67,27,40,1,62.3,1
2025-05-08 00:45:00,2025-05-08 04:30:00,LONG,97765.7,99160.4,9.03,1,STOP_LOSS,0.9942768470455052,0.9926447468127403,0.9909652511672615,0.9828884614074205,65.83124308392829,42.494761838526514,27.845825123029044,0.1082950062651967,16.196368131104634,1.8746062926567741,1.006551503898842,0.5,2.3386333830347743,0.0,0.0,0.0,0.0,0.0,0.0,0.0,0.0,0.0,1.0,0.0,-0.1491271114112572,67,35,32,1,69.8,1
2025-05-08 12:30:00,2025-05-08 15:45:00,LONG,99297.7,100761.6,9.38,1,STOP_LOSS,1.0017676564629148,1.0013948156322114,0.9965137922686804,0.9793686090237714,47.81066613083367,2.104286483692714,2.670273413094721,-0.48444482236825226,34.94294637405572,0.6018127823153184,0.5747388675398052,0.5,1.9978132867754148,0.0,0.0,0.0,0.0,0.0,0.0,0.0,1.0,0.0,0.0,0.0,-0.09388123437006723,67,30,37,1,75.4,1
2025-05-08 20:30:00,2025-05-09 03:30:00,LONG,102117.2,102366.3,1.56,1,STOP_LOSS,0.9937011675449936,0.9901628931261341,0.9829466455951034,0.9616534121667126,73.4089453154832,66.0980658959501,45.3711382498079,0.024864426295418737,40.17557552666902,0.9782664067942703,0.3123702803412078,0.5,1.8395125687698657,0.0,0.0,0.0,0.0,0.0,1.0,0.0,1.0,0.0,1.0,0.0,-0.008253236969988437,67,23,44,1,81.5,1
2025-05-09 06:00:00,2025-05-09 08:30:00,LONG,102935.9,102765.7,-1.06,0,STOP_LOSS,0.998817555311391,0.9980040112899099,0.9934431381647627,0.9681490806222398,57.91311951059273,96.02767708125432,85.8196810393475,0.016885496603877788,23.215206179618313,1.2602461309522413,0.7824512894475174,0.5,1.759062541964846,0.0,0.0,0.0,0.0,0.0,0.0,0.0,1.0,0.0,0.0,0.0,0.004070267582721142,67,20,47,1,77.7,1
2025-05-09 11:15:00,2025-05-09 14:15:00,LONG,103042.9,102676.2,-2.28,0,STOP_LOSS,1.0007842985099056,1.0004138894013115,0.9974186789108297,0.9736358815747185,49.8841304145367,45.35406715649133,44.81406844482011,-0.02822254988137517,23.024384641814212,0.957367057783147,0.9307968212797613,0.5,1.5518675301462284,0.0,0.0,0.0,0.0,0.0,0.0,0.0,1.0,0.0,0.0,0.0,0.0035270722367522897,67,40,27,1,72.6,1
2025-05-09 18:00:00,2025-05-10 15:45:00,LONG,103113.3,103140.0,0.17,1,STOP_LOSS,0.998867212074736,0.9987795304074648,0.9981245001275753,0.9791204516132792,52.86364035933295,95.16701966344687,82.44402962103231,0.08942458550821653,14.90494788030235,1.1759602729610465,1.4643231997491353,0.5,0.501418940751704,0.0,0.0,0.0,0.0,0.0,0.0,0.0,1.0,0.0,0.0,0.0,-0.0602072806443368,67,17,50,1,73.0,1
2025-05-12 00:15:00,2025-05-12 01:30:00,LONG,104405.9,104007.4,-2.44,0,STOP_LOSS,0.9974301169823588,0.9973985416936161,0.9975915305951717,0.9923905744137825,57.48617662461209,94.07869653951008,81.69579118187266,0.12161562602656026,15.282149166563325,1.5446464952885668,1.0864354816804038,0.5,1.5576241858474276,0.0,0.0,0.0,0.0,0.0,1.0,0.0,0.0,0.0,0.0,0.0,-0.2385695175742289,67,28,39,1,62.8,1
2025-05-12 06:00:00,2025-05-12 07:30:00,LONG,103938.3,104729.5,4.86,1,STOP_LOSS,1.0001457892005838,1.000608077181547,1.0012872120234833,0.9977056637674975,46.83093302761197,62.11208127743093,47.43864496177896,0.0017832215407800286,7.188784944198396,2.38702898612346,2.4657398554927776,0.5,1.2097926190550767,0.0,0.0,0.0,0.0,0.0,0.0,0.0,1.0,0.0,0.0,0.0,-0.12549362214804333,67,35,32,1,64.6,1
2025-05-13 05:15:00,2025-05-13 16:15:00,LONG,102559.6,104148.1,9.91,1,STOP_LOSS,0.9982668195651204,0.9976967422676979,0.9995724992442294,1.006275520022898,54.30436714002268,91.94867708992487,96.46053851114807,0.27085617471168777,20.428930690711663,1.1680664631400943,0.9921610557743471,0.5,0.3078392957715662,0.0,0.0,0.0,0.0,0.0,0.0,0.0,0.0,1.0,0.0,0.0,-0.050459782867804726,66,39,27,1,51.3,1
2025-05-13 19:15:00,2025-05-13 23:15:00,LONG,104590.5,103983.8,-3.73,0,STOP_LOSS,0.9968675849888553,0.9945663282732953,0.9908101750329794,0.9880943657578196,63.34057374756914,63.07017406264127,54.516970867756285,0.09207659292840295,24.011739903911337,1.058731946586984,0.5615445082371768,0.5,1.4638354289263689,0.0,0.0,0.0,0.0,0.0,0.0,0.0,1.0,0.0,1.0,0.0,-0.19887550468798698,67,35,32,1,61.2,1
2025-05-14 04:30:00,2025-05-14 08:45:00,LONG,103801.0,103200.5,-3.71,0,STOP_LOSS,0.9988799642077791,0.9999256571466987,1.0004933958938231,0.9976126047051398,48.75089435098079,59.06930012010574,37.55165186387982,0.023276216254633726,31.53780978174921,0.4529519524666668,0.6356615630461531,0.5,1.2990133635734413,0.0,0.0,0.0,0.0,0.0,0.0,0.0,1.0,0.0,0.0,0.0,-0.1777394516801106,67,33,34,1,54.4,1
2025-05-14 10:45:00,2025-05-14 14:00:00,LONG,103710.0,103457.4,-1.56,0,STOP_LOSS,0.9991233452799989,0.9991034735752109,0.9999242678414518,0.9986532831416882,52.1753325347973,93.78515203880394,95.96324595844081,0.1888700227565917,23.876763374123815,0.8642819732508121,0.994573620344534,0.5,1.077416304722298,0.0,0.0,0.0,0.0,0.0,0.0,0.0,0.0,0.0,0.0,0.0,-0.20074367600536006,67,21,46,1,55.7,1
2025-05-14 20:45:00,2025-05-15 01:30:00,LONG,103554.6,103278.4,-1.71,0,STOP_LOSS,0.9988956709060954,0.9987279654883937,0.9995801696985903,0.9999918679671359,54.064366404811274,93.61090640248923,82.72622574799652,0.15274596299650497,21.29268386244525,0.9108667220892873,1.010202534919176,0.5,0.3752821612760568,0.0,0.0,0.0,0.0,1.0,1.0,0.0,0.0,1.0,0.0,0.0,-0.17538448732271342,58,37,21,1,52.7,1
2025-05-15 05:30:00,2025-05-15 08:45:00,SHORT,102490.1,102263.8,1.41,1,STOP_LOSS,1.0023544609966062,1.004470807525665,1.0069299014231858,1.0093666862142072,28.00490643620271,3.777880112847044,29.082824604696864,-0.17541860226076111,39.14325296975599,0.18521290207940785,0.7858145602754419,0.5,1.3330928103120794,0.0,0.0,0.0,0.0,0.0,0.0,1.0,0.0,1.0,0.0,0.0,-0.06917505048717733,36,59,23,0,42.0,-1
2025-05-15 11:00:00,2025-05-15 12:30:00,SHORT,102084.2,102784.8,-4.39,0,STOP_LOSS,0.9982717532070918,0.9999086734456444,1.0040414582653139,1.010630677574121,47.61444876537858,79.66018203745556,72.93160538145467,0.14120691174180405,35.52713999635874,0.5223348327466033,0.6911134425779768,0.5,1.2501094438078806,0.0,0.0,0.0,0.0,0.0,0.0,0.0,0.0,1.0,0.0,0.0,-0.1271394483360929,40,59,19,0,46.2,-1
2025-05-15 14:15:00,2025-05-15 15:30:00,SHORT,102032.8,102996.7,-6.03,0,STOP_LOSS,1.0023977504995836,1.0024011331413167,1.0040866910468955,1.010207772878056,43.255083792723894,20.45833181212099,37.62837195175734,-0.023352637065890466,26.32263825470557,0.5064989896164708,0.8702662803114903,0.5,1.509760185941482,0.0,0.0,0.0,0.0,0.0,0.0,1.0,0.0,1.0,0.0,0.0,-0.03699285715720236,35,59,24,0,51.7,-1
2025-05-15 17:15:00,2025-05-15 18:45:00,LONG,103954.7,102692.8,-7.73,0,STOP_LOSS,0.9943543671607405,0.9899811868132067,0.9878553163194798,0.9914659849738968,70.40308098843916,95.91488806086616,96.45679326305562,0.43015552423069575,28.365627838839895,1.1982195487584484,0.45867959985955997,0.5,1.501257345754379,0.0,0.0,0.0,0.0,0.0,0.0,0.0,0.0,0.0,1.0,0.0,0.12175453809887443,67,50,17,0,51.1,1
2025-05-15 22:15:00,2025-05-16 08:15:00,LONG,103676.6,103269.0,-2.49,0,STOP_LOSS,0.9973646265181547,0.9961608546137698,0.9939256586831154,0.9946056403655975,58.14214219050926,85.70187211861696,68.40282031297374,0.036316452054915696,16.58988856247031,1.5642440314871708,1.2143412998828573,0.5,1.527114363095587,0.0,0.0,0.0,0.0,0.0,0.0,0.0,0.0,0.0,0.0,0.0,0.06283419910189021,67,27,40,1,54.8,1
2025-05-16 13:30:00,2025-05-16 14:30:00,LONG,103733.6,103349.5,-2.34,0,STOP_LOSS,0.9989920580461651,0.9993598955912378,0.9994684199743941,0.9970367967006418,51.92060649952579,54.64317142609298,34.0454122113311,0.011585355713650922,10.879820442491177,1.8539578199109141,1.412621256071189,0.5,2.476399624520077,0.0,0.0,0.0,0.0,0.0,0.0,0.0,1.0,0.0,0.0,0.0,0.059577262082082506,67,20,47,1,57.1,1
2025-05-16 16:00:00,2025-05-16 21:15:00,LONG,104304.6,103573.9,-4.43,0,STOP_LOSS,0.9967206313455395,0.9954411300857389,0.9946986906187822,0.99199718886829,60.27155513773885,89.56461491276204,80.69512722180168,0.2341752200580549,17.122117369931047,1.7927187426926618,0.7009005929358121,0.5,2.029522339514735,0.0,0.0,0.0,0.0,1.0,1.0,0.0,1.0,0.0,0.0,0.0,-0.04110062146586034,67,24,43,1,55.6,1
2025-05-19 00:00:00,2025-05-19 00:45:00,LONG,106538.8,105257.1,-7.59,0,STOP_LOSS,0.9925750764383524,0.9875890850616541,0.9835745598199948,0.9759470592024154,71.0243499050301,95.23457242823949,92.72981355537856,0.47074287583327296,33.83614964971316,1.1961392401523516,0.375250425869962,0.5,1.6736576807453984,0.0,0.0,0.0,0.0,0.0,0.0,0.0,1.0,0.0,0.0,0.0,0.08611697443162052,67,17,50,1,49.4,1
2025-05-19 14:00:00,2025-05-19 17:00:00,LONG,103486.4,105076.2,9.65,1,STOP_LOSS,0.9948603889052654,0.9947553392897586,0.9979817197804398,1.0020806396466708,60.31780161743081,99.99999999999999,76.75375843477704,0.29967739692161227,30.80750399711964,0.9185947735184846,0.6938345435582595,0.5,2.5121490484500373,0.0,0.0,0.0,0.0,0.0,1.0,0.0,0.0,1.0,0.0,0.0,0.14691530662271263,67,27,40,1,54.9,1
2025-05-20 00:30:00,2025-05-20 03:30:00,LONG,105941.8,105720.6,-1.32,0,STOP_LOSS,0.9975223819358398,0.9955085524476815,0.9907493858325266,0.9837639934487105,60.969596534233084,69.1333507657553,67.69831280593836,0.0006947536174225147,35.14457154248055,0.9655691307868169,0.30560063589128006,0.5,1.4389059178935266,0.0,0.0,0.0,0.0,0.0,0.0,0.0,1.0,0.0,0.0,0.0,0.010607943419361976,67,28,39,1,58.7,1
2025-05-20 16:00:00,2025-05-20 18:45:00,LONG,105162.3,105290.0,0.77,1,STOP_LOSS,0.9982388425374461,0.9979052959926856,0.9993566175059345,0.9958802163646163,54.476142101345154,95.10133532931056,98.36711177643684,0.3177526879370665,25.111446165178204,0.9855715882078092,0.5789303598774531,0.5,0.689453291829167,0.0,0.0,0.0,0.0,0.0,0.0,0.0,0.0,1.0,0.0,0.0,-0.13051909900081587,67,29,38,1,63.3,1
2025-05-20 19:45:00,2025-05-21 07:15:00,LONG,107040.0,106956.5,-0.49,0,STOP_LOSS,0.992071715792109,0.9884351809271378,0.9856394882464091,0.9800115587642585,70.15946223366281,80.75944755092054,59.34544849833364,0.2540172052976432,29.622618134567755,1.27655535850511,0.4755723501230089,0.5,3.0641058639265593,0.0,0.0,0.0,0.0,0.0,1.0,0.0,0.0,0.0,0.0,0.0,-0.00025196994448458825,67,18,49,1,63.3,1
2025-05-21 13:30:00,2025-05-21 17:15:00,LONG,107130.1,106982.1,-0.87,0,STOP_LOSS,0.9954512177768422,0.9952401533366999,0.9953709771450995,0.9880193939296695,60.99542312809847,60.16803820953091,56.63504655109884,0.21106253864940008,16.937962252988896,1.9674545454932622,0.998351249903595,0.5,2.6719815746383513,0.0,0.0,0.0,0.0,0.0,0.0,0.0,1.0,0.0,0.0,0.0,-0.03918814829878579,67,22,45,1,69.7,1
2025-05-21 23:15:00,2025-05-22 08:45:00,LONG,109746.0,110400.1,3.76,1,STOP_LOSS,0.9920559747932829,0.9880050092195826,0.9834543927830904,0.9713850035087541,68.2166088064812,88.67912538778683,87.62122821136313,0.24293911562280474,23.817971923808244,1.70779006147143,0.4824538361392083,0.5,3.3886571951507607,0.0,0.0,0.0,0.0,1.0,0.0,0.0,1.0,0.0,0.0,0.0,0.10480348027500333,67,32,35,1,70.4,1
2025-05-22 12:15:00,2025-05-22 14:00:00,LONG,111280.8,110775.7,-2.87,0,STOP_LOSS,0.9963411060771097,0.9957223707490331,0.9923204984618408,0.9729530639869123,60.906334947334976,89.16418496845967,70.31182255016343,0.05831055655046138,19.19102859562212,1.3464633725918684,0.6644053172064067,0.5,1.9884409846799656,0.0,0.0,0.0,0.0,0.0,0.0,0.0,1.0,0.0,0.0,0.0,0.08359903403825049,67,14,53,1,71.5,1
2025-05-22 17:15:00,2025-05-22 21:15:00,LONG,111714.6,110809.9,-5.11,0,STOP_LOSS,0.9970363560250654,0.9957117789830868,0.9926736765795718,0.9740357304842039,59.91607922701593,72.0592343255889,63.43148912322984,0.06463012998911093,19.427553803517753,1.299083296561546,0.5322854730158739,0.5,1.3336942209011846,0.0,0.0,0.0,0.0,0.0,0.0,0.0,1.0,0.0,0.0,0.0,0.04731580680770721,67,14,53,1,70.8,1
2025-05-23 00:00:00,2025-05-23 04:00:00,LONG,111776.5,111024.8,-4.23,0,STOP_LOSS,0.9964785026981577,0.9956561589723555,0.9945081680124609,0.9788005263231345,63.1484166864148,99.99999999999999,99.99999999999999,0.25517905266569346,15.505711890641399,1.7279919356409545,0.9619293098672012,0.5,1.7623898392740232,0.0,0.0,0.0,1.0,0.0,1.0,0.0,1.0,0.0,0.0,0.0,-0.10921787061938562,72,21,51,1,67.6,1
2025-05-23 07:45:00,2025-05-23 11:30:00,LONG,110723.6,110393.8,-1.87,0,STOP_LOSS,1.00015804693274,1.001147361702932,1.0024630184865715,0.991947141159741,44.33381671544626,90.50386808772862,88.26198840735054,0.05591513160899333,22.5698229929935,0.6169483550329542,1.0814304567593471,0.5,1.6621513599075073,0.0,0.0,0.0,0.0,0.0,0.0,0.0,0.0,0.0,0.0,0.0,-0.15730122422621015,65,39,26,1,64.8,1
2025-05-26 00:45:00,2025-05-26 17:30:00,LONG,109542.8,109205.3,-1.93,0,STOP_LOSS,0.9945904721879677,0.9903804847529116,0.9861548666497556,0.9874702596445913,71.78760037737551,67.24006355013671,62.407367883308154,0.2287077478196862,31.11259667407809,1.079392010416203,0.4519650864532901,0.5,1.616144358009056,0.0,0.0,0.0,0.0,0.0,0.0,0.0,0.0,0.0,1.0,0.0,-0.1069337526019817,67,36,31,1,57.6,1
2025-05-27 00:00:00,2025-05-27 01:00:00,LONG,109500.0,108738.5,-4.36,0,STOP_LOSS,0.9989109030694613,0.9988371603560954,0.9991693502546108,0.9954241652694091,53.51067764140111,52.18035505784158,38.01440226366463,0.0806946954682513,10.877842004986999,2.0163260924877333,1.6895438684986681,0.5,1.013564727741349,0.0,0.0,0.0,0.0,0.0,1.0,0.0,1.0,0.0,0.0,0.0,-0.21694557051999908,67,15,52,1,51.0,1
2025-05-27 03:15:00,2025-05-27 14:15:00,LONG,108901.9,109533.8,3.63,1,STOP_LOSS,0.9981588422529779,0.9997358928983624,1.001980076519273,1.0005635999791547,48.99638440357755,59.224687918636775,42.42416195199322,0.014483083057389257,24.474325207353395,0.9924345910287561,1.2713273658511448,0.5,1.5547576441206108,0.0,0.0,0.0,0.0,1.0,0.0,0.0,0.0,0.0,0.0,0.0,-0.17092721872936345,67,38,29,1,51.0,1
2025-05-28 08:30:00,2025-05-28 09:15:00,LONG,109078.6,108598.3,-2.76,0,SENAL_BAJISTA,0.9982743635508812,0.9981266293623029,0.9993014607416287,1.0007538554107331,55.79880326450551,74.89154652291693,66.10679214144528,0.12801397889448402,19.09331112783536,0.8645756527032993,0.8961080756491917,0.5,2.7028010275879613,0.0,0.0,0.0,0.0,0.0,0.0,0.0,0.0,1.0,0.0,0.0,-0.18171239247332466,67,36,31,1,49.1,1
2025-05-28 13:30:00,2025-05-28 17:00:00,SHORT,108509.3,107663.1,4.87,1,STOP_LOSS,1.0024633158190268,1.0027339308092862,1.0034885787433565,1.0053898934137897,38.84722575580152,24.34617929270498,47.02945097133501,-0.07032898239835422,23.37300268902354,0.516666007871912,1.2269307994187848,0.5,2.92499437369827,0.0,0.0,0.0,0.0,0.0,0.0,1.0,0.0,1.0,0.0,0.0,-0.15302120290333596,32,59,27,0,38.3,-1
2025-05-28 20:00:00,2025-05-28 23:00:00,SHORT,107035.5,107880.4,-4.95,0,STOP_LOSS,1.0025629352841121,1.0046014289909868,1.008660504689737,1.0157839452168556,37.947025204596244,24.115680313723757,43.90523735369814,-0.053524824884342674,39.6891192935973,0.23275317096712878,0.7711673117134208,0.5,1.3316170990356961,0.0,0.0,0.0,0.0,0.0,0.0,0.0,0.0,1.0,0.0,0.0,-0.17054373883875223,37,59,22,0,44.2,-1
2025-05-29 02:45:00,2025-05-29 03:45:00,LONG,108440.8,108049.6,-2.25,0,SENAL_BAJISTA,0.9969189624061341,0.9951949581090749,0.9948138430430765,1.0005190659580412,62.50678466584698,70.1874183196992,60.797587374775816,0.15693970317876432,21.062712503598554,1.3359758400426123,0.6155053355919142,0.5,1.7824780054021867,0.0,0.0,0.0,0.0,0.0,1.0,0.0,0.0,1.0,1.0,0.0,-0.17124146189158862,67,44,23,0,46.2,1
2025-05-29 07:00:00,2025-05-29 11:15:00,LONG,107996.8,108774.9,4.5,1,STOP_LOSS,0.99871542676801,0.9986300702586361,0.9987089129141425,1.003685592246861,54.87509696298944,90.12492886462915,79.2730449040391,0.04297420320498021,21.067095947590282,0.9180771345985905,1.1518684122570269,0.5,0.7416337618070072,0.0,0.0,0.0,1.0,0.0,0.0,0.0,0.0,1.0,0.0,0.0,-0.11267591467814787,65,44,21,0,45.1,1
2025-05-29 16:00:00,2025-05-30 01:15:00,SHORT,106920.0,105743.7,6.89,1,STOP_LOSS,1.003906190636931,1.0072555306173026,1.0093174629942083,1.0128461479996929,29.762918818479232,28.473531480850745,33.011474774105004,-0.28478832583407565,34.76272152705804,0.3498731969589057,1.1376991855385947,0.5,1.3015725748760356,0.0,0.0,0.0,0.0,0.0,0.0,1.0,0.0,0.0,0.0,0.0,-0.08292209807070901,33,59,26,0,35.6,-1
2025-05-30 06:45:00,2025-05-30 09:45:00,SHORT,105726.8,105650.5,0.45,1,STOP_LOSS,1.0022936475716044,1.0025948923452956,1.0043531119322435,1.0147954378300235,40.773032993565366,0.0,7.250866969042466,-0.10692867195368935,22.382705141064896,0.6836020646452424,1.4680373529657504,0.5,2.0931490910318655,0.0,0.0,0.0,0.0,0.0,0.0,1.0,0.0,1.0,0.0,0.0,-0.011991042647454837,32,61,29,0,34.2,-1
2025-05-30 14:00:00,2025-05-30 18:00:00,SHORT,105590.0,104300.0,7.68,1,STOP_LOSS,1.0006893357136706,1.0006246091252875,1.001697195557126,1.0119281205713464,48.47263865835503,42.631388835670236,46.60076807675296,-0.0037696266728167874,19.640177629105015,0.9541708644880961,1.0401300735608408,0.5,1.5038231385080638,0.0,0.0,0.0,0.0,1.0,0.0,0.0,0.0,0.0,0.0,0.0,-0.15179131397120024,33,61,28,0,38.7,-1
2025-05-30 22:30:00,2025-05-31 12:45:00,SHORT,104002.5,104037.5,-0.21,0,STOP_LOSS,1.0047725089977224,1.0059788684223454,1.0090058855398465,1.0214502997117954,33.96994045916324,24.93456845243581,41.991658724555535,-0.03290623865430571,21.30536264798411,0.7172716426623522,1.4279127643202822,0.5,1.3495561622630583,0.0,0.0,0.0,0.0,0.0,0.0,0.0,0.0,1.0,0.0,0.0,-0.12135528492607021,33,61,28,0,32.4,-1
2025-06-02 13:45:00,2025-06-02 18:15:00,SHORT,103818.6,104603.0,-4.77,0,STOP_LOSS,1.0027910644904507,1.0050441186197063,1.0080449563619358,1.009456062973576,32.4821708109681,62.067312355620544,70.85465616487937,-0.03180090729069733,32.79121174064847,0.5012923943791706,0.8417781873954552,0.5,2.4325308640701415,0.0,0.0,0.0,0.0,0.0,0.0,0.0,0.0,0.0,0.0,1.0,-0.065813896784451,36,61,25,0,43.8,-1
2025-06-03 12:00:00,2025-06-03 14:00:00,LONG,105372.2,105205.4,-1.0,0,STOP_LOSS,0.9990791711318818,0.9989634231321136,0.9990464486192785,0.9968132873584323,54.70490544104542,88.01453336581613,83.64934362353685,0.22867492660221578,16.108419677544678,1.5222807254785877,1.5373290557427377,0.5,1.2189261947507941,0.0,0.0,0.0,0.0,0.0,0.0,0.0,1.0,0.0,0.0,0.0,-0.1190815518261751,60,23,37,1,58.1,1
2025-06-03 15:15:00,2025-06-03 16:45:00,LONG,106712.2,105824.4,-5.23,0,STOP_LOSS,0.9942016773556833,0.9908320044398679,0.9886099442420299,0.9851386086589963,74.71166186106642,96.25135904857761,97.48292576931252,0.5302318150761658,21.294239353973985,1.5275033993445035,0.557970219574294,0.5,1.9249895470460292,0.0,0.0,0.0,0.0,0.0,0.0,0.0,1.0,0.0,1.0,0.0,0.009969475604816187,64,29,35,1,58.1,1
2025-06-04 09:30:00,2025-06-04 11:15:00,LONG,105656.9,105439.3,-1.29,0,STOP_LOSS,0.9980393556961177,0.9978761520683049,0.9984757142178056,0.9973328972989408,61.14040521838158,69.11760600361603,62.10055369357789,0.22916820488626963,14.143798731110227,2.1546578770456484,1.144607275828118,0.5,1.633096000994046,0.0,0.0,0.0,0.0,0.0,0.0,0.0,0.0,0.0,0.0,0.0,0.13929009134269615,64,18,46,1,47.6,1
2025-06-04 20:15:00,2025-06-05 02:30:00,SHORT,104688.7,105152.0,-2.77,0,STOP_LOSS,1.0021125143216705,1.0031782845617994,1.0044815141402104,1.0057568554011862,37.14406798918726,4.641015780775675,14.67033593224165,-0.18143123620853827,16.67840087945096,0.8801724809523747,2.1113207917241397,0.5,1.2963466108606345,0.0,0.0,0.0,1.0,0.0,0.0,1.0,0.0,0.0,0.0,0.0,0.14920281369200036,44,61,17,0,44.6,-1
2025-06-05 05:45:00,2025-06-05 09:30:00,SHORT,104645.1,104808.7,-0.98,0,STOP_LOSS,1.0025974712981487,1.0028701070814232,1.0031394430462737,1.0049912510271979,37.80653167881361,0.0,23.918852462171206,-0.23122578586262885,17.92885834801292,1.0740792102889598,1.899013163882666,0.5,2.2562540849114843,0.0,0.0,0.0,0.0,0.0,0.0,1.0,0.0,0.0,0.0,0.0,0.07284961144038997,22,61,39,0,43.8,-1
2025-06-05 14:15:00,2025-06-05 18:15:00,SHORT,104277.9,103280.4,5.98,1,STOP_LOSS,1.005670738183962,1.0061998155981653,1.0059438881725522,1.007577102183484,35.93338708474484,0.2139976675440074,20.419168091321215,-0.33845641726814024,27.470798330625446,0.7524500756124984,1.6014894634116656,0.5,2.6823624003712587,0.0,0.0,0.0,0.0,0.0,0.0,0.0,0.0,0.0,0.0,0.0,0.2752683428936252,32,61,29,0,44.3,-1
2025-06-05 19:15:00,2025-06-05 21:15:00,SHORT,102207.4,100999.1,7.42,1,STOP_LOSS,1.0072917372293044,1.0129135852154667,1.0187796307359036,1.0254267418817269,28.040350470536854,31.60260089682398,36.823008964822506,-0.2595104725652974,39.482271237160134,0.19430129894456094,1.1554109172467424,0.5,3.176685927895236,0.0,0.0,0.0,0.0,0.0,0.0,0.0,0.0,0.0,0.0,0.0,0.05693427587767571,30,61,31,0,30.2,-1
2025-06-06 12:30:00,2025-06-06 13:30:00,SHORT,103709.4,104366.8,-3.99,0,STOP_LOSS,1.0008612931393137,0.9989967517239416,0.9953798069235067,1.0004330957572816,58.993643064321944,34.67404901790784,65.93065808343239,-0.1550471236130672,45.217049091716675,0.790447912614499,0.2569412669635264,0.5,4.468578471532644,0.0,0.0,0.0,0.0,0.0,0.0,0.0,0.0,0.0,0.0,0.0,0.20506048312585376,43,60,17,0,53.8,-1
2025-06-09 08:30:00,2025-06-09 13:15:00,LONG,105724.6,107500.8,10.56,1,STOP_LOSS,0.998710087885441,0.9986255448315472,0.9993905808258791,0.9976018579570238,57.33444033013476,78.07392724982206,70.45545544052241,0.23152695745163573,18.2200488904542,1.3913436233506387,1.1856485469131874,0.5,1.8522614883338475,0.0,0.0,0.0,0.0,0.0,0.0,0.0,1.0,0.0,0.0,0.0,-0.12617465073473705,64,19,45,1,68.2,1
2025-06-09 19:15:00,2025-06-09 21:30:00,LONG,108674.5,109900.8,7.14,1,STOP_LOSS,0.9975328686939033,0.9948243732644763,0.9891530700350234,0.9776974426609355,69.97640526108246,96.52145563444523,91.44340554436697,0.027284474181822806,32.42969556722008,0.7704508905571263,0.3377531466730123,0.5,1.636834041832376,0.0,0.0,0.0,0.0,0.0,1.0,0.0,1.0,0.0,1.0,0.0,-0.10030679785760932,64,31,33,1,71.2,1
2025-06-10 02:00:00,2025-06-10 13:30:00,LONG,109614.6,109026.3,-3.41,0,STOP_LOSS,1.0021485103863392,1.000992806737371,0.9944305206993245,0.9767693429194896,50.69152576943027,3.8684610243517983,5.537164213626503,-0.4034911965953991,35.217373023052964,0.493025231806765,0.5929634655009232,0.5,1.2783514113357497,0.0,0.0,0.0,0.0,0.0,0.0,0.0,1.0,0.0,0.0,0.0,-0.12313257180311908,67,34,33,1,70.7,1
2025-06-10 19:15:00,2025-06-11 05:00:00,LONG,110017.7,109486.8,-3.06,0,STOP_LOSS,0.9931185897115758,0.9919721914744483,0.9922705132891249,0.9831083498911021,68.63591682155412,99.99999999999999,99.06672903305915,0.369507646535441,22.51059517932834,1.5406960342034919,0.8208652681682875,0.5,1.4891211923528709,0.0,0.0,0.0,0.0,0.0,1.0,0.0,0.0,1.0,1.0,0.0,-0.050672348624665006,67,38,29,1,66.6,1
2025-06-11 07:00:00,2025-06-11 09:45:00,LONG,109677.7,109258.4,-2.42,0,STOP_LOSS,0.9989865556620836,0.9993303316523291,0.9992201620427013,0.991448810892942,52.55092253714228,61.996085556482875,35.762412694346956,0.0020396775420630704,7.498620196816681,3.2278342097479538,2.2323186452947787,0.5,1.452619901403573,0.0,0.0,0.0,0.0,0.0,1.0,0.0,1.0,0.0,0.0,0.0,0.05658166795856457,67,18,49,1,62.5,1
2025-06-11 12:00:00,2025-06-11 14:30:00,LONG,109379.2,110043.9,3.84,1,STOP_LOSS,0.9994376695961538,1.0000633300089303,1.0008466531433804,0.9952314577382645,47.85229311621938,38.182122114701414,23.98428701738845,0.0034650071112284605,8.985783386389581,2.676716377314315,1.9660297165250165,0.5,3.750428929053755,0.0,0.0,0.0,0.0,0.0,0.0,0.0,0.0,0.0,0.0,0.0,0.04661052052922281,67,28,39,1,63.6,1
2025-06-12 12:45:00,2025-06-12 14:00:00,SHORT,106994.2,107478.7,-2.87,0,STOP_LOSS,1.0013371554231374,1.003111238367892,1.006861722018015,1.0136679005729694,38.32099888564462,62.79162191325504,41.18615785471554,-0.004921759656542596,43.6422186738538,0.3645205490816913,0.4834392840531701,0.5,1.2998540883835865,0.0,0.0,0.0,0.0,0.0,0.0,0.0,0.0,1.0,0.0,0.0,-0.12686148812521922,35,59,24,0,43.9,-1
2025-06-12 19:45:00,2025-06-13 01:45:00,SHORT,106793.2,103766.4,17.92,1,STOP_LOSS,1.007048494462168,1.007567327330563,1.0079427485139938,1.0135410261391684,35.11244831216562,8.972505269147446,21.28645446610942,-0.24683580937737312,19.06692158808549,0.9201438259796432,1.9768308004505277,0.5,2.1804054192128555,0.0,0.0,0.0,0.0,0.0,0.0,0.0,0.0,1.0,0.0,0.0,-0.08007884233592873,32,59,27,0,42.4,-1
2025-06-13 13:30:00,2025-06-13 14:15:00,LONG,105234.0,104148.7,-6.58,0,STOP_LOSS,0.9974094860447748,0.9965037181337405,0.9969362208511088,1.0116606061078737,60.31606057904136,38.56395007199081,21.46862776285293,0.02054111980912758,12.0767602741056,2.053040723025813,1.3296100697445965,0.5,2.613016022029413,0.0,0.0,0.0,0.0,0.0,0.0,0.0,0.0,0.0,0.0,0.0,0.055644029825804735,63,36,27,0,39.6,1
2025-06-13 15:15:00,2025-06-13 18:30:00,LONG,105635.5,104809.4,-4.97,0,STOP_LOSS,0.9944099736925656,0.993148564836242,0.9931540485628598,1.0068104935014865,62.389565246594955,89.69387527999282,66.8238024345293,0.1440774949186249,14.332369124994727,2.1376163728171664,0.9771967224070117,0.5,1.9438677811881002,0.0,0.0,0.0,0.0,0.0,1.0,0.0,0.0,0.0,1.0,0.0,0.08084799654911909,61,41,20,0,39.6,1
2025-06-16 12:30:00,2025-06-16 22:30:00,LONG,106764.0,107480.1,4.25,1,STOP_LOSS,1.0005341316465812,1.000458424287156,0.9975098011989897,0.9912550693958788,50.20926223868824,7.5199026512994225,14.11907537800369,-0.3693306548330849,31.63376608987139,0.7101217199597394,0.8236479533073037,0.5,1.2419008418521627,0.0,0.0,0.0,0.0,0.0,0.0,0.0,1.0,0.0,0.0,0.0,0.015570422573738587,61,18,43,1,61.2,1
2025-06-17 04:00:00,2025-06-17 07:00:00,LONG,107657.4,106725.6,-5.5,0,STOP_LOSS,0.9977642304702892,0.9976768668782066,0.9982809608712412,0.9908301729867098,53.990622759249725,97.71419030356671,95.67115755689102,0.2684233301941775,24.110817208861725,0.8904746295861503,0.7575280248207925,0.5,0.4733704794521871,0.0,0.0,0.0,0.0,0.0,1.0,0.0,1.0,0.0,0.0,0.0,-0.034402978572255306,67,29,38,1,51.9,1
2025-06-17 15:15:00,2025-06-17 18:45:00,SHORT,104301.6,104416.8,-0.7,0,STOP_LOSS,1.006909430025164,1.010969720267068,1.0170450149339416,1.0206796320306588,22.99848442196606,7.627289487460885,22.972948492624464,-0.20700988246183338,60.06302512558056,0.054590443870092195,0.5524521328120293,0.5,1.3996357763001828,0.0,0.0,0.0,0.0,0.0,0.0,1.0,0.0,1.0,0.0,1.0,-0.03608917938086475,41,59,18,0,39.3,-1
2025-06-18 10:15:00,2025-06-18 11:45:00,SHORT,104504.2,104837.2,-2.02,0,STOP_LOSS,1.002583176477541,1.0038935136544715,1.0043925864341976,1.0101694012017823,35.619411932229546,1.9872614880893658,3.4588006074816633,-0.30171618648381804,22.70488886717532,0.7444819134974194,1.2860093627712754,0.5,1.485632896108694,0.0,0.0,0.0,0.0,0.0,0.0,0.0,0.0,0.0,0.0,0.0,-0.030391108089053227,31,60,29,0,43.6,-1
2025-06-18 13:00:00,2025-06-18 14:00:00,SHORT,104061.9,105037.5,-5.93,0,STOP_LOSS,1.0042674148648556,1.0056648681413447,1.0071362760061584,1.0134136636060183,33.014982748246815,41.723054635403564,62.08034623033696,-0.11105761812410721,23.261266951646807,0.6387349875707751,1.475304034460299,0.5,1.6951850847322119,0.0,0.0,0.0,0.0,0.0,0.0,0.0,0.0,0.0,0.0,1.0,-0.016883797312632655,36,62,26,0,43.4,-1
2025-06-18 16:30:00,2025-06-18 20:30:00,SHORT,104564.6,104699.9,-0.82,0,STOP_LOSS,1.0006759098349371,1.0008655399717874,1.0016701523294682,1.0075276966447904,47.91564328120129,55.60399660514219,62.05964662302411,-0.00018587440107921928,17.853919254552633,0.9972551645057737,1.5176221537926256,0.5,0.5197524698475656,0.0,0.0,0.0,0.0,0.0,0.0,0.0,1.0,0.0,0.0,0.0,0.1373059279962945,35,59,24,0,38.1,-1
2025-06-19 11:45:00,2025-06-19 14:15:00,SHORT,104766.5,104604.0,0.98,1,STOP_LOSS,1.0007926440817259,1.0008864198341756,1.0005374456892873,1.0024950522794838,45.587272478632855,1.656357766771254,15.650414441587047,-0.12401733308752944,14.790366991523594,1.2898286223541664,1.4550886924047755,0.5,0.541599271997307,0.0,0.0,0.0,0.0,0.0,0.0,1.0,0.0,0.0,0.0,0.0,-0.2323051282944355,35,61,26,0,45.5,-1
2025-06-19 15:45:00,2025-06-19 17:30:00,SHORT,104101.8,104722.1,-3.76,0,STOP_LOSS,1.0021805037623697,1.0038895745069076,1.0052859125659561,1.008135331217572,36.60819820415306,34.04374562931587,36.79041329871435,-0.22753304943536795,24.888309471342374,0.5136467447584666,1.1581763886205219,0.5,1.8639169747634419,0.0,0.0,0.0,0.0,0.0,0.0,1.0,0.0,0.0,0.0,1.0,-0.3827826682703486,37,61,24,0,41.6,-1
2025-06-20 04:30:00,2025-06-20 06:00:00,SHORT,104349.4,104669.0,-1.93,0,STOP_LOSS,1.0018388373279574,1.0020809221831042,1.0019376484366846,1.0040076554118273,40.85273943661192,11.79095262424964,25.843792606318072,-0.21401628720354524,14.517858533647606,1.1981894899725478,1.8872983699154147,0.5,1.7439506777683644,0.0,0.0,0.0,0.0,0.0,0.0,1.0,0.0,1.0,0.0,0.0,-0.16627347588435967,28,62,34,0,54.4,-1
2025-06-20 14:15:00,2025-06-20 15:30:00,SHORT,105300.0,104577.8,4.31,1,STOP_LOSS,1.0040136234519055,1.004356170242925,1.0015681739276603,0.9974941837011825,35.088202018041216,0.0,4.756522224917052,-0.4294485962858768,29.211946613944296,0.5207471105989555,1.0322259844704555,0.5,2.6039153447082524,0.0,0.0,0.0,0.0,0.0,0.0,1.0,1.0,0.0,0.0,0.0,0.09805837488380459,38,62,24,0,43.8,-1
2025-06-20 17:15:00,2025-06-21 08:45:00,SHORT,102945.1,103815.2,-5.33,0,STOP_LOSS,1.0087651804445004,1.0149337269014593,1.0189231775582972,1.0191817411378425,19.61845304455055,19.702649393076307,22.107737769743814,-0.4471313454179236,45.73078285782605,0.14748918409310352,0.9482895275099285,0.5,2.6721531763911845,0.0,0.0,0.0,0.0,0.0,0.0,1.0,0.0,0.0,0.0,0.0,0.11224100768888927,31,62,31,0,39.2,-1
2025-06-23 10:00:00,2025-06-23 12:45:00,SHORT,101502.0,101676.3,-1.08,0,STOP_LOSS,1.0013884755515006,1.0011101081442029,0.9980395388713198,1.0029256892464538,48.531804482472076,6.112133849771636,3.640877188955173,-0.38785683339548355,30.806935412680765,0.5651567682587652,0.7416893406946193,0.5,1.2899242711628525,0.0,0.0,0.0,1.0,0.0,0.0,0.0,0.0,0.0,0.0,0.0,0.1063158271551143,43,59,16,0,42.2,-1
2025-06-24 06:45:00,2025-06-24 07:45:00,LONG,105664.1,104950.6,-4.24,0,STOP_LOSS,0.997486623885846,0.9953142981335443,0.9891883096312355,0.9741566427506635,66.95215415210164,97.08015885154359,99.02671961718119,0.1205960620826341,33.30041439416147,0.8416632813919801,0.27080994388350443,0.5,1.344523825446822,0.0,0.0,0.0,0.0,0.0,0.0,0.0,1.0,0.0,0.0,0.0,0.03004032824590028,67,23,44,1,59.0,1
2025-06-24 14:15:00,2025-06-24 18:45:00,LONG,105380.6,105520.7,0.83,1,STOP_LOSS,0.9982946607308935,0.9981889709952002,0.9962874133718528,0.9823332185728895,57.846505216299406,55.47782863893349,27.22197160463638,0.009264287418739378,12.726312820466678,1.4525735621780205,0.9215976135201214,0.5,1.775008738107218,0.0,0.0,0.0,0.0,0.0,1.0,0.0,0.0,0.0,0.0,0.0,0.0522286529720651,67,20,47,1,60.2,1
2025-06-24 21:00:00,2025-06-25 04:30:00,LONG,105836.8,106058.0,1.31,1,STOP_LOSS,0.9993655373299994,0.9985140806684584,0.9963932709257435,0.9829274200371863,54.58691297989951,74.06636497419512,65.98969682569776,0.04207917243155429,13.471554763442487,1.567626962480683,1.505612665519381,0.5,1.2150384182613225,0.0,0.0,0.0,0.0,0.0,0.0,0.0,1.0,0.0,0.0,0.0,-0.044108998915191475,67,26,41,1,63.9,1
2025-06-25 07:00:00,2025-06-25 15:15:00,LONG,106383.8,107061.1,3.99,1,STOP_LOSS,0.9994626351488601,0.999066907659872,0.9973626875195127,0.9847065564280008,54.77391042696624,88.60008221366175,80.96041521378199,0.007413351275927747,9.578755268585574,2.186689439790111,2.026895493736545,0.5,0.7737933317918358,0.0,0.0,0.0,0.0,0.0,0.0,0.0,1.0,0.0,0.0,0.0,-0.09505094810076388,67,26,41,1,66.1,1
2025-06-25 19:15:00,2025-06-26 09:00:00,LONG,107849.3,107303.2,-3.18,0,STOP_LOSS,0.9968696626704538,0.9957908679058435,0.9933732015043725,0.9801237563820502,62.59781306114777,95.63188676677686,91.82340797283837,0.11055448284063951,15.24529107628605,1.6805454867356908,1.5519711027376408,0.5,2.680082716485915,0.0,0.0,0.0,0.0,0.0,0.0,0.0,1.0,0.0,0.0,0.0,-0.12175462771889671,67,23,44,1,70.1,1
2025-06-26 14:15:00,2025-06-26 15:15:00,LONG,107237.9,106922.3,-1.85,0,STOP_LOSS,0.9991872126140051,1.0002353615762711,1.001520077185595,0.994651668756984,47.53647972811111,58.19214732146014,57.337549322970915,0.013248794369277967,21.894570984311294,0.71269708898373,0.822405509425109,0.5,1.4572267459184856,0.0,0.0,0.0,0.0,0.0,0.0,0.0,1.0,0.0,0.0,0.0,-0.12124697519450868,67,35,32,1,63.4,1
2025-06-26 19:15:00,2025-06-26 21:15:00,LONG,107449.5,107241.0,-1.22,0,STOP_LOSS,0.9990829625503069,0.9986739074952359,0.9990134356454863,0.9937456320663155,54.40116237607749,61.003759628035326,61.511517912854316,0.11655342711107669,12.622050637663248,1.870653758249064,1.3718262432941783,0.5,0.42019128145557444,0.0,0.0,0.0,0.0,0.0,0.0,0.0,0.0,1.0,0.0,0.0,-0.15017460844228947,67,22,45,1,64.6,1
2025-06-27 02:30:00,2025-06-27 07:30:00,LONG,107259.9,106967.1,-1.71,0,STOP_LOSS,0.9987008142970062,0.9986201265648169,0.9994056360559739,0.9964050615275364,54.519376121800036,99.6616503759991,99.7744335839994,0.2062488821051118,12.748024293676266,1.551634032442974,1.7171176801437198,0.5,0.4983883726472543,0.0,0.0,0.0,0.0,0.0,0.0,0.0,0.0,1.0,0.0,0.0,-0.09535365539603638,67,43,24,1,62.3,1
2025-06-27 15:45:00,2025-06-27 17:30:00,LONG,107313.9,106770.1,-3.17,0,STOP_LOSS,0.9960966742100493,0.995899211008785,0.9968353689667849,0.9964793962159925,63.125439149053896,87.78371040383523,59.99352364728452,0.22817906743655295,13.470115442514361,2.2152467054085854,1.1745185273141585,0.5,1.251250668342918,0.0,0.0,0.0,0.0,0.0,1.0,0.0,0.0,1.0,0.0,0.0,-0.013179324372370516,67,38,29,1,59.7,1
2025-06-30 00:15:00,2025-06-30 05:30:00,LONG,108658.4,108234.4,-2.44,0,STOP_LOSS,0.9964428226270838,0.9939527351232744,0.9923361136917785,0.9894058665222908,74.70330309724234,95.98846156692154,93.66893629146966,0.4834671283276031,32.583915561621346,0.9774190849695653,0.364157008673184,0.5,2.7766453884430393,0.0,0.0,0.0,0.0,0.0,1.0,0.0,1.0,0.0,1.0,0.0,-0.15370017589699134,67,29,38,1,62.7,1
2025-06-30 19:45:00,2025-06-30 21:15:00,LONG,107737.5,107352.9,-2.23,0,SENAL_BAJISTA,0.9976992344383565,0.9975991059568734,0.9984919001812239,0.9990214946587799,57.044298279601335,70.62141309077205,50.470795565796976,0.11431057073137271,13.047168312727978,2.208001720567081,1.4304856446479421,0.5,1.4338166207025695,0.0,0.0,0.0,0.0,0.0,0.0,0.0,0.0,1.0,0.0,0.0,0.07351150344331936,67,31,36,1,54.6,1
2025-07-01 07:15:00,2025-07-01 08:00:00,LONG,106896.1,106894.0,-0.01,0,SENAL_BAJISTA,0.9999131319595064,1.0007703753258836,1.0024110106598987,1.0052108807389049,43.45275197525042,80.69339941415822,68.2290169824776,0.037434093590783424,23.41174319994215,0.7455111491436925,1.3954412471988171,0.5,2.5915172032149276,0.0,0.0,0.0,1.0,0.0,0.0,0.0,0.0,1.0,0.0,0.0,0.020300416118144753,64,47,17,1,49.0,1
2025-07-01 19:00:00,2025-07-01 21:15:00,SHORT,105650.3,105986.4,-1.98,0,STOP_LOSS,1.0026261463141897,1.0041664593713067,1.0067930745696414,1.0130954960026468,34.423298300161704,2.83493147295679,20.084295904480314,-0.12128764945425347,18.709728257066303,0.6585677302427372,1.6498837898589735,0.5,1.5961055583143446,0.0,0.0,0.0,1.0,0.0,0.0,0.0,0.0,1.0,0.0,0.0,-0.017778538057004842,45,61,16,0,34.1,-1
2025-07-02 00:45:00,2025-07-02 02:45:00,SHORT,105382.2,105902.0,-3.07,0,STOP_LOSS,1.0019249933957435,1.0028435205344963,1.0052631626766486,1.0129938742837026,38.055558312640656,44.53872390109709,58.89469514057307,-0.006932455899901396,14.907278482509627,1.2620003881713304,1.8697582779045923,0.5,1.2286160836659232,0.0,0.0,0.0,0.0,0.0,0.0,1.0,0.0,1.0,0.0,0.0,0.03034149757232817,22,61,39,0,43.5,-1
2025-07-02 08:30:00,2025-07-02 12:15:00,LONG,107671.4,107328.6,-1.98,0,STOP_LOSS,0.9958221547156199,0.9921155404889354,0.9884907891485868,0.9907775759326263,83.79150683937938,99.99999999999999,89.87725765970423,0.4148630796510241,44.820217497553365,1.0156529107431844,0.147705724502995,0.5,1.6780055262035616,0.0,0.0,0.0,0.0,0.0,1.0,0.0,0.0,0.0,1.0,0.0,0.09667755600008326,64,41,23,0,55.1,1
2025-07-02 15:45:00,2025-07-02 23:15:00,LONG,108758.0,108961.7,1.16,1,STOP_LOSS,0.995099056239634,0.9921787050407663,0.987607310312284,0.9834683904510825,75.3006697602005,94.8688310685629,94.60186835492321,0.2729198305949631,40.46255666971858,0.7655706167416217,0.20128546469365377,0.5,1.659226322162758,0.0,0.0,0.0,0.0,0.0,0.0,0.0,1.0,0.0,1.0,0.0,0.05673461243740084,64,31,33,1,63.5,1
2025-07-03 04:15:00,2025-07-03 10:15:00,LONG,108930.4,109735.5,4.59,1,STOP_LOSS,0.9987484987446399,0.9993584056681912,0.9986145353781487,0.9896152103979629,51.782710103139316,68.72321688833918,56.536250203726134,0.026727548576622004,15.851898971222157,1.3536612986218879,1.4535025883488373,0.5,1.5714646113016901,0.0,0.0,0.0,0.0,0.0,0.0,0.0,1.0,0.0,0.0,0.0,-0.05419092251595478,64,22,42,1,62.5,1
2025-07-03 13:45:00,2025-07-03 15:00:00,LONG,110263.6,109467.8,-4.5,0,STOP_LOSS,0.9947142047824985,0.9939231526251902,0.9920769155031618,0.9825615689984796,64.38323383013685,79.24357529199699,56.5842887700837,0.08320625484062567,26.280384001067503,1.346709293521681,0.7077197518150786,0.5,2.5543406431069724,0.0,0.0,0.0,0.0,0.0,0.0,0.0,1.0,0.0,0.0,0.0,-0.08826808299706064,67,11,56,1,59.9,1
2025-07-03 18:30:00,2025-07-04 02:30:00,LONG,109602.5,109124.2,-2.71,0,STOP_LOSS,0.999217740856421,0.9991677788176544,0.9986018541844929,0.9903350963720956,52.46970992348441,91.4826581207016,82.74775877148232,0.05866543189856745,13.964913700647028,1.2423927898668565,1.336764594543127,0.5,0.5392418509588978,0.0,0.0,0.0,0.0,0.0,0.0,0.0,1.0,0.0,0.0,0.0,-0.12445600556214091,67,29,38,1,63.6,1
2025-07-04 21:45:00,2025-07-05 02:15:00,LONG,107924.7,107813.3,-0.64,0,STOP_LOSS,0.9986185790380193,0.9985626275681883,1.001215174012946,1.0057894018818503,54.438085242689034,99.99999999999999,96.8683811444802,0.40780232912388437,31.296619275792416,0.6591523340854987,0.6358376887386568,0.5,0.4945943041353585,0.0,0.0,0.0,0.0,0.0,1.0,0.0,0.0,1.0,0.0,0.0,-0.017220863323292156,63,35,28,1,48.9,1
2025-07-07 00:30:00,2025-07-07 05:15:00,LONG,108849.5,109117.5,1.53,1,STOP_LOSS,1.002312841860508,1.0018059814990068,0.999774703207199,0.9963059058272754,45.62601998515725,13.240796821460544,22.409329141951105,-0.20682304291128606,23.284455191174654,0.9501728807768267,1.044342685517324,0.5,1.243945644982726,0.0,0.0,0.0,0.0,0.0,0.0,0.0,1.0,0.0,0.0,0.0,0.07817909317984635,65,24,41,1,61.8,1
2025-07-08 01:45:00,2025-07-08 05:15:00,SHORT,107692.1,108099.9,-2.35,0,STOP_LOSS,1.003339275501247,1.0037796441358635,1.0046722801103236,1.0068513418755465,36.65179151509199,0.0,8.45705895364165,-0.21149378660049406,15.186154183830448,1.140147635530834,1.965597318368301,0.5,1.2205033597067665,0.0,0.0,0.0,0.0,0.0,0.0,1.0,0.0,1.0,0.0,0.0,-0.16880796332444972,35,59,24,0,44.8,-1
2025-07-08 07:15:00,2025-07-08 10:45:00,LONG,108351.0,108834.3,2.76,1,STOP_LOSS,0.9987798172870567,0.99788159603185,0.9978472780209264,0.9999928558831297,61.66920958537823,88.89544320347554,90.01571129392809,0.2730976055342182,16.515707365425193,1.7756946516772627,0.9583719976346144,0.5,1.5129431986929944,0.0,0.0,0.0,0.0,0.0,0.0,0.0,0.0,1.0,0.0,0.0,-0.2150821017425855,62,42,20,0,51.4,1
2025-07-08 13:30:00,2025-07-08 14:00:00,LONG,109031.8,108624.9,-2.32,0,STOP_LOSS,0.99848040262957,0.9971182561371861,0.9950510908723339,0.9943923508972092,66.36811031689862,29.24504435382991,29.16494874816796,0.021731655813455368,32.1615257223277,0.7419589750392942,0.6040442021640416,0.5,2.291902042292233,0.0,0.0,0.0,0.0,0.0,0.0,0.0,0.0,0.0,1.0,0.0,-0.2169011130648625,67,33,34,1,48.8,1
2025-07-08 17:15:00,2025-07-09 03:00:00,LONG,108885.3,108471.2,-2.36,0,STOP_LOSS,0.9970440542842721,0.9970251590921694,0.9964571643086663,0.9958460400843312,59.098543137815966,66.6597485934276,46.91248109324089,0.07390790266423455,24.911438424013745,1.0423095846302368,0.6183697094532271,0.5,1.6926478722343743,0.0,0.0,0.0,0.0,0.0,1.0,0.0,1.0,0.0,0.0,0.0,-0.1317630878953445,67,23,44,1,53.9,1
2025-07-09 08:45:00,2025-07-09 13:45:00,LONG,108673.8,109188.2,2.93,1,STOP_LOSS,1.0006032089126944,1.0003818751559415,1.0003108772678553,0.999180422664932,47.92021344323636,46.65643042101624,58.78451923418632,0.06809076931743711,23.847491864145873,1.0451303605983975,0.7459895648106284,0.5,1.2080054382188532,0.0,0.0,0.0,0.0,0.0,0.0,0.0,0.0,0.0,0.0,0.0,-0.17235973403525903,63,21,42,1,56.0,1
2025-07-09 17:00:00,2025-07-09 20:00:00,LONG,109250.1,111343.9,11.89,1,STOP_LOSS,0.9994235855525404,0.9988907547849435,0.9977999869119643,0.9952200779027854,54.40137915846637,71.97615396892797,58.98741876550046,0.05769652206682627,19.64457071553966,1.2539556838967407,0.9380416732279858,0.5,0.6687717384957212,0.0,0.0,0.0,0.0,0.0,0.0,0.0,1.0,0.0,0.0,0.0,-0.10649604176422012,67,14,53,1,72.6,1
2025-07-10 03:15:00,2025-07-10 12:00:00,LONG,111047.2,110817.9,-1.29,0,STOP_LOSS,1.001010211254414,1.0003840959885915,0.9961615192843665,0.985608936038241,51.327969737176204,19.666792042239763,31.154540915187184,-0.29196650702052884,29.798283084343893,0.8817505269486218,0.628834354657274,0.5,1.5229481046133984,0.0,0.0,0.0,0.0,0.0,0.0,0.0,1.0,0.0,0.0,0.0,0.19838931797272777,67,22,45,1,65.7,1
2025-07-10 15:30:00,2025-07-10 18:30:00,LONG,111184.2,113069.3,10.58,1,STOP_LOSS,0.9992172663731668,0.9988266736188665,0.9983507095897071,0.9900756213893949,53.506806391745975,78.49234434113824,82.98152125633555,0.14898571808421254,18.66811957305912,0.8536300579518383,0.6391822567956799,0.5,1.3263550157378325,0.0,0.0,0.0,0.0,0.0,0.0,0.0,0.0,0.0,0.0,0.0,0.13337710196360703,63,14,49,1,66.6,1
2025-07-10 21:15:00,2025-07-11 09:45:00,LONG,115723.0,118474.9,14.92,1,STOP_LOSS,0.984253195821891,0.9790731966349852,0.9716523177070959,0.9569341245169123,82.91642933338179,42.45702132417524,23.384183035745252,0.15570781605226672,47.06976579737859,1.3462412232194931,0.11789951122886946,0.5,6.391500777494468,0.0,0.0,0.0,0.0,0.0,0.0,0.0,0.0,0.0,0.0,0.0,-0.012044690584505436,67,21,46,1,81.9,1
2025-07-11 13:00:00,2025-07-11 15:45:00,LONG,117789.6,116913.7,-4.71,0,STOP_LOSS,1.0007149464665324,1.0005060053327388,0.9947839665864672,0.9658897021213976,50.651801945568934,6.197891239448916,9.637960544198892,-0.2803187982974679,38.2407273394491,0.7546757540977098,0.37602868615644647,0.5,1.7132395153328803,0.0,0.0,0.0,0.0,0.0,0.0,0.0,1.0,0.0,0.0,0.0,0.13484724094866143,67,11,56,1,77.1,1
2025-07-11 19:00:00,2025-07-11 22:15:00,LONG,117744.8,117268.6,-2.55,0,STOP_LOSS,0.9985432782646255,0.9985016159912027,0.9970885869518215,0.9731124630740282,54.030961936105754,99.71009738900102,90.61446313413478,0.11353229548537482,19.483364547211963,0.8089805118209037,1.051207688627215,0.5,0.5079449477368976,0.0,0.0,0.0,1.0,0.0,1.0,0.0,1.0,0.0,0.0,0.0,0.17872378722831983,67,21,46,1,79.7,1
2025-07-14 00:15:00,2025-07-14 06:00:00,LONG,119192.3,122135.6,15.56,1,STOP_LOSS,0.9976062368066138,0.9970433304729055,0.9956443745723796,0.9877567609135157,60.52304970457411,99.99999999999999,79.76843277958432,0.13096130701671524,21.824614020382793,1.526091947525752,0.7488727171000811,0.5,1.834585294172796,0.0,0.0,0.0,0.0,0.0,1.0,0.0,1.0,0.0,0.0,0.0,-0.24774819522247368,67,30,37,1,81.6,1
2025-07-14 07:30:00,2025-07-14 10:00:00,LONG,122869.0,121797.9,-5.54,0,STOP_LOSS,0.9947698746896819,0.9890260754713872,0.9801763944766005,0.9647551243627642,76.75162737131217,25.937765693186194,15.384954164090878,0.055664048925917385,59.95342357543767,0.7462388360817159,0.09140505759351387,0.5,2.4906780836789917,0.0,0.0,0.0,0.0,0.0,1.0,0.0,1.0,0.0,0.0,0.0,-0.22952634987908052,67,24,43,1,85.6,1
2025-07-14 22:00:00,2025-07-15 00:30:00,LONG,120202.3,119385.6,-4.31,0,STOP_LOSS,0.9985201244517288,0.9990788956654676,1.0017767233440387,0.9944102470263829,50.51151588886192,84.41073769459113,74.58396884277798,0.23717604042455726,20.960939459313412,0.856451649254255,0.957556854990596,0.5,1.554152828686012,0.0,0.0,0.0,0.0,0.0,1.0,0.0,0.0,0.0,0.0,0.0,-0.1106507168721434,63,35,28,1,62.7,1
2025-07-15 13:00:00,2025-07-15 14:30:00,LONG,118027.1,116963.6,-5.7,0,STOP_LOSS,0.9922806420212323,0.9917209135936506,0.9958783658346183,1.0053906000651824,63.19101492759902,76.96712379338238,70.25045991576806,0.29155861053583493,38.0796595344166,0.6768792470301107,0.6319815084026731,0.5,2.102153189458503,0.0,0.0,0.0,0.0,0.0,0.0,0.0,0.0,1.0,1.0,0.0,-0.014208176543604862,67,44,23,1,44.6,1
2025-07-15 18:30:00,2025-07-15 21:30:00,SHORT,116361.2,117484.4,-6.08,0,SENAL_ALCISTA,1.0053053562784562,1.0058099946138177,1.0077785028135524,1.0171333219369088,41.01954221466046,34.68143011297427,57.53625394388841,-0.06613027912788558,20.223055699469565,0.8892448628686238,1.558443195657124,0.5,1.4651799550460183,0.0,0.0,0.0,0.0,0.0,0.0,1.0,0.0,1.0,0.0,0.0,-0.0019828431935203466,32,59,27,0,44.6,-1
2025-07-16 00:45:00,2025-07-16 02:30:00,LONG,118107.1,117107.7,-5.32,0,STOP_LOSS,0.9967644718064386,0.9946831541953427,0.9934324546021623,1.000070659924242,62.962256825378056,69.81630058652314,59.057406102685896,0.14040266314762476,14.4358931631951,1.8829873573469902,1.217000853017733,0.5,1.707303575620965,0.0,0.0,0.0,0.0,0.0,1.0,0.0,0.0,1.0,1.0,0.0,0.02808532912103518,67,41,26,0,50.4,1
2025-07-16 05:00:00,2025-07-16 09:30:00,LONG,117983.0,118832.7,4.51,1,STOP_LOSS,0.9966307839120352,0.9960625990966798,0.9952546732160067,1.0003286696724132,61.27846326689202,91.90776437332937,74.53320496334553,0.07890467663294577,11.888380502482729,2.30088055885612,1.475485242105153,0.5,1.7925043181367044,0.0,0.0,0.0,0.0,0.0,1.0,0.0,0.0,0.0,0.0,0.0,0.055273266039526085,67,36,31,0,54.0,1
2025-07-16 12:45:00,2025-07-16 16:00:00,LONG,118607.7,118771.8,0.87,1,STOP_LOSS,1.0018501496367451,1.0008818156183341,0.9975230532847824,0.9963455212658476,49.655526022034536,12.858727583694481,11.671750383751649,-0.24921528808370885,18.889179998876333,0.7766968331264513,1.039772044356089,0.5,1.2534619105755738,0.0,0.0,0.0,0.0,0.0,0.0,0.0,1.0,0.0,0.0,0.0,0.015810463930875557,67,26,41,1,58.3,1
2025-07-16 21:00:00,2025-07-16 22:45:00,LONG,119906.5,118655.2,-6.56,0,STOP_LOSS,0.9974937191096318,0.9956434107196839,0.9926034930319122,0.9879283813853323,60.94016794298023,97.56643126018844,84.906911167094,0.12265942235039583,12.982377396584651,1.9057453828288038,1.1550604566254985,0.5,1.3449205078217399,0.0,0.0,0.0,0.0,0.0,0.0,0.0,1.0,0.0,1.0,0.0,-0.2187545709302954,67,33,34,1,54.9,1
2025-07-17 06:15:00,2025-07-17 07:15:00,LONG,118660.4,117926.1,-3.87,0,STOP_LOSS,0.9984411646950871,0.9984341527909923,0.9997477308382029,0.9986529752905448,53.92292342709461,96.35619458334483,96.54388669853986,0.26515673419142305,20.33025502781212,0.946273087880379,1.041646941674016,0.5,1.5050004871313871,0.0,0.0,0.0,0.0,0.0,0.0,0.0,0.0,0.0,0.0,0.0,-0.17503982086515527,64,26,38,1,52.8,1
2025-07-17 09:15:00,2025-07-17 10:30:00,LONG,119130.0,118301.6,-4.34,0,STOP_LOSS,0.9948402029954455,0.9942549682136645,0.9950663504446998,0.994604943563315,62.59249593462904,87.62910288221687,78.18971277620724,0.23615341478570767,15.872589500750081,1.9512608633897377,1.066144608526793,0.5,2.1130794707721594,0.0,0.0,0.0,0.0,0.0,0.0,0.0,0.0,1.0,1.0,0.0,-0.1716389144866285,67,37,30,1,50.6,1
2025-07-17 14:15:00,2025-07-17 19:45:00,LONG,118722.4,118966.3,1.28,1,STOP_LOSS,0.9956181448271701,0.995571631794051,0.996773769168324,0.9975781517705306,59.10797565147781,99.99999999999999,81.22318986829727,0.20289173096959906,16.871216472054968,1.4610307600722463,1.0518790301742014,0.5,1.4568897488342532,0.0,0.0,0.0,0.0,0.0,1.0,0.0,0.0,1.0,0.0,0.0,-0.14497762816015522,67,37,30,1,55.9,1
2025-07-17 21:00:00,2025-07-17 22:45:00,LONG,120093.3,119766.8,-1.7,0,STOP_LOSS,0.9944327604649812,0.9925585438876782,0.9899658440716437,0.9874969000109339,64.92337636032457,59.95696341043808,38.99520775058211,0.03604351318678611,18.860965845911817,1.8083047015898492,1.1946827249575496,0.5,2.816666870595565,0.0,0.0,0.0,0.0,0.0,1.0,0.0,0.0,0.0,1.0,0.0,0.017601480359659298,67,27,40,1,57.6,1
2025-07-18 01:15:00,2025-07-18 07:45:00,LONG,120167.2,119364.3,-4.16,0,STOP_LOSS,0.9971364349194527,0.9961447966349521,0.9933761204269872,0.9885912973792323,58.35117036088539,69.14945110995485,52.995582853646376,0.0024232763321261905,18.09701573841534,1.6161758451497679,0.8856236932334184,0.5,1.67008866060656,0.0,0.0,0.0,0.0,0.0,0.0,0.0,1.0,0.0,0.0,0.0,0.030465758586432783,67,20,47,1,63.1,1
2025-07-18 14:00:00,2025-07-18 14:15:00,LONG,118974.8,117940.6,-5.4,0,STOP_LOSS,0.9997888027592803,1.0008113174436877,1.0027150747597786,1.0008527789455146,46.608475293880076,26.603378020893892,23.20164064346391,0.027031051517673342,20.148553514869974,1.1525880050812396,1.3831912397437627,0.5,1.817514065148925,0.0,0.0,0.0,0.0,0.0,0.0,0.0,0.0,0.0,0.0,0.0,0.014834425059958571,59,38,21,1,46.7,1
2025-07-18 20:30:00,2025-07-18 21:00:00,SHORT,117015.1,117848.3,-4.41,0,STOP_LOSS,1.0023767301281203,1.0047759049544596,1.009701345437203,1.014671221848182,36.554344144988285,7.291978259262303,23.223008111490024,-0.01637881741188342,22.525870758324462,0.7073306928245462,1.2904982813245418,0.5,1.9064004437682482,0.0,0.0,0.0,0.0,0.0,0.0,0.0,0.0,1.0,0.0,0.0,-0.04087754379564978,37,59,22,0,47.9,-1
2025-07-21 03:00:00,2025-07-21 09:30:00,LONG,118437.1,118627.2,0.99,1,STOP_LOSS,0.9948641858929138,0.9935092900927518,0.9945657610154169,0.9966878718072589,63.6480682080978,95.54364423683302,95.54364423683302,0.45503212972970014,30.918387776150983,0.9323583184137607,0.7210687270389715,0.5,1.9197910625089571,0.0,0.0,0.0,0.0,0.0,0.0,0.0,0.0,0.0,1.0,0.0,-0.027264298647299453,63,27,36,0,52.0,1
2025-07-21 14:00:00,2025-07-21 16:00:00,LONG,118654.8,117967.2,-3.58,0,STOP_LOSS,0.9986286411416239,0.9988226171345695,0.9984096839111338,0.9966588084895693,52.87899149632522,93.27709444245082,80.46610194360605,0.08838857530662103,16.943620665273585,1.7640973705180025,1.4989230329086087,0.5,1.766314276492523,0.0,0.0,0.0,0.0,0.0,0.0,0.0,1.0,0.0,0.0,0.0,0.03526385828600194,67,21,46,1,50.6,1
2025-07-22 01:00:00,2025-07-22 01:15:00,SHORT,116857.4,117251.2,-2.08,0,SENAL_ALCISTA,1.002819693189849,1.0036799301104935,1.0061581547140017,1.0097498404012142,38.559814257384545,4.062208860201585,31.436116583762363,-0.0096437976290766,12.331497270706054,1.387353114082972,2.2243144311585814,0.5,1.7951217987240553,0.0,0.0,0.0,0.0,0.0,0.0,0.0,0.0,1.0,0.0,0.0,0.07228022992483724,40,59,19,0,44.9,-1
2025-07-22 01:45:00,2025-07-22 03:00:00,LONG,117744.1,117012.4,-3.83,0,SENAL_BAJISTA,0.9969167663743771,0.996707200702314,0.9985606632292319,1.0020337709754081,57.16481638267461,89.09933980637645,57.12007609311031,0.1776811679443847,14.742250424732717,1.592691608967624,1.9988136181019658,0.5,1.4936550734111187,0.0,0.0,0.0,0.0,1.0,1.0,0.0,0.0,1.0,0.0,0.0,0.094070393892225,62,42,20,0,44.9,1
2025-07-22 04:30:00,2025-07-22 06:00:00,SHORT,116879.2,117559.4,-3.58,0,STOP_LOSS,1.0017343594512305,1.002666297899057,1.0045854606897584,1.0086980972647985,42.056549279038165,24.96085357496082,34.74329216229716,-0.07546148400562652,22.981072585509477,0.7214826968912526,1.1876921005376835,0.5,1.742663154821152,0.0,0.0,0.0,0.0,1.0,0.0,1.0,0.0,1.0,0.0,0.0,0.022490155259179533,43,59,16,0,49.8,-1
2025-07-22 07:15:00,2025-07-22 08:00:00,LONG,118554.6,117675.1,-4.55,0,STOP_LOSS,0.9937022456073589,0.9912241675214511,0.9909461983009353,0.9941417933464403,69.01264722945157,99.99999999999999,96.53218053979032,0.42980052472224495,18.334513046881995,1.7579541754257224,0.9298902523687206,0.5,1.7368506738797116,0.0,0.0,0.0,0.0,0.0,1.0,0.0,0.0,1.0,1.0,0.0,0.034619762033482,67,48,19,0,49.8,1
2025-07-22 11:00:00,2025-07-22 13:45:00,LONG,118907.6,118158.1,-3.86,0,STOP_LOSS,0.9971509756884911,0.9942020836561382,0.991344359251851,0.9917275957026133,65.89371968138708,87.77589678170108,73.65251606331725,0.1942894722807421,17.16282691414034,1.8795164128993562,0.9216956100287844,0.5,1.3854779767129417,0.0,0.0,0.0,0.0,0.0,0.0,0.0,0.0,1.0,0.0,0.0,0.03822305853203435,63,47,16,0,56.2,1
2025-07-22 18:15:00,2025-07-23 02:00:00,LONG,119410.1,119129.7,-1.43,0,STOP_LOSS,0.9973171299678829,0.9962502761218444,0.9936136571988923,0.9898260253771004,60.25049340530438,97.07701426678634,85.39493533119074,0.06276068505994511,15.55694578368641,1.5276785683485405,1.1558430033405238,0.5,1.3448383100684853,0.0,0.0,0.0,0.0,0.0,1.0,0.0,1.0,0.0,1.0,0.0,-0.07097266749375065,67,29,38,1,56.7,1
2025-07-23 12:00:00,2025-07-23 12:45:00,LONG,118648.6,117983.9,-3.42,0,STOP_LOSS,0.9981737595975583,0.9981020324110904,0.9999236845174571,0.9992891814317852,54.891322319563045,96.86076765768033,94.39875195703252,0.3729410432693634,32.082020395595656,0.50447320124639,0.6355536102322563,0.5,0.6437927853898409,0.0,0.0,0.0,0.0,0.0,0.0,0.0,0.0,0.0,0.0,0.0,-0.17938056125595034,67,33,34,1,51.2,1
2025-07-23 18:30:00,2025-07-23 21:00:00,LONG,118194.9,118040.8,-0.79,0,SENAL_BAJISTA,0.9985738744400363,0.9985118732076094,1.0001262052699542,1.0019862428671482,53.2708227808786,74.84032507411558,69.15910975672753,0.14682326659239944,17.787439966199813,1.0324355074527112,0.8496929392779508,0.5,0.5103079053075102,0.0,0.0,0.0,0.0,0.0,0.0,0.0,0.0,1.0,0.0,0.0,-0.11085137261820753,63,29,34,1,50.0,1
2025-07-24 03:15:00,2025-07-24 03:45:00,LONG,119240.1,118494.8,-3.81,0,STOP_LOSS,0.9980215658453043,0.9965375050202355,0.9945088443649412,0.9936456789194852,64.63816518088717,44.335581760842764,32.01372922890316,0.00582500252089917,12.518076272283768,1.958093471428584,1.2058049241204654,0.5,1.5075390000790372,0.0,0.0,0.0,0.0,0.0,0.0,0.0,1.0,0.0,1.0,0.0,-0.09536545886543321,67,45,22,1,50.5,1
2025-07-24 07:45:00,2025-07-24 14:00:00,LONG,118403.6,117995.1,-2.1,0,STOP_LOSS,0.9969449403693346,0.9976698513996924,0.998927237214373,0.9999942387888235,54.56828986954243,99.99999999999999,90.69380857472463,0.17875378933890515,27.307024399996422,0.7674404709214607,0.6708537394389503,0.5,1.206869197020993,0.0,0.0,0.0,0.0,0.0,1.0,0.0,0.0,0.0,0.0,0.0,-0.06639195401572065,65,47,18,1,49.8,1
2025-07-24 15:15:00,2025-07-24 21:45:00,LONG,119009.1,118534.1,-2.42,0,STOP_LOSS,0.9978355119755995,0.9965713133982621,0.995662796748311,0.9952716733408572,58.64222409180506,92.00102351965937,86.38170975841933,0.1886610547602861,16.24962734433156,1.8730319511882239,1.31517186302121,0.5,1.2321375548364721,0.0,0.0,0.0,0.0,0.0,0.0,0.0,0.0,0.0,0.0,0.0,0.04011296141534338,67,29,38,1,55.2,1
2025-07-25 00:30:00,2025-07-25 04:45:00,SHORT,117801.1,116060.2,8.95,1,STOP_LOSS,1.0032389996537936,1.0052217943271324,1.0064513991506752,1.0060883641837273,28.02023474663708,0.0,10.983974152242988,-0.26687855898025237,25.736981933925275,0.30891847957222407,1.2056126117446222,0.5,2.1430593623805976,0.0,0.0,0.0,0.0,0.0,0.0,1.0,1.0,0.0,0.0,0.0,0.16430834631604443,43,59,16,0,32.2,-1
2025-07-25 14:15:00,2025-07-25 16:45:00,SHORT,115580.9,116165.8,-3.08,0,STOP_LOSS,1.0031112424808617,1.003784006898656,1.005876072926171,1.0161606019099103,42.41186490783296,19.937136525045126,18.920523755051242,-0.18174984657183976,18.08788828630329,0.9340424022004515,0.990117484184099,0.5,1.6351198221578163,0.0,0.0,0.0,0.0,0.0,0.0,0.0,0.0,1.0,0.0,0.0,-0.0640636423143857,39,59,20,0,37.5,-1
2025-07-28 00:15:00,2025-07-28 01:30:00,LONG,119645.8,119066.8,-2.94,0,STOP_LOSS,0.9984067911255521,0.9971059695083491,0.9944878558620445,0.9883611712155815,62.4832188157695,51.52430680704674,46.25334685773734,0.021440116244141876,22.36486212178133,1.3167777573041455,0.8432050475828089,0.5,1.2425606665351288,0.0,0.0,0.0,0.0,0.0,1.0,0.0,1.0,0.0,0.0,0.0,0.14588453069233995,72,27,45,1,60.1,1
2025-07-28 04:00:00,2025-07-28 07:00:00,LONG,119247.9,118882.0,-1.86,0,STOP_LOSS,1.0004171336392444,1.000391048166837,0.9989533383283614,0.992866082939626,49.276791183366164,29.702389500037512,29.118769838596535,-0.11778656749623914,16.032201681229456,1.745959627968511,1.203044435535408,0.5,1.2228746958744876,0.0,0.0,0.0,0.0,1.0,0.0,0.0,1.0,0.0,0.0,0.0,0.12455809106863111,72,35,37,1,56.1,1
2025-07-28 12:00:00,2025-07-28 14:15:00,LONG,118894.0,118086.3,-4.12,0,STOP_LOSS,0.9991255056407964,0.9999258529872241,1.0008879545220382,0.9972397945763479,48.93502612568837,85.81287018677989,56.88823231294464,0.05193485784502785,15.91267485183367,1.285508784572964,1.2070239304106405,0.5,1.7491557387103762,0.0,0.0,0.0,0.0,1.0,1.0,0.0,1.0,0.0,0.0,0.0,-0.023573149681773285,72,34,38,1,49.4,1
2025-07-28 19:00:00,2025-07-29 00:30:00,LONG,118139.9,117705.1,-2.23,0,SENAL_BAJISTA,0.9979127162136717,0.9993728108078159,1.0022315235892867,1.0028282134131967,49.69209164890102,68.23729311400699,44.54547984138742,0.05995711286264527,19.704288079855047,0.9579433185861632,1.109143979801959,0.5,1.2090834643335666,0.0,0.0,0.0,0.0,0.0,1.0,0.0,0.0,1.0,0.0,0.0,-0.16628984082589796,64,48,16,1,48.4,1
2025-07-29 01:15:00,2025-07-29 14:00:00,LONG,118208.4,118171.4,-0.19,0,STOP_LOSS,0.9987993463795627,0.9986124955262814,0.9996197883091829,1.0013812862180962,53.622814691660565,63.18041933323765,48.00723456859686,0.06484325486216753,16.24338201155509,1.229740410093169,1.5479234194264693,0.5,0.5139095684484416,0.0,0.0,0.0,0.0,0.0,1.0,0.0,0.0,1.0,0.0,0.0,-0.2451551402459239,62,35,27,1,55.0,1
2025-07-29 20:00:00,2025-07-29 23:15:00,SHORT,117226.5,117927.6,-3.61,0,STOP_LOSS,1.0026718789396012,1.0041523131908183,1.006720403876152,1.0092300919173447,35.332536037178244,47.862981327605645,65.53136144925418,-0.001679032258695279,26.249659789215386,0.6055071721031968,1.03274519088525,0.5,1.268398014864634,0.0,0.0,0.0,0.0,0.0,0.0,0.0,0.0,1.0,0.0,0.0,-0.11962305146737871,43,59,16,0,47.7,-1
2025-07-30 08:45:00,2025-07-30 11:15:00,LONG,118364.9,117825.4,-2.75,0,STOP_LOSS,0.9988685262431755,0.9981601441109293,0.9972521987289776,0.9983091892628012,59.01597323686186,71.84762178513895,56.914942183261175,0.03367303091965583,12.12687114460544,2.006939277221786,1.3914875163154201,0.5,1.8247411960674653,0.0,0.0,0.0,0.0,1.0,1.0,0.0,0.0,0.0,0.0,0.0,-0.2535172221189773,67,46,21,0,44.3,1
2025-07-30 19:15:00,2025-07-30 22:30:00,SHORT,116451.3,117447.7,-5.15,0,STOP_LOSS,1.0054133977806285,1.0087242722723746,1.0109578333487517,1.0135212653544308,27.32956366421655,6.872325305673919,4.553573260883443,-0.4177929142678514,28.231359755602334,0.25228705848976246,1.4146179581074794,0.5,1.5568143161725296,0.0,0.0,0.0,0.0,0.0,0.0,0.0,0.0,0.0,0.0,0.0,-0.09453336413844318,38,59,21,0,40.0,-1
2025-07-31 00:30:00,2025-07-31 13:15:00,LONG,118331.3,118145.6,-0.94,0,STOP_LOSS,0.9956780361274301,0.9936994051105255,0.9937218073853735,0.9964419558742289,71.1962201997329,99.99999999999999,99.99999999999999,0.5128097303436134,20.675943794380938,1.711161314494914,0.7886442084014567,0.5,1.6741292285752445,0.0,0.0,0.0,0.0,0.0,1.0,0.0,0.0,0.0,0.0,0.0,0.1255053944351664,67,35,32,0,53.2,1
2025-07-31 19:30:00,2025-08-01 00:15:00,SHORT,116957.3,115782.9,6.02,1,STOP_LOSS,1.00477754205837,1.007548922032845,1.0095837157700245,1.0097705356554867,30.329144543972884,0.0,8.870197558497708,-0.32564850847640386,26.458866398871447,0.42910677192915203,1.2895273667159977,0.5,1.38728447038349,0.0,0.0,0.0,0.0,0.0,0.0,1.0,0.0,0.0,0.0,1.0,0.12568761981765406,42,59,17,0,40.4,-1
2025-08-01 06:30:00,2025-08-01 09:15:00,SHORT,115068.3,115293.2,-1.18,0,STOP_LOSS,1.0030668801599838,1.0045116724589136,1.0089593246049857,1.01925993311068,36.24278437384218,4.973065723088257,17.80717718834994,-0.03307775649890842,33.18253071750329,0.35968941218764217,0.8257938306025074,0.5,1.4833497305573755,0.0,0.0,0.0,0.0,0.0,0.0,1.0,0.0,1.0,0.0,0.0,-0.15164576571215485,34,59,25,0,31.6,-1
2025-08-01 13:45:00,2025-08-01 14:15:00,SHORT,114333.0,115747.3,-7.44,0,STOP_LOSS,1.0075908196054049,1.0077418940253553,1.009646993879561,1.0209817153790268,35.2511069842858,27.71426182635652,54.91361105211362,-0.08577107931983141,22.85691919542779,0.7405923507481696,1.6152029718956205,0.5,3.7954182442848987,0.0,0.0,0.0,0.0,0.0,0.0,1.0,0.0,1.0,0.0,0.0,-0.02241079250867749,29,59,30,0,34.3,-1
2025-08-01 22:45:00,2025-08-03 01:15:00,SHORT,113136.0,113222.0,-0.46,0,STOP_LOSS,1.0032326753057466,1.0059060951710155,1.0108738471596337,1.0251289344705572,33.40522930181343,32.65384786723417,47.73528210344331,-0.022435562396149907,34.70975537626271,0.283248784908766,0.9428214186444411,0.5,1.8289827452100333,0.0,0.0,0.0,0.0,0.0,0.0,0.0,0.0,1.0,0.0,0.0,-0.006579278643220422,41,59,18,0,25.6,-1
2025-08-05 07:30:00,2025-08-05 09:00:00,SHORT,114064.0,114476.1,-2.16,0,STOP_LOSS,1.0017703760662486,1.0029121295560146,1.0046059766544135,1.0039092625468264,35.34691687849256,45.58003178704544,53.744075906270396,-0.023984163505920975,28.588614075923743,0.39766739597685336,1.2873343883410082,0.5,3.194880511352955,0.0,0.0,0.0,1.0,0.0,0.0,0.0,0.0,1.0,0.0,0.0,-0.07784519409480027,42,61,19,0,42.2,-1
2025-08-05 12:30:00,2025-08-05 14:45:00,SHORT,113888.2,113032.2,4.49,1,STOP_LOSS,1.0061656007444706,1.0062302776539305,1.0062772186169298,1.0055914892955864,33.23021140195283,22.408304496152343,43.49269296408169,-0.18316282592540256,25.37782548444072,0.5712843024883104,1.513790063325169,0.5,3.600741124521922,0.0,0.0,0.0,0.0,0.0,0.0,0.0,0.0,1.0,0.0,0.0,0.02302689317437981,34,61,27,0,37.4,-1
2025-08-06 01:30:00,2025-08-06 05:00:00,SHORT,113783.4,113928.6,-0.76,0,STOP_LOSS,1.0006536991813961,1.0005677994272824,1.0006147050761098,1.003461013098834,48.30329950244193,14.804722571241633,15.948895369372469,-0.1778255364936195,15.495579809248017,0.9157142473842894,1.744402651109592,0.5,1.9200894843507872,0.0,0.0,0.0,0.0,0.0,0.0,0.0,0.0,1.0,0.0,0.0,0.16661592139067566,43,59,16,0,43.3,-1
2025-08-07 06:45:00,2025-08-07 12:00:00,LONG,114658.8,116281.5,8.48,1,STOP_LOSS,0.9992966105743255,0.9996907414922206,1.0005043282682486,0.9985292203588263,50.021407471199296,83.08805361962268,85.82873628565355,0.22714419141731038,22.536678831096296,1.4063139216904827,1.1080286430118265,0.5,1.2722706324763446,0.0,0.0,0.0,0.0,1.0,0.0,0.0,0.0,0.0,0.0,0.0,-0.008637540184773572,59,36,23,1,51.7,1
2025-08-07 16:45:00,2025-08-08 01:30:00,LONG,116255.9,116834.1,2.99,1,STOP_LOSS,1.0015607981167833,1.000683509147464,0.9969167348103092,0.989172366387438,50.42156146027483,22.697043519670405,35.67108875836191,-0.24475358848546888,36.99788151132011,0.47849308699029863,0.7375427429070088,0.5,2.1259846906279676,0.0,0.0,0.0,1.0,0.0,0.0,0.0,1.0,0.0,0.0,0.0,0.0996380547232189,64,28,36,1,66.5,1
2025-08-08 13:30:00,2025-08-08 14:45:00,LONG,116824.9,116493.4,-1.71,0,STOP_LOSS,0.9987648323393367,0.9987255973988689,0.9989614769388669,0.9931445837203259,55.77956831815525,61.89822460702298,41.7126998922621,0.09598264398340156,15.727059116427714,1.6089411576977086,1.1681288390626334,0.5,2.359243167393956,0.0,0.0,0.0,0.0,0.0,1.0,0.0,0.0,0.0,0.0,0.0,-0.12330391632173839,67,18,49,1,54.8,1
2025-08-08 19:00:00,2025-08-09 02:45:00,LONG,116606.2,116391.2,-1.11,0,STOP_LOSS,0.999137483929677,0.9989216967406318,0.9994941875250872,0.9957008479190032,53.58182723488895,70.72243906156886,75.1132227984934,0.16191577286482745,12.905163099842534,1.7710497231212154,1.5736320415759482,0.5,0.6209063365070557,0.0,0.0,0.0,0.0,0.0,0.0,0.0,0.0,1.0,0.0,0.0,-0.07530906518978861,61,34,27,1,56.4,1
2025-08-11 00:15:00,2025-08-11 03:15:00,LONG,119414.3,121747.1,11.76,1,STOP_LOSS,0.9974479624724701,0.9955195657060552,0.9934038189479958,0.9856644285521342,67.79078613128947,95.96272385898044,95.94288188286582,0.32937175492427234,23.841266246381426,1.584311134501279,0.6625372458387407,0.5,1.4621743481518994,0.0,0.0,0.0,0.0,0.0,0.0,0.0,1.0,0.0,1.0,0.0,0.04057146556340602,67,30,37,1,76.6,1
2025-08-12 04:30:00,2025-08-12 05:00:00,LONG,119077.6,118846.1,-1.18,0,SENAL_BAJISTA,0.999279770854942,0.9992244480079966,1.0011401329356466,1.0006678428969913,52.72626010759635,58.65985815978752,40.30600823680753,0.12076309053423204,25.16383892081089,0.8287253572948126,0.8867279803092357,0.5,1.4255377524111705,0.0,0.0,0.0,0.0,0.0,1.0,0.0,0.0,1.0,0.0,0.0,-0.06534644167919251,64,46,18,1,55.2,1
2025-08-12 13:00:00,2025-08-13 01:00:00,LONG,119036.5,119369.8,1.7,1,STOP_LOSS,0.9979227486954586,0.9973097853149856,0.9983595335669806,0.9999852075162916,56.76061515426945,93.30562563353568,94.2729734777727,0.2989054440981687,21.664041767107204,0.9848634986051084,0.8095266252831296,0.5,1.7550869627565624,0.0,0.0,0.0,0.0,0.0,0.0,0.0,0.0,0.0,0.0,0.0,-0.10483681872498922,59,30,29,1,59.7,1
2025-08-13 04:00:00,2025-08-13 05:45:00,LONG,119710.4,119071.6,-3.24,0,STOP_LOSS,0.9984467363664348,0.9990635801427216,0.9989826848049294,0.9967096732571645,52.863750451929285,73.19816390247135,55.566167617001966,0.0025710688702218817,16.195415565905616,1.5518054747273393,1.3715256725508536,0.5,1.3253250709703404,0.0,0.0,0.0,0.0,0.0,1.0,0.0,1.0,0.0,0.0,0.0,-0.09518280127976252,67,19,48,1,55.9,1
2025-08-13 07:45:00,2025-08-13 14:45:00,LONG,119571.8,120914.6,6.8,1,STOP_LOSS,0.9983863748497682,0.9986550661866136,0.9992366045345602,0.9979036123573001,53.77173865922373,81.07475396245971,73.29599823317663,0.1285480395381064,10.061884772163678,2.4475981824642123,1.8830347102798977,0.5,1.5196532455323803,0.0,0.0,0.0,0.0,0.0,0.0,0.0,1.0,0.0,0.0,0.0,-0.10944766130124486,66,28,38,1,55.9,1
2025-08-13 19:15:00,2025-08-14 04:00:00,LONG,122363.5,123128.0,3.8,1,STOP_LOSS,0.9953809481119721,0.9929955298717713,0.9885112859536632,0.9802163942036495,64.9857418531401,76.29070918335921,60.91089912044326,0.04908064055056621,14.96361665907612,2.0200079500415766,0.9873023469987964,0.5,1.881619359268823,0.0,0.0,0.0,0.0,0.0,1.0,0.0,1.0,0.0,1.0,0.0,-0.15010884622870188,67,32,35,1,70.3,1
2025-08-14 12:15:00,2025-08-14 12:30:00,LONG,121154.6,119541.5,-8.11,0,STOP_LOSS,0.9995022502030672,1.0022027261791924,1.0059989267000775,0.9999462782921665,39.41417235076985,54.9970603263466,33.15256244645062,0.02311478879074739,37.76884143272357,0.271223958225041,0.9242189364684283,0.5,2.465107031826245,0.0,0.0,0.0,1.0,0.0,1.0,0.0,1.0,0.0,0.0,0.0,-0.13421995505207182,72,39,33,1,42.4,1
2025-08-15 13:00:00,2025-08-15 17:15:00,SHORT,118489.3,117530.6,4.9,1,STOP_LOSS,1.0023006317256962,1.002956169805243,1.0029789456420835,1.0089352240985232,37.75156590178887,0.20077090159909575,11.244958378843839,-0.22316392764290063,16.49056300193867,0.5343090873822802,1.5042799177066677,0.5,1.9598103594878782,0.0,0.0,0.0,0.0,0.0,0.0,0.0,0.0,0.0,0.0,0.0,-0.09792332243021296,42,60,18,0,39.0,-1
2025-08-18 00:00:00,2025-08-18 05:00:00,SHORT,117509.2,115680.7,9.46,1,STOP_LOSS,1.0010535739201951,1.0017342541411403,1.0027040640551508,1.0038249877087386,40.54748371012373,9.19563418051926,11.991310763261914,-0.09708210923902828,35.3411575491208,0.3393733942778745,0.8879252441809352,0.5,1.9516157040898205,0.0,0.0,0.0,0.0,0.0,0.0,0.0,1.0,0.0,0.0,0.0,-0.0510843397227349,36,61,25,0,30.8,-1
2025-08-19 04:00:00,2025-08-19 10:15:00,SHORT,114758.3,115500.0,-3.95,0,STOP_LOSS,1.0048620728852986,1.0083328010747317,1.0102399841030132,1.0154827742508734,25.565082343523432,0.0,0.0,-0.4392227720908215,32.736034018228494,0.32919526493435786,1.3800066606025645,0.5,3.218480938400255,0.0,0.0,0.0,0.0,0.0,0.0,1.0,0.0,0.0,0.0,0.0,-0.0721659574782035,40,61,21,0,35.3,-1
2025-08-19 14:00:00,2025-08-19 15:15:00,SHORT,114803.6,114074.9,3.87,1,STOP_LOSS,1.0042968109413184,1.0047807214579698,1.0054612072384113,1.0114209809190222,35.845798653895365,3.6450112831320216,28.60536254232606,-0.20709718317895323,16.99685590814368,0.7055554629874881,1.6257651543978233,0.5,2.2665515540451193,0.0,0.0,0.0,0.0,0.0,0.0,0.0,0.0,1.0,0.0,0.0,-0.04132709966434244,26,61,35,0,31.9,-1
2025-08-20 00:30:00,2025-08-20 02:30:00,SHORT,113242.4,113369.4,-0.69,0,STOP_LOSS,0.998630120061648,0.9997416748463621,1.003809658539421,1.0169912777181276,48.28940366951702,58.64935404231437,33.45858122716501,0.0925239832611669,37.723666194267565,0.4182030848291821,0.5658214333519758,0.5,1.2735147638876887,0.0,0.0,0.0,0.0,0.0,0.0,0.0,0.0,1.0,0.0,0.0,0.068142740894427,24,64,40,0,34.2,-1
2025-08-20 07:45:00,2025-08-20 08:30:00,SHORT,113503.8,113952.6,-2.42,0,STOP_LOSS,1.0010362100872212,1.0005058457109675,1.000627982792342,1.0109259320533477,48.66511384890227,27.15798952457879,50.002799344689386,-0.07179647717094631,12.59219953326984,1.6049467004886389,1.9720263833852576,0.5,1.322718966195003,0.0,0.0,0.0,0.0,0.0,0.0,1.0,0.0,1.0,0.0,0.0,0.021042939273403352,36,64,28,0,34.1,-1
2025-08-20 11:30:00,2025-08-20 11:45:00,SHORT,113179.0,113668.3,-2.64,0,STOP_LOSS,1.0034947686315827,1.0040266032776906,1.0039766488184596,1.012558865752993,35.725199012128314,0.6861771132267012,14.124547003927395,-0.32255829536287783,13.515283032932809,1.2062873885203922,2.646674163142793,0.5,2.744711923901716,0.0,0.0,0.0,0.0,0.0,0.0,1.0,0.0,1.0,0.0,0.0,0.017501945057539364,29,64,35,0,35.5,-1
2025-08-20 13:30:00,2025-08-20 14:30:00,SHORT,113135.8,113504.7,-1.99,0,STOP_LOSS,1.0031225439984008,1.003929690516885,1.004190219969576,1.0122470840507354,39.41831760165526,33.79333265628627,47.38173250132711,-0.21180689970051134,14.709688466014672,1.3838296143335824,1.9144260717455843,0.5,2.124648849304124,0.0,0.0,0.0,0.0,0.0,0.0,0.0,0.0,0.0,0.0,1.0,-0.013178805751771314,28,64,36,0,34.0,-1
2025-08-21 02:00:00,2025-08-21 12:15:00,SHORT,114249.9,113231.0,5.43,1,STOP_LOSS,1.0006879573245615,1.0001599845737843,0.9986213545726944,1.0007851002894528,50.40302073743464,54.81146508159499,42.55412970464674,-0.03029715634645339,10.580938357730863,2.829508135518777,1.8477269689845541,0.5,2.761283977090301,0.0,0.0,0.0,0.0,0.0,0.0,0.0,0.0,0.0,0.0,0.0,-0.001277628940592491,45,62,17,0,40.1,-1
2025-08-21 15:15:00,2025-08-22 02:00:00,SHORT,113036.6,113178.2,-0.76,0,STOP_LOSS,1.0016705622518973,1.0026753636804357,1.0044118761139416,1.0087310891018528,42.918380885601614,24.409256402170538,34.099129335296425,-0.06387311123879535,20.217553576732374,0.7135350094248887,1.3431828989297456,0.5,2.1132185820106737,0.0,0.0,0.0,0.0,0.0,0.0,0.0,0.0,1.0,0.0,0.0,-0.08474954636708658,41,62,21,0,33.4,-1
2025-08-22 04:45:00,2025-08-22 14:00:00,SHORT,112846.4,115201.6,-12.73,0,STOP_LOSS,1.001659319453752,1.0009159794977378,1.0003174161147363,1.0055047569947029,48.397440620489434,18.894459352683718,29.623178719085697,-0.09863831919258761,15.025289409789963,1.2906849641014557,1.6086935108173053,0.5,1.5854149372078432,0.0,0.0,0.0,0.0,0.0,0.0,0.0,0.0,1.0,0.0,0.0,-0.14587073347758958,40,62,22,0,39.6,-1
2025-08-25 05:30:00,2025-08-25 12:15:00,SHORT,112516.5,111696.4,4.41,1,STOP_LOSS,1.0020693091414925,1.0038182363921917,1.0070867406807331,1.0154901361160094,37.120134243835984,0.0,3.8825800421426946,-0.1624632474172974,21.8969054999636,0.6866655564401308,1.3049910875044395,0.5,1.2649489209334983,0.0,0.0,0.0,0.0,0.0,0.0,1.0,0.0,1.0,0.0,0.0,0.016667868907835854,30,62,32,0,34.4,-1
2025-08-25 13:45:00,2025-08-25 14:30:00,SHORT,111497.2,112060.3,-3.07,0,SENAL_ALCISTA,0.9990049195146785,0.9999194318442977,1.0043244053207716,1.0179564116212105,48.530224935559055,72.56629045263689,76.6229495841642,0.13461317173024684,32.53559129594891,0.3606095987124163,0.7651800093279433,0.5,2.313125491049125,0.0,0.0,0.0,0.0,0.0,0.0,0.0,0.0,0.0,0.0,0.0,-0.06972289437620716,37,62,25,0,40.1,-1
2025-08-25 19:30:00,2025-08-25 21:30:00,SHORT,111177.3,110056.7,6.11,1,STOP_LOSS,1.008020386226366,1.0087644908160889,1.008841937134816,1.0186532292765054,33.411543958259884,0.0,3.968533768911203,-0.3374647898915446,15.561588075301659,0.8081038762974704,2.147867879203314,0.5,2.483337394618757,0.0,0.0,0.0,0.0,0.0,0.0,1.0,0.0,1.0,0.0,0.0,-0.025766911060145458,43,62,19,0,34.3,-1
2025-08-26 00:30:00,2025-08-26 04:15:00,SHORT,109219.4,110175.2,-5.32,0,STOP_LOSS,1.0055613542681592,1.0094045694018658,1.015821817518043,1.0314846590362552,31.53250619363154,47.31666179161368,62.04290541887978,-0.019503334942406293,38.94853910170513,0.25803998498124986,0.778163729557616,0.5,1.2109508171772934,0.0,0.0,0.0,0.0,0.0,0.0,1.0,0.0,1.0,0.0,1.0,-0.037748172527446874,46,62,16,0,31.5,-1
2025-08-26 07:15:00,2025-08-26 12:30:00,SHORT,109976.9,110523.1,-3.01,0,STOP_LOSS,1.0003811590317166,1.0004494438651819,1.002918408385776,1.0185036918703847,47.98537872128168,14.594803327906996,16.729865640405116,0.0016734990624123727,26.001370544815924,0.41445763990759443,0.8480311161127041,0.5,1.4663928811930491,0.0,0.0,0.0,0.0,0.0,0.0,0.0,0.0,1.0,0.0,0.0,-0.04396246295501434,27,62,35,0,34.6,-1
2025-08-26 13:30:00,2025-08-26 18:15:00,SHORT,109897.2,110489.8,-3.26,0,STOP_LOSS,1.0009725273083696,1.001334701701572,1.0023942427733765,1.015399110809751,46.75729121314708,48.52613041956268,61.29672191934748,-0.02787409587425204,18.913016009911875,1.189027901580117,0.9958027596075901,0.5,3.9204816558950273,0.0,0.0,0.0,0.0,0.0,0.0,0.0,0.0,0.0,0.0,0.0,-0.06609976012702681,20,62,42,0,32.2,-1
2025-08-28 11:15:00,2025-08-28 14:15:00,LONG,112944.8,112642.9,-1.62,0,STOP_LOSS,1.000499055013556,0.9998752368695171,0.9967848293598787,0.9904390081470618,53.30197405844652,17.29248071844087,23.239053198021637,-0.3016447973461305,34.314143750511455,0.7312214106306735,0.40152245077612714,0.5,1.2497551817127852,0.0,0.0,0.0,0.0,0.0,0.0,0.0,0.0,0.0,0.0,0.0,-0.03182344622673024,60,31,29,0,54.4,1
2025-08-29 07:00:00,2025-08-29 09:15:00,SHORT,110539.7,109738.8,4.37,1,STOP_LOSS,1.0054135735335654,1.0076973272629384,1.0110447293480205,1.0129392142871794,27.245080074421107,48.06886172710199,41.285241719044976,-0.17000538482915586,30.33215365258112,0.36112228202218244,1.1870860878063823,0.5,3.0174909919890656,0.0,0.0,0.0,0.0,0.0,0.0,0.0,0.0,1.0,0.0,1.0,-0.017847906314731415,39,62,23,0,39.1,-1
2025-08-29 13:45:00,2025-08-29 20:45:00,SHORT,109106.8,107799.9,7.25,1,STOP_LOSS,1.0084707870169956,1.0097083422166298,1.0139157423059035,1.0220168399467782,28.60153004922282,28.73758048821552,60.066098500575464,-0.027962111741792545,35.50697975690823,0.6288711893331391,1.0590259861378428,0.5,3.478053776300378,0.0,0.0,0.0,0.0,0.0,0.0,1.0,0.0,1.0,0.0,0.0,0.23446474664781689,21,62,41,0,33.1,-1
2025-09-01 00:00:00,2025-09-01 01:30:00,SHORT,107973.2,108296.5,-1.82,0,STOP_LOSS,1.004796972608074,1.006851861600575,1.0073525463769664,1.009294712174701,24.39028058872844,0.0,0.0,-0.6027118986212414,29.115987671029163,0.31330323507345603,1.3801045464205737,0.5,2.9772344863468825,0.0,0.0,0.0,0.0,0.0,0.0,1.0,0.0,1.0,0.0,1.0,0.061031878955356646,36,62,26,-1,33.7,-1
2025-09-01 02:45:00,2025-09-01 06:30:00,SHORT,107621.4,108095.6,-2.67,0,STOP_LOSS,1.0027129954243374,1.0054656211884805,1.0080090704870548,1.0116350694969611,29.889700126389393,34.24144712124239,41.003470837836005,-0.22193176575522292,37.24955981112097,0.2897382791466208,0.8317876701121774,0.5,1.6497638018689778,0.0,0.0,0.0,0.0,0.0,0.0,0.0,0.0,1.0,0.0,0.0,0.10684865039903364,34,62,28,-1,33.7,-1
2025-09-01 11:30:00,2025-09-01 12:00:00,SHORT,108507.7,108910.1,-2.25,0,SENAL_ALCISTA,1.002663620951343,1.0026967610809037,1.000994158758246,1.0023623137866335,45.17858405423426,13.465162560463714,12.096186724727945,-0.430220095567133,30.375642083986314,0.7380244709628633,0.9025702208600045,0.5,0.6176549255124428,0.0,0.0,0.0,0.0,0.0,0.0,0.0,0.0,0.0,0.0,0.0,0.2705684083621636,29,62,33,-1,45.0,-1
2025-09-01 15:45:00,2025-09-01 18:15:00,SHORT,108787.3,109175.9,-2.16,0,SENAL_ALCISTA,1.0012762231619172,1.0015329026126831,1.0002233089306385,1.0001548755477427,46.41802129933617,4.354778458884077,11.750438873970925,-0.19347438258983948,18.17883659115124,1.088176143798161,1.107976877609534,0.5,1.1060463532037283,0.0,0.0,0.0,0.0,0.0,0.0,0.0,0.0,0.0,0.0,0.0,0.2231296141186549,33,62,29,-1,45.0,-1
2025-09-01 20:30:00,2025-09-01 22:45:00,SHORT,108468.9,108439.2,0.17,1,STOP_LOSS,1.0048465035338048,1.0049318371677654,1.0040960533773298,1.003390267172768,35.55154234454039,41.397599201495694,66.06142856913698,-0.14024958461977355,15.284659081757988,1.1174098193867503,2.009428342504065,0.5,2.5002274678136556,0.0,0.0,0.0,0.0,0.0,0.0,1.0,1.0,0.0,0.0,0.0,0.23189338708286542,27,62,35,-1,48.5,-1
2025-09-02 13:45:00,2025-09-02 16:15:00,LONG,111167.7,110501.2,-3.63,0,STOP_LOSS,0.988801648627936,0.988709454615612,0.9881582080283121,0.9831788408168187,67.58114448957889,84.02393783924543,59.711454590730156,0.2055881680405196,30.914079967503678,1.268425861840459,0.6753869841774437,0.5,2.9288707484140337,0.0,0.0,0.0,0.0,0.0,1.0,0.0,1.0,0.0,1.0,0.0,0.17505034674424957,62,36,26,0,58.5,1
2025-09-02 18:15:00,2025-09-03 03:30:00,LONG,110478.0,110959.0,2.63,1,SENAL_BAJISTA,1.0021202570298715,1.00169772354703,0.9991793208301909,0.9917575181233036,47.4035465564133,10.166167511011583,19.077183548802907,-0.16779945814518368,16.99144395224938,1.1037750718649297,1.3494537606557595,0.5,1.38157369457092,0.0,0.0,0.0,0.0,0.0,0.0,0.0,1.0,0.0,0.0,0.0,0.12861633975476097,62,37,25,0,58.3,1
2025-09-03 09:15:00,2025-09-03 12:45:00,LONG,111134.9,111118.5,-0.09,0,STOP_LOSS,0.998960160048329,0.9986883133928353,0.9984494580063905,0.9919130241541543,55.563812898031195,59.40875351865522,61.87582202269689,0.1519316133217871,14.363055457636154,1.73562018329738,1.3448267099777635,0.5,1.3687220914612495,0.0,0.0,0.0,0.0,0.0,0.0,0.0,1.0,0.0,0.0,0.0,0.17377917210568944,64,29,35,0,61.8,1
2025-09-03 13:45:00,2025-09-03 16:30:00,LONG,111472.5,111729.8,1.39,1,STOP_LOSS,0.9996213798452833,0.9989145890033665,0.9975699337799973,0.9906674357843989,54.77026236533741,46.08872806267152,36.85747147858016,-0.018651662704087683,28.023795037137848,1.002543530402513,0.325140173540124,0.5,2.7886529422944446,0.0,0.0,0.0,0.0,0.0,0.0,0.0,1.0,0.0,0.0,0.0,0.18262342854258373,64,31,33,0,66.4,1
2025-09-05 02:00:00,2025-09-05 09:15:00,LONG,111289.1,112222.1,5.07,1,STOP_LOSS,0.9968163269453055,0.9952021808407575,0.9935973391652299,0.9948132518758555,64.4086809949097,51.558839818405474,40.25570520543938,0.06829018077702154,25.88833316717259,1.4353322547168392,0.6321898033380974,0.5,1.9834216320062883,0.0,0.0,0.0,0.0,0.0,1.0,0.0,0.0,1.0,0.0,0.0,-0.07792635051407854,62,46,16,0,55.8,1
2025-09-05 12:45:00,2025-09-05 14:00:00,LONG,113209.7,112238.2,-5.21,0,STOP_LOSS,0.9945856516932559,0.9928409463972035,0.9888350074448065,0.9821894322405247,75.95968369612265,97.5183813010234,72.85543688413573,0.07434495637465083,40.007872971475,0.8041199800269739,0.19018359509195057,0.5,1.7491989606571063,0.0,0.0,0.0,0.0,0.0,1.0,0.0,1.0,0.0,0.0,0.0,0.06701979439300522,62,36,26,0,49.5,1
2025-09-05 19:45:00,2025-09-05 21:30:00,LONG,111607.3,110858.3,-4.06,0,STOP_LOSS,0.9965623977296793,0.9964661968112832,0.998317534847288,0.9963720531177455,57.67033358903406,99.5631355960311,98.76532868103497,0.43910392966396367,26.558813962547724,0.9295940035548634,0.7908563699409304,0.5,1.3192197953177567,0.0,0.0,0.0,0.0,0.0,0.0,0.0,1.0,0.0,0.0,0.0,0.28281792244023757,62,39,23,0,54.1,1
2025-09-08 00:15:00,2025-09-08 00:45:00,LONG,111226.8,110823.7,-2.19,0,STOP_LOSS,1.000063257622996,0.999892548080171,0.99924943716964,0.9974013635701936,50.99822569203861,18.779653527478334,39.20336772068596,-0.04076866511645165,22.49306927065849,1.1660059036127197,0.9288629389101793,0.5,1.3138826480092658,0.0,0.0,0.0,0.0,0.0,0.0,0.0,1.0,0.0,0.0,0.0,-0.08647371724093668,61,32,29,0,51.7,1
2025-09-08 03:15:00,2025-09-08 09:15:00,LONG,111141.4,111846.3,3.82,1,STOP_LOSS,0.9995682092684984,0.999563468383479,0.9995786039862167,0.9982362925147998,51.75692943491096,87.42658813247715,75.98789659692834,0.10759828202031775,17.067700749094545,1.5120537806826926,1.2215575401630063,0.5,1.0506157530934777,0.0,0.0,0.0,0.0,0.0,0.0,0.0,1.0,0.0,0.0,0.0,-0.0757187694383141,62,17,45,0,51.7,1
2025-09-08 13:45:00,2025-09-08 15:30:00,LONG,111912.0,112652.2,3.99,1,STOP_LOSS,1.0014141659620963,1.000245440083567,0.9976939298389389,0.9934989330156456,51.399014288731806,30.84505171444794,44.88619320067541,-0.10135504626612855,40.47267446888595,0.5707727240585295,0.3741641240769903,0.5,2.169602953917927,0.0,0.0,0.0,0.0,0.0,0.0,0.0,0.0,0.0,0.0,0.0,-0.12740018807569276,62,37,25,0,63.8,1
2025-09-08 22:15:00,2025-09-09 00:15:00,LONG,112317.6,111657.0,-3.56,0,STOP_LOSS,0.9993032141984001,0.9991867195398891,0.9982436113262312,0.9928211581418819,53.51792324966504,91.66842711004509,87.28425200455871,0.12755172581455312,18.17765135884348,1.4363083450389431,0.95898013103084,0.5,0.6548538856875232,0.0,0.0,0.0,0.0,0.0,0.0,0.0,1.0,0.0,0.0,0.0,-0.15137370398911118,62,35,27,0,57.7,1
2025-09-09 04:45:00,2025-09-09 10:15:00,LONG,112014.6,112690.8,3.65,1,STOP_LOSS,0.9977489024755063,0.997478966659449,0.998479788956934,0.9959235488817753,60.185361255637886,98.95397801235144,99.30265200823429,0.42899896920315733,23.40087412530817,1.0890508768695362,0.8780639369406544,0.5,1.790064299632124,0.0,0.0,0.0,0.0,0.0,0.0,0.0,0.0,0.0,0.0,0.0,-0.1319365773065586,62,33,29,0,63.1,1
2025-09-09 13:00:00,2025-09-09 14:00:00,LONG,112764.8,112430.0,-1.8,0,SENAL_BAJISTA,0.9994598611646879,0.9994466592947358,0.9977682489427419,0.9922607102498707,53.3250843260147,39.00000432361807,39.4722928630822,-0.203255528901087,19.640909060113923,0.8344123616374018,1.201459470004072,0.5,1.6852911917793265,0.0,0.0,0.0,0.0,0.0,0.0,0.0,0.0,0.0,0.0,0.0,-0.13406833152601563,62,29,33,0,46.2,1
2025-09-10 12:30:00,2025-09-10 17:15:00,LONG,113261.3,113470.5,1.12,1,STOP_LOSS,0.9936470844115279,0.9919262675272484,0.9893692734211397,0.9871594392509887,75.73753790997378,87.65179567782596,57.83326610719672,0.1382507505547336,26.3305415641029,1.734837957626231,0.4350575833361253,0.5,5.465773005096277,0.0,0.0,0.0,0.0,0.0,1.0,0.0,1.0,0.0,0.0,0.0,-0.000467519789019773,62,39,23,0,64.2,1
2025-09-10 23:45:00,2025-09-11 09:00:00,LONG,113945.5,113897.2,-0.26,0,STOP_LOSS,0.999013687951638,0.9983020003989815,0.995782074873912,0.9873858835847473,58.76936779258426,45.19588262571749,48.40175207503313,0.003775006246006009,23.490594989877703,1.2040252185022131,0.7100671241212287,0.5,1.9751883720806809,0.0,0.0,0.0,0.0,0.0,0.0,0.0,1.0,0.0,0.0,0.0,-0.02390620293525745,62,23,39,0,63.6,1
2025-09-11 12:00:00,2025-09-11 12:30:00,LONG,114258.0,113866.9,-2.07,0,STOP_LOSS,0.9981556502486034,0.9981315322850115,0.9975300643137519,0.9899399981591062,59.860605152390754,78.85174991230573,65.14237425305464,0.08308010375570951,17.19143244782126,1.9962983036038768,1.135868245640837,0.5,3.151896139114871,0.0,0.0,0.0,0.0,0.0,1.0,0.0,1.0,0.0,0.0,0.0,-0.051054357814788856,62,33,29,0,63.2,1
2025-09-11 13:45:00,2025-09-12 00:45:00,LONG,114634.7,115830.5,6.3,1,STOP_LOSS,0.9948830650851286,0.9947269677805459,0.9943163499036183,0.987214099066513,62.02618265679912,54.65569604638493,32.257158553751154,0.07974617062223292,20.075783974436533,1.4376607995317126,1.1493691565446353,0.5,1.6999392223904013,0.0,0.0,0.0,0.0,0.0,1.0,0.0,1.0,0.0,1.0,0.0,-0.17715346992432146,62,41,21,0,63.2,1
2025-09-12 12:15:00,2025-09-12 20:00:00,LONG,115117.8,116240.2,5.91,1,STOP_LOSS,0.9989506610158588,0.9994417335006325,0.9996091683189751,0.9926080449967536,51.77805140226103,54.15084101267872,53.55719068576965,0.0451189203922433,12.536137660938715,1.8758141964030952,1.7766996695478743,0.5,1.4009565104556259,0.0,0.0,0.0,0.0,0.0,0.0,0.0,1.0,0.0,0.0,0.0,-0.118841848568709,64,39,25,0,65.4,1
2025-09-15 04:15:00,2025-09-15 06:45:00,LONG,115953.4,116126.1,0.91,1,STOP_LOSS,0.9962704863151068,0.995715361866142,0.9961437086489144,0.9965625348919588,66.67268115411484,96.43049307774925,93.54649459955961,0.33895653077004806,19.861199320577413,2.05208221031262,0.8873172691626819,0.5,3.436306790233818,0.0,0.0,0.0,0.0,0.0,0.0,0.0,0.0,0.0,0.0,0.0,0.05195682394447069,62,42,20,0,59.3,1
2025-09-16 04:45:00,2025-09-16 09:30:00,LONG,115510.0,115530.4,0.11,1,STOP_LOSS,0.9982024916843556,0.9977787040551964,0.9974747822971913,0.9985220629346518,58.31070359682184,83.02774905797565,64.69966375145994,0.1453228137179306,13.343665527949025,1.852985281520366,1.5245683913487864,0.5,1.5226516484562074,0.0,0.0,0.0,0.0,0.0,1.0,0.0,0.0,0.0,0.0,0.0,-0.15806429154907575,62,27,35,0,58.0,1
2025-09-16 15:45:00,2025-09-16 20:15:00,LONG,115911.1,116725.4,4.28,1,STOP_LOSS,0.9950373333655721,0.9949725361370112,0.9953775689188453,0.9955082779967253,64.48409124450349,85.85553818335663,70.96649586211578,0.21646234376732965,25.585805117793942,1.0942297534599024,0.6076951183755012,0.5,1.4620615234319325,0.0,0.0,0.0,0.0,0.0,1.0,0.0,1.0,0.0,1.0,0.0,-0.21091650174279994,62,27,35,0,57.5,1
2025-09-17 00:00:00,2025-09-17 03:45:00,LONG,116617.6,116361.8,-1.34,0,STOP_LOSS,1.001082118948813,1.0003255056728133,0.9973703408231419,0.9923868582299128,51.35300649719856,8.605164010851208,10.65038477324665,-0.28509618646152257,20.680780623075766,0.9659995143290889,0.9264029406246848,0.5,1.4008111615252283,0.0,0.0,0.0,0.0,0.0,0.0,0.0,0.0,0.0,0.0,0.0,-0.025960534582396926,62,24,38,1,58.9,1
2025-09-17 05:45:00,2025-09-17 08:30:00,LONG,117107.6,116747.2,-1.88,0,STOP_LOSS,0.995940374122797,0.9956433918337343,0.9946369246924761,0.9897559317152694,66.87152392010299,79.80759301263362,63.836418984281565,0.18737806043629265,17.624953771573168,2.1858349882727595,0.7310117749196086,0.5,4.5219115945227255,0.0,0.0,0.0,0.0,0.0,1.0,0.0,1.0,0.0,1.0,0.0,-0.018975198362140278,62,36,26,1,64.6,1
2025-09-17 21:30:00,2025-09-18 23:00:00,LONG,115947.4,116776.4,4.36,1,STOP_LOSS,0.9984951941796635,0.9982945465005715,0.9998087780199051,1.0003422028552806,53.319815388102604,84.06184204738098,76.33424459491584,0.13833854260748504,18.87683602019288,0.925516153311324,0.8657994554193897,0.5,0.12711124792348408,0.0,0.0,0.0,0.0,0.0,0.0,0.0,0.0,1.0,0.0,0.0,-0.32997225852462475,59,30,29,1,56.2,1
2025-09-22 00:15:00,2025-09-22 03:30:00,SHORT,115181.6,114524.5,3.48,1,STOP_LOSS,1.0009335918249147,1.0014516035450731,1.00223402713824,1.004533966176134,40.823485110257764,29.519269099439608,34.05643587869315,-0.08170430931466559,26.281851740609323,0.6795155493193237,1.0875181320811527,0.5,2.5837413304737327,0.0,0.0,0.0,0.0,0.0,0.0,0.0,0.0,1.0,0.0,1.0,-0.17731433971375765,41,62,21,0,35.1,-1
2025-09-22 05:45:00,2025-09-22 06:30:00,SHORT,113675.2,112961.8,3.84,1,STOP_LOSS,1.0053881328931293,1.007130152946248,1.0101734816464472,1.015616701539259,28.133065903704463,51.59868937089031,69.59730070725766,-0.07159998455234734,39.37361076809312,0.2785811141755156,1.0602521314564917,0.5,2.1705101835832776,0.0,0.0,0.0,0.0,0.0,0.0,0.0,0.0,1.0,0.0,0.0,0.024807507925616413,36,62,26,0,22.5,-1
2025-09-22 13:45:00,2025-09-22 19:45:00,SHORT,113136.9,112114.3,5.54,1,STOP_LOSS,0.9971753910345643,0.9972445599190165,1.001451156483799,1.0137986160293344,55.15858687631452,83.02917012245504,87.83915845561549,0.31575586524231414,36.70690707051894,0.5522748354638172,0.6984643659282228,0.5,1.8843282843082958,0.0,0.0,0.0,0.0,0.0,0.0,0.0,0.0,1.0,0.0,0.0,0.06285972338749037,39,62,23,0,26.8,-1
2025-09-23 00:00:00,2025-09-23 03:15:00,SHORT,112541.3,112302.1,1.31,1,STOP_LOSS,1.0008308819308214,1.000776102065747,1.0018918254030655,1.0130037488974064,46.56017393469775,17.5632081252457,35.18553622394409,-0.004245060410642064,14.292520769479566,1.5310026235082035,1.680917964239665,0.5,2.066693815977439,0.0,0.0,0.0,0.0,0.0,0.0,0.0,0.0,0.0,0.0,0.0,0.0814398419880336,32,61,29,0,28.9,-1
2025-09-23 04:30:00,2025-09-23 06:30:00,SHORT,112264.3,112921.5,-3.6,0,STOP_LOSS,0.9991734616657296,1.0000100181829807,1.0018831855853423,1.0128995513401655,48.888375357448496,73.43973121879043,75.53762184662867,0.03648120632395381,10.545851532924619,2.2431141137407877,2.1612400855687564,0.5,1.508176677818225,0.0,0.0,0.0,0.0,0.0,0.0,0.0,0.0,1.0,0.0,0.0,0.0007560812160967317,47,64,17,0,37.6,-1
2025-09-23 13:30:00,2025-09-23 21:15:00,SHORT,112796.4,112070.4,3.96,1,STOP_LOSS,1.000934518676273,1.0009444938012202,1.0002094863337894,1.0059967414254085,46.43660280220955,37.526795732875,49.34621042447578,-0.14519878421592464,15.07248458488591,0.9697004151248392,1.2196265691550714,0.5,2.9013832927000727,0.0,0.0,0.0,0.0,0.0,0.0,1.0,0.0,1.0,0.0,0.0,-0.137369380941118,22,64,42,0,36.1,-1
2025-09-24 00:00:00,2025-09-24 04:15:00,SHORT,112026.5,112014.9,0.06,1,STOP_LOSS,1.000090369086616,1.0003404338781339,1.0020190789754504,1.0090429141926889,47.47888933029492,60.99677892980513,63.9714137912041,0.13077505158431865,20.39681508229097,0.6118334882091356,1.2343220136416448,0.5,1.9327288673516416,0.0,0.0,0.0,1.0,0.0,0.0,0.0,0.0,0.0,0.0,0.0,-0.23461070585625712,38,64,26,0,31.4,-1
2025-09-24 13:45:00,2025-09-24 14:30:00,SHORT,112830.4,113381.4,-3.01,0,STOP_LOSS,1.001397778910126,1.0005244052634357,0.9986053420128079,1.0001395179336656,49.907772228238365,47.137912559419945,57.054783435757344,-0.1313947828953432,18.544581228028157,1.0096750439321036,0.9647692735789258,0.5,2.657649876673461,0.0,0.0,0.0,0.0,0.0,0.0,0.0,0.0,1.0,0.0,0.0,-0.17308952499959715,44,61,17,0,47.6,-1
2025-09-25 01:30:00,2025-09-25 05:00:00,SHORT,112697.1,111841.0,4.67,1,STOP_LOSS,1.0037402428242197,1.0050437006502715,1.0051036485397098,1.0033022020578515,33.9759190006652,19.838267960566643,20.216144533873372,-0.236249489749069,22.708821686586568,0.5112917609352496,1.3243752385998748,0.5,2.909169149222111,0.0,0.0,0.0,0.0,0.0,0.0,0.0,1.0,0.0,0.0,1.0,-0.12344443952581168,43,64,21,0,41.4,-1
2025-09-25 12:15:00,2025-09-25 14:00:00,SHORT,111129.0,111283.6,-0.86,0,STOP_LOSS,1.003125450898401,1.0047258725223316,1.008184158066402,1.013728316669526,34.11856606646125,16.610753171770675,11.99576800966496,-0.07537666979707151,23.434343947887147,0.7269927817184816,1.2001960179999183,0.5,2.412965631894315,0.0,0.0,0.0,0.0,0.0,0.0,0.0,0.0,1.0,0.0,1.0,-0.09111519499957105,37,64,27,0,36.5,-1
2025-09-25 17:15:00,2025-09-25 18:45:00,SHORT,109936.2,109758.4,1.0,1,STOP_LOSS,1.0077195086022868,1.0105318080818642,1.0143322398420502,1.0221996874838213,30.8401108715999,14.05446018977463,32.04738839584216,-0.27318673013316674,22.500222506208594,0.5748106324727341,1.714863036018718,0.5,2.097011075796408,0.0,0.0,0.0,0.0,0.0,0.0,1.0,0.0,1.0,0.0,1.0,-0.10597830193409681,29,64,35,0,26.3,-1
2025-09-26 00:45:00,2025-09-26 13:30:00,SHORT,109471.5,109608.1,-0.77,0,STOP_LOSS,0.9979654287618098,0.9993606021204462,1.0047161160754523,1.0193671953862258,49.24990627718054,63.478307547008775,61.40916002450304,0.12020167998248878,27.149751430075106,0.8040557144275683,1.098406176484731,0.5,1.8330586759308705,0.0,0.0,0.0,0.0,0.0,0.0,0.0,0.0,1.0,0.0,0.0,-0.09400849911737048,26,67,41,-1,30.6,-1
2025-09-26 15:45:00,2025-09-26 17:15:00,SHORT,109026.0,109928.8,-5.1,0,STOP_LOSS,1.0010254430001904,1.00138837838459,1.0025884355304293,1.0140746729228867,46.3942663241141,49.18615923017322,40.073881106940945,-0.008946643409841613,16.563672581618768,1.052041875662891,1.2967540592512914,0.5,0.5304581230804222,0.0,0.0,0.0,0.0,0.0,0.0,0.0,0.0,0.0,0.0,0.0,0.06751324479775939,11,67,56,-1,28.4,-1
2025-09-29 04:00:00,2025-09-30 04:15:00,LONG,111794.4,114183.1,13.13,1,STOP_LOSS,1.0000225601554362,0.9995084603547688,0.9951134145533455,0.9863678128063735,54.77679420114574,19.317455901562504,15.23640697797792,-0.4296423491869355,40.85136825550105,0.5521371474824559,0.332413620257029,0.5,1.50062902407268,0.0,0.0,0.0,0.0,0.0,0.0,0.0,1.0,0.0,0.0,0.0,0.011633803558583686,62,24,38,0,61.2,1
2025-09-30 19:45:00,2025-09-30 22:15:00,LONG,114369.7,114004.9,-1.97,0,STOP_LOSS,0.9954087074589777,0.9928480483914843,0.9920373591106504,0.9864207686995777,74.77153418596225,99.99999999999999,99.99999999999999,0.4752148238547612,33.2728213004224,1.235233265869596,0.23697016742811183,0.5,2.0482725992414235,0.0,0.0,0.0,0.0,0.0,1.0,0.0,0.0,1.0,0.0,0.0,0.044135650044256625,62,38,24,0,67.6,1
2025-10-01 01:15:00,2025-10-01 10:00:00,LONG,114367.4,116259.5,10.23,1,STOP_LOSS,0.9983247951564171,0.9974414236758258,0.9956142672359847,0.9887671177191474,61.608387757402085,89.61192454881328,63.4306216498065,0.0071111614558263606,32.71906508769296,0.7897982130172174,0.3584159825271182,0.5,1.2983995583154289,0.0,0.0,0.0,0.0,0.0,1.0,0.0,1.0,0.0,0.0,0.0,-0.03690874022235971,62,31,31,0,65.0,1
2025-10-01 15:15:00,2025-10-01 17:30:00,LONG,117496.0,117135.6,-1.91,0,STOP_LOSS,0.9967530647111988,0.9932655827527908,0.9865958007256698,0.9719832300013164,76.11805968444128,70.28285042679465,64.01585682260097,0.06121429232695047,57.89739579540017,0.5969400732926649,0.10577102102692698,0.5,1.308808106446639,0.0,0.0,0.0,0.0,0.0,0.0,0.0,1.0,0.0,0.0,0.0,0.09275403934517978,62,42,20,0,78.3,1
2025-10-01 18:30:00,2025-10-02 00:45:00,LONG,117058.7,118435.2,7.31,1,STOP_LOSS,1.0008362199452667,1.0003616584011676,0.9951119742367638,0.9788846736528991,51.683599434057946,17.76066957846359,11.67028382137078,-0.41535641786245237,42.92572073031351,0.552187100071156,0.4676164230015001,0.5,1.3832530344319995,0.0,0.0,0.0,0.0,1.0,0.0,0.0,1.0,0.0,0.0,0.0,0.10791736760263221,62,35,27,0,78.3,1
2025-10-02 06:30:00,2025-10-02 14:30:00,LONG,118632.5,119008.4,1.98,1,STOP_LOSS,0.9992530642616253,0.9992082768308497,0.9959281507317767,0.9777848684241086,54.21112642254141,20.911296183736532,10.111363709438988,-0.2528893166089909,27.37058033539731,0.7544386680608427,0.5608902530680412,0.5,1.306409953663862,0.0,0.0,0.0,0.0,0.0,1.0,0.0,1.0,0.0,0.0,0.0,0.13166966567115296,64,13,51,1,79.0,1
2025-10-02 15:30:00,2025-10-02 21:45:00,LONG,119628.3,120134.2,2.64,1,STOP_LOSS,0.9973862441900728,0.9960058328351761,0.9932476965265973,0.9770682746691384,60.41009216973625,41.82710466878635,24.745392680443725,0.01910119327640524,23.040245452663694,1.040771824535972,0.8070637977172912,0.5,1.2716931978316333,0.0,0.0,0.0,0.0,0.0,1.0,0.0,1.0,0.0,1.0,0.0,-0.02634674382894444,64,21,43,1,82.9,1
2025-10-03 03:30:00,2025-10-03 07:30:00,LONG,120333.5,119627.4,-3.67,0,STOP_LOSS,0.998773041262745,0.9988739431155192,0.9975086176830323,0.9819888473470386,53.80717384049825,84.72007570819468,70.7390837510782,0.019114790955901538,12.798486563050616,1.4675645224286662,1.1885124630235941,0.5,1.347660487596321,0.0,0.0,0.0,0.0,0.0,0.0,0.0,1.0,0.0,0.0,0.0,-0.04444053013125384,64,24,40,1,78.2,1
2025-10-03 09:15:00,2025-10-03 16:45:00,LONG,120282.0,122544.4,11.74,1,STOP_LOSS,0.9972327618455569,0.9972026544234023,0.9973858320294477,0.9854341970569264,60.78968035109868,99.99999999999999,94.09016351661663,0.24263450552272844,19.797365897698466,1.393342242109022,1.1767655281522444,0.5,1.5536121132287204,0.0,0.0,0.0,0.0,0.0,1.0,0.0,0.0,0.0,0.0,0.0,0.009958478015358273,64,22,42,1,74.6,1
2025-10-06 00:45:00,2025-10-06 05:00:00,LONG,123357.7,123340.7,-0.09,0,STOP_LOSS,1.000704150217469,0.9991861824775268,0.9986262910083777,0.9938003322781109,54.8506902569458,81.90051084285153,92.65714407840075,0.18751934634959516,28.837545155361713,1.1273249137822172,0.7901689864608722,0.5,2.6386066254294365,0.0,0.0,0.0,0.0,0.0,0.0,0.0,0.0,0.0,0.0,0.0,0.1664093664047719,67,21,46,1,68.1,1
2025-10-06 07:00:00,2025-10-06 07:45:00,LONG,124026.7,123382.8,-3.26,0,STOP_LOSS,0.9986108889540808,0.9979073762716535,0.9964437180036498,0.9906271592034538,59.92439589146458,90.51719579535515,80.86587534340663,0.03435899258422787,17.586185442200975,1.398520488361852,1.0025742043035757,0.5,2.379373389052531,0.0,0.0,0.0,1.0,0.0,0.0,0.0,0.0,0.0,0.0,0.0,0.033120915496289746,67,31,36,1,64.2,1
2025-10-06 11:15:00,2025-10-06 19:00:00,LONG,124374.8,125658.2,6.47,1,STOP_LOSS,0.9969932008922764,0.9961496510800188,0.9948403960835536,0.9891056477424844,62.32638721488936,69.96902397972687,76.28474523930016,0.10640073869581851,16.417475788082402,1.8199797170869896,1.1138967463124814,0.5,1.3120382617806816,0.0,0.0,0.0,0.0,0.0,0.0,0.0,1.0,0.0,1.0,0.0,-0.12341464508502069,67,27,40,1,67.8,1
2025-10-07 04:30:00,2025-10-07 06:15:00,LONG,124592.8,123889.2,-3.55,0,STOP_LOSS,0.9986205081181797,0.9997316251645884,1.0007658965028465,0.9947517608621215,49.34790935948965,69.42454926394456,52.71895735303726,0.026906333765666965,37.05138582083051,0.4588646431326699,0.7164082041140196,0.5,1.3485979637294518,0.0,0.0,0.0,0.0,0.0,0.0,0.0,1.0,0.0,0.0,0.0,-0.1679606805318149,66,37,29,1,58.1,1
2025-10-07 09:15:00,2025-10-07 13:30:00,LONG,124128.5,123787.7,-1.72,0,STOP_LOSS,0.9983550951009299,0.9992775160335944,1.00146364767298,0.9985706337173716,50.52682820087452,89.24154724912715,71.65214707816286,0.18795811418181474,40.08310988222048,0.4369660322076473,0.6293767337748427,0.5,1.5654241887867169,0.0,0.0,0.0,0.0,0.0,1.0,0.0,0.0,1.0,0.0,0.0,-0.17840739078169374,67,48,19,1,62.0,1
2025-10-08 03:15:00,2025-10-08 08:15:00,SHORT,121452.2,121920.5,-2.42,0,SENAL_ALCISTA,1.0028721348209273,1.0030396690077277,1.0051661011929185,1.0134361265930416,41.26860190821669,41.17616129482006,61.80091134177548,-0.018566493269757574,21.350571897529697,0.6196624543217235,1.259148276070304,0.5,1.3645308563008107,0.0,0.0,0.0,0.0,0.0,0.0,0.0,0.0,1.0,0.0,0.0,-0.1434026757322683,32,61,29,0,44.4,-1
2025-10-08 08:30:00,2025-10-08 13:30:00,LONG,122828.1,121894.9,-4.76,0,STOP_LOSS,0.9922302389326701,0.9910328088686651,0.9918887210576967,0.9998105460961881,70.89427863568605,86.2359914549576,72.67867775087629,0.3213393016174221,21.890404234816756,1.618641578667853,0.7606044659072251,0.5,2.831482915365593,0.0,0.0,0.0,0.0,0.0,0.0,0.0,0.0,0.0,1.0,0.0,-0.04276687490407692,64,36,28,0,53.5,1
2025-10-08 17:00:00,2025-10-08 20:45:00,LONG,123671.7,122845.6,-4.17,0,STOP_LOSS,0.9934197285176074,0.991941845283476,0.990210061044469,0.9926747158760023,68.02664610148574,96.89040795954858,93.23089326774581,0.18550644104529204,20.661958023515705,1.531804252387432,0.7659817347151907,0.5,1.5793383424202367,0.0,0.0,0.0,0.0,0.0,1.0,0.0,1.0,0.0,1.0,0.0,-0.0796890046210329,64,46,18,0,55.9,1
2025-10-09 08:30:00,2025-10-09 10:30:00,SHORT,121323.8,122218.6,-4.6,0,STOP_LOSS,1.0028029090216308,1.0047122788202014,1.0075774287220622,1.011062512122507,34.7078107446495,13.657113591372427,21.774351370324244,-0.14354176635176513,32.00926973049703,0.2740343266164439,0.9118713124642605,0.5,2.2669701551786114,0.0,0.0,0.0,0.0,1.0,0.0,0.0,0.0,1.0,0.0,0.0,-0.08283627115745996,41,59,18,0,51.9,-1
2025-10-09 12:00:00,2025-10-09 13:30:00,LONG,123008.0,122765.2,-1.23,0,STOP_LOSS,0.9956267203909176,0.993328050391808,0.9935725358481695,0.9966425541098942,68.20397755516203,97.28694902422623,98.17782024548752,0.5552567366147999,28.565923809112892,1.0972843413201523,0.4297555736555454,0.5,1.5837487275934843,0.0,0.0,0.0,0.0,0.0,0.0,0.0,0.0,1.0,1.0,0.0,-0.0637422460479945,67,43,24,0,44.0,1
2025-10-09 16:45:00,2025-10-09 19:15:00,SHORT,119821.1,121097.2,-6.62,0,STOP_LOSS,1.0097895595655193,1.0143514373612634,1.0176385735063977,1.0220711734579324,25.76465223090885,10.998902823387368,15.964501611124206,-0.37732652267360206,33.72857701760946,0.39664844343510963,1.1850254529248727,0.5,2.117196355656506,0.0,0.0,0.0,0.0,0.0,0.0,0.0,0.0,1.0,0.0,1.0,0.10305077797703882,43,59,16,0,43.1,-1
2025-10-10 02:30:00,2025-10-10 05:45:00,SHORT,121234.2,121597.9,-1.86,0,STOP_LOSS,1.00212304102209,1.0021492172828494,1.0022095966361952,1.0070048612308349,42.84227408355085,4.403973281497688,6.566250517015002,-0.24696020584133807,16.042486307638903,1.0001100376685275,1.8153631735402351,0.5,1.9794826128789926,0.0,0.0,0.0,0.0,0.0,0.0,0.0,0.0,1.0,0.0,0.0,-0.003967615700146695,29,61,32,0,44.2,-1
2025-10-10 07:45:00,2025-10-10 08:45:00,SHORT,120948.6,121623.1,-3.45,0,STOP_LOSS,1.0026729432512274,1.003236537216705,1.0037256900183011,1.0081856011878836,39.39393204485497,9.37018775248535,22.400062780274464,-0.15339424054950374,16.316504095877598,0.9782968106665453,1.794697488155314,0.5,1.2755686444819399,0.0,0.0,0.0,0.0,0.0,0.0,0.0,0.0,0.0,0.0,1.0,-0.008477883651489451,28,61,33,0,43.8,-1
2025-10-10 13:00:00,2025-10-10 13:45:00,LONG,121807.2,121666.2,-0.71,0,STOP_LOSS,0.9980292266854282,0.9974379507711757,0.9970960604114768,1.0003676149705794,61.01241756757684,69.37524352908284,54.383862452894306,0.12557119952893753,10.737356372754506,2.785263285863658,1.5949949381817974,0.5,2.383666077362002,0.0,0.0,0.0,0.0,0.0,0.0,0.0,0.0,0.0,0.0,0.0,-0.011172280966830924,59,31,28,0,36.5,1
2025-10-10 15:15:00,2025-10-10 21:00:00,SHORT,119227.7,112234.2,36.2,1,TAKE_PROFIT,1.013004377983266,1.0162882409167104,1.0176481442407708,1.0214793885086149,22.467341259574006,0.0,2.6637436548345206,-0.4948714825959812,19.43035453995511,0.6358308530501738,2.0165730159528352,0.5,3.455538845479068,0.0,0.0,0.0,0.0,0.0,0.0,1.0,0.0,0.0,0.0,1.0,-0.0813465615581947,44,61,17,0,36.5,-1
2025-10-10 21:00:00,2025-10-10 21:30:00,SHORT,112234.2,110971.8,7.08,1,STOP_LOSS,1.0304101897604447,1.0427287775869742,1.0577826719835688,1.0768338071096493,15.286478136904398,44.45579933792222,73.38401428363669,-0.2634402448292495,60.18113285070314,0.0677941580938311,0.9090808826299694,0.5,3.9932170290636826,0.0,0.0,0.0,0.0,0.0,0.0,1.0,0.0,0.0,0.0,0.0,0.24767828588600332,38,61,23,0,22.2,-1
2025-10-14 00:45:00,2025-10-14 09:45:00,SHORT,114968.9,111283.0,20.27,1,TAKE_PROFIT,1.0022886459415303,1.0028678099160384,1.001558392882205,0.9961112062798397,39.850965885463864,3.281503818008721,5.514521967835214,-0.32666744355175437,25.118673757204917,0.6848946873541505,0.8995686093084282,0.5,1.3319065237297243,0.0,0.0,0.0,0.0,0.0,0.0,1.0,0.0,0.0,0.0,0.0,-0.13511394598570478,36,63,27,0,42.2,-1
2025-10-14 10:30:00,2025-10-14 11:00:00,SHORT,110367.9,111352.3,-5.7,0,STOP_LOSS,1.0069348418660193,1.0127467176351004,1.0221254765403291,1.031833485945814,17.386574381409936,0.433827076072441,13.080602966943117,-0.1767664216846122,55.77279083089047,0.10823394263946001,0.7419805853708019,0.5,1.8225154955795941,0.0,0.0,0.0,0.0,0.0,0.0,0.0,0.0,1.0,0.0,0.0,-0.07096775410252754,39,64,25,0,35.6,-1
2025-10-14 14:15:00,2025-10-14 15:45:00,SHORT,111807.3,112900.5,-6.23,0,STOP_LOSS,0.9947810787055514,0.9954822191709584,1.002207646092878,1.015120535662557,56.765033694240266,97.90255852767656,85.52926138955628,0.2868032509629426,41.614742929299936,0.5444904168485704,0.5852244034266794,0.5,1.4246892593818061,0.0,0.0,0.0,0.0,1.0,1.0,0.0,0.0,1.0,0.0,0.0,0.05701875844689859,41,64,23,0,43.0,-1
2025-10-14 19:30:00,2025-10-14 22:00:00,SHORT,112121.3,113429.9,-7.41,0,SENAL_ALCISTA,1.0061365788804388,1.0037256145469953,1.0023270941243383,1.0106942922449533,46.17714077934787,44.91570149361935,43.70371320505563,-0.046552940343498314,17.10404300586532,1.1844577309995155,1.7414978243011046,0.5,1.9043466684318835,0.0,0.0,0.0,0.0,0.0,0.0,0.0,0.0,1.0,0.0,0.0,0.15948268939821328,37,64,27,0,42.1,-1
2025-10-15 01:15:00,2025-10-15 02:15:00,SHORT,112476.7,113553.1,-6.05,0,STOP_LOSS,1.0034231469930814,1.0038160629418775,1.0023196629892082,1.0068691782940957,42.61882337218938,8.936899774853162,13.807877070088628,-0.24306878748329327,15.21032737969178,0.9608940003266042,1.7776493389594579,0.5,1.4963952580036453,0.0,0.0,0.0,0.0,0.0,0.0,0.0,0.0,1.0,0.0,0.0,0.06305106616935065,28,65,37,0,40.5,-1
2025-10-15 03:15:00,2025-10-15 08:00:00,SHORT,112265.5,112905.1,-3.59,0,SENAL_ALCISTA,1.004168257990846,1.0050206090026887,1.004309555695232,1.008447849281084,41.32956279488795,13.537092567132945,34.83888816498693,-0.1696104717325215,15.424072177684232,1.3281081096327583,2.082921083964137,0.5,1.676564242202812,0.0,0.0,0.0,0.0,0.0,0.0,1.0,0.0,0.0,0.0,0.0,0.05533623213985369,21,67,46,0,40.5,-1
2025-10-15 11:00:00,2025-10-15 15:15:00,SHORT,112247.7,111167.0,6.06,1,STOP_LOSS,1.0018396782284416,1.0025294918607364,1.0028720251963532,1.006836234078444,41.70376946067584,0.0,0.8369752419756297,-0.16068621504780428,10.71008744564064,2.0499283203865146,2.0052355380145093,0.5,1.394764614481398,0.0,0.0,0.0,0.0,1.0,0.0,1.0,1.0,0.0,0.0,0.0,0.03216717375540627,36,67,31,0,40.8,-1
2025-10-15 21:30:00,2025-10-16 02:45:00,SHORT,111110.6,111502.8,-2.23,0,STOP_LOSS,0.9998494368269111,1.000243477254995,1.0027482434245387,1.0115617686761955,48.67398772824543,26.28209429895577,32.14998251682768,0.02558379748056106,15.732861515970589,1.1036793242755687,1.4787425208309248,0.5,1.3942442882020194,0.0,0.0,0.0,0.0,0.0,0.0,0.0,0.0,1.0,0.0,0.0,-0.04653420508929541,37,67,30,0,37.9,-1
2025-10-16 05:45:00,2025-10-16 10:00:00,SHORT,110946.9,111389.0,-2.51,0,STOP_LOSS,1.0020759141739115,1.0021638690484715,1.0024234280847255,1.009776268890064,45.58751929571566,19.27543888776037,17.726978595639327,-0.11783288748984988,16.989802349558076,1.1283414074828901,1.4238283575981547,0.5,1.3200266279971324,0.0,0.0,0.0,0.0,0.0,0.0,0.0,0.0,0.0,0.0,0.0,-0.17483291987538233,20,61,41,0,38.3,-1
2025-10-16 14:00:00,2025-10-16 14:30:00,SHORT,110225.4,111362.5,-6.5,0,STOP_LOSS,1.0073300904710456,1.0083132965113621,1.0084987640527179,1.0140884926878757,33.306804976708385,13.19593435168463,15.451904185689987,-0.21820398415171255,17.4001499212538,0.8836806388826802,1.8809629222301874,0.5,1.309026426449528,0.0,0.0,0.0,0.0,0.0,0.0,0.0,0.0,1.0,0.0,0.0,-0.13904703640994123,28,67,39,0,33.8,-1
2025-10-16 15:30:00,2025-10-17 03:45:00,SHORT,109229.1,109178.1,0.29,1,STOP_LOSS,1.0106198553952428,1.0140428712078586,1.0160485237672028,1.0225725192451876,31.992089039053223,21.941190731126355,37.607802259841264,-0.28838803384055695,20.229792511830276,0.7663702991320827,1.7930370074173705,0.5,3.0576362515522937,0.0,0.0,0.0,0.0,0.0,0.0,0.0,0.0,0.0,0.0,1.0,-0.1900594899279514,27,67,40,0,33.8,-1
2025-10-17 05:45:00,2025-10-17 10:45:00,SHORT,108375.3,104752.6,20.97,1,STOP_LOSS,1.0032100145864489,1.0032324903328778,1.004202207807001,1.017722956477301,41.62160741759801,10.147032149909645,18.432571153447682,-0.20728042960357435,17.307753033768087,0.9237608791127988,1.378651425308884,0.5,1.7200163950930265,0.0,0.0,0.0,0.0,0.0,0.0,0.0,0.0,1.0,0.0,0.0,-0.103915203448897,21,72,51,-1,29.1,-1
2025-10-20 00:00:00,2025-10-20 02:15:00,SHORT,108071.2,108447.2,-2.21,0,STOP_LOSS,1.0055960584937413,1.0065510272457978,1.0042325668497878,0.9976711299294404,34.49509243021508,4.828277657251208,8.009902149244887,-0.39588360322957045,25.30031796922564,0.6885249693476566,1.3582619291589821,0.5,2.5820485837543896,0.0,0.0,0.0,0.0,0.0,0.0,0.0,1.0,0.0,0.0,1.0,-0.06678817529009387,49,67,18,-1,57.8,-1
2025-10-20 13:30:00,2025-10-20 16:30:00,LONG,110928.3,110490.2,-2.5,0,STOP_LOSS,0.9993543707214421,0.9992874184380847,0.9954432071881584,0.9815583244581655,53.958295305601524,26.709685185139882,19.83350120661558,-0.2163731811436159,27.68669717062035,0.9494409428316668,0.6116344433821206,0.5,2.397459311712866,0.0,0.0,0.0,0.0,0.0,0.0,0.0,1.0,0.0,0.0,0.0,0.05178591708747349,59,32,27,0,61.8,1
2025-10-21 14:15:00,2025-10-21 17:15:00,LONG,109672.8,112394.7,15.71,1,STOP_LOSS,0.9938890404729271,0.9908874606329879,0.9914195268266565,0.9948903315317023,65.31963177269314,58.623183915641874,49.92511252701249,0.23318186570511962,32.605701107183634,1.1832876708257236,0.4563168622055118,0.5,2.5793297762279908,0.0,0.0,0.0,0.0,0.0,0.0,0.0,0.0,1.0,0.0,0.0,-0.03594782342419586,59,41,18,0,65.6,1
2025-10-22 11:00:00,2025-10-22 13:45:00,SHORT,107969.6,108786.5,-4.83,0,STOP_LOSS,0.9996729671249996,1.0007808963709228,1.0046872115687033,1.011342975524712,46.404310793067204,24.088241267410684,29.3255509354479,0.011397251983926104,34.7649564248099,0.21312354931943925,1.051379169678978,0.5,4.951612155552143,0.0,0.0,0.0,1.0,0.0,0.0,0.0,0.0,1.0,0.0,0.0,0.06902739441934913,32,67,35,-1,43.4,-1
2025-10-22 19:45:00,2025-10-23 00:45:00,SHORT,107865.2,107859.5,0.03,1,STOP_LOSS,1.0012690636005872,1.0018179307626154,1.0029986466081806,1.009334065822394,45.38842377995815,44.79781567345184,55.219890959771185,-0.03251154115152925,19.2851256102755,0.7495418226834801,1.2300701198334818,0.5,1.0425915115169597,0.0,0.0,0.0,0.0,0.0,0.0,1.0,0.0,1.0,0.0,0.0,-0.1612437545573739,17,67,50,-1,45.0,-1
2025-10-23 16:45:00,2025-10-23 19:45:00,LONG,110261.9,110198.1,-0.37,0,STOP_LOSS,0.9963184869102037,0.9943421665410558,0.991479997961079,0.9878846612893901,64.59565984787007,83.37911567008042,85.89578836419196,0.14566155141490467,18.35807373564654,1.4927162581698974,0.6904569486330443,0.5,1.288453101772828,0.0,0.0,0.0,0.0,0.0,0.0,0.0,1.0,0.0,0.0,0.0,-0.03524749490593827,59,37,22,0,55.0,1
2025-10-23 23:45:00,2025-10-24 05:15:00,LONG,110068.3,111009.0,5.44,1,STOP_LOSS,0.9991896906059172,0.9990910730646282,0.9977128240040101,0.992245867321471,53.144211358425046,99.68777899601746,96.660029063481,0.05602551898991458,15.647970202783883,1.2654309070389351,1.4065646301831605,0.5,0.5645501953774237,0.0,0.0,0.0,1.0,0.0,0.0,0.0,1.0,0.0,0.0,0.0,-0.047467091676439165,59,29,30,0,54.3,1
2025-10-24 07:45:00,2025-10-24 13:30:00,LONG,111068.0,110690.1,-2.17,0,STOP_LOSS,1.0007095294570552,0.9993222781314177,0.9958634548453656,0.9872776776780013,54.76969466565442,10.518078503094035,23.309498727635205,-0.15019865891279183,25.68060455637246,0.8835468592055441,0.8527579359061523,0.5,1.747615053078248,0.0,0.0,0.0,0.0,0.0,0.0,0.0,1.0,0.0,0.0,0.0,-0.06975369654904465,59,28,31,0,58.8,1
2025-10-27 00:00:00,2025-10-27 08:15:00,LONG,114865.1,115140.5,1.53,1,STOP_LOSS,0.9964346081132298,0.9934108139523925,0.9892185087299369,0.9774914346054933,66.78817697864952,82.96719637857318,79.18986458326624,0.23190090100989436,43.46373835912349,0.867128239536069,0.1853482894682393,0.5,1.537777611825583,0.0,0.0,0.0,0.0,0.0,0.0,0.0,1.0,0.0,0.0,0.0,-0.3041498070423709,62,31,31,0,74.1,1
2025-10-29 14:00:00,2025-10-29 16:30:00,SHORT,112702.2,111313.8,7.87,1,STOP_LOSS,1.0030329850826025,1.0032826761594986,1.0036374501673961,1.007894081651773,40.42332169157926,5.360629904420115,38.69396323775344,-0.12924232646122039,15.855837619899441,1.13230664905103,1.759316027378264,0.5,2.778071829612461,0.0,0.0,0.0,0.0,0.0,0.0,1.0,0.0,0.0,0.0,0.0,-0.04208699657597983,20,62,42,-1,40.5,-1
2025-10-29 18:00:00,2025-10-29 18:45:00,SHORT,111193.4,110807.7,2.22,1,STOP_LOSS,1.0026402193934847,1.0060208267412243,1.0108130282081769,1.0189793155738374,36.25299367573284,86.88464596165694,74.63933435527346,-0.007976993336687013,35.27847340962598,0.4451067301968668,0.8451426270011447,0.5,2.6345819644695427,0.0,0.0,0.0,0.0,0.0,0.0,0.0,0.0,1.0,0.0,0.0,-0.01598902641555979,23,62,39,-1,36.4,-1
2025-10-30 04:15:00,2025-10-30 05:30:00,SHORT,108390.0,109916.5,-9.04,0,STOP_LOSS,1.0163203633840447,1.0192747686407975,1.0237228389990027,1.037292081908949,21.375171891089874,20.483228607532133,42.48629249862217,-0.26852128862076136,37.97909956982235,0.2349212762236123,1.386835199889296,0.5,4.468459839893505,0.0,0.0,0.0,0.0,0.0,0.0,0.0,0.0,1.0,0.0,0.0,-0.06905548305516382,32,67,35,-1,43.6,-1
2025-10-30 09:45:00,2025-10-30 14:00:00,SHORT,110171.1,108080.4,12.12,1,STOP_LOSS,1.0029513887833215,1.0030897538764163,1.004400349713052,1.0168218775044675,44.35949144177182,0.12181074803363334,3.391588182336659,-0.14433070198271683,20.32590646497641,0.9931992123119648,1.3377764982903206,0.5,1.7688330964093093,0.0,0.0,0.0,0.0,1.0,0.0,0.0,0.0,1.0,0.0,0.0,-0.11144312279781009,23,67,44,-1,36.2,-1
2025-10-30 19:30:00,2025-10-30 21:15:00,SHORT,106736.4,107633.9,-5.41,0,STOP_LOSS,1.0032585344314466,1.007424574277102,1.0158973348169273,1.0377677893565427,31.681408014566827,18.209673453317816,14.819352397085026,-0.013224051409301468,46.653868919359205,0.18163898189177802,0.6475291862247833,0.5,1.7897146963718604,0.0,0.0,0.0,0.0,0.0,0.0,0.0,0.0,1.0,0.0,0.0,0.07796954846898858,20,67,47,-1,26.5,-1
2025-10-31 11:00:00,2025-10-31 11:45:00,SHORT,109568.2,110424.6,-5.01,0,STOP_LOSS,1.0022693346168912,1.0016204950972987,0.9985307279222809,1.0041540865648642,47.64030228175116,44.07484636320017,54.23964105392468,-0.15108545008391133,23.408633958299628,0.8860835576250023,0.7108660770425353,0.5,1.369593859779518,0.0,0.0,0.0,0.0,0.0,0.0,0.0,1.0,0.0,0.0,0.0,0.08552819140688879,29,61,32,-1,47.5,-1
2025-10-31 13:30:00,2025-10-31 14:45:00,SHORT,109609.0,110769.8,-6.77,0,STOP_LOSS,1.0022309335377169,1.0020051128454963,0.9996024725265008,1.0036637335741685,46.872710404277335,27.82312666089432,27.527473820192682,-0.10655451133224017,22.477308952990107,1.1483858277438947,1.0841797804592324,0.5,2.3205157044959956,0.0,0.0,0.0,0.0,0.0,0.0,0.0,1.0,0.0,0.0,0.0,0.009958086754449393,29,61,32,-1,46.5,-1
2025-10-31 16:45:00,2025-11-01 03:15:00,SHORT,108820.8,110026.3,-7.06,0,STOP_LOSS,1.0095251753771481,1.0104748958138703,1.008723293596487,1.0110281987557428,34.09026620983325,8.345718151118033,17.81623683633314,-0.2493435038562187,20.69514440814357,0.9396079118224502,1.5371892379329912,0.5,2.027072123819513,0.0,0.0,0.0,0.0,0.0,0.0,1.0,1.0,0.0,0.0,1.0,0.05436001076853674,40,67,27,-1,45.0,-1
2025-11-03 01:00:00,2025-11-03 11:15:00,SHORT,109730.0,107646.4,12.05,1,STOP_LOSS,1.0034098849478743,1.0037086411809963,1.0043481618184087,1.0043286950256962,40.95849069056407,39.45863266144673,56.71187586747202,-0.09004969230423365,24.567921660978417,0.6516061080592301,1.4626389428314677,0.5,2.6380882969124073,0.0,0.0,0.0,0.0,0.0,0.0,1.0,0.0,1.0,0.0,0.0,-0.003891249357797984,16,64,48,-1,35.9,-1
2025-11-03 15:15:00,2025-11-03 17:15:00,SHORT,105974.4,107083.9,-6.69,0,STOP_LOSS,1.0135531808774934,1.015181793775078,1.018423372790084,1.0300275868393136,29.144813288906978,30.582523681475987,31.448285037619968,-0.20471062591441705,17.735950297145575,0.9500300416954858,2.319187477836088,0.5,4.505342523441027,0.0,0.0,0.0,0.0,0.0,0.0,0.0,0.0,1.0,0.0,0.0,0.02162757661841536,20,64,44,-1,29.2,-1
2025-11-03 21:00:00,2025-11-04 01:30:00,SHORT,106555.4,107123.5,-3.39,0,STOP_LOSS,1.0020707419931723,1.0033318781005796,1.0065912040370997,1.0198523053623638,41.62867869137234,0.02412014677561937,1.5113269902291147,-0.04394552776307084,15.988243192799372,1.3580450368613175,1.6003857150450589,0.5,1.2252334100657878,0.0,0.0,0.0,0.0,1.0,0.0,0.0,0.0,1.0,0.0,0.0,0.013701775506372936,40,64,24,-1,36.1,-1
2025-11-04 05:15:00,2025-11-04 18:30:00,SHORT,105664.8,101263.3,26.47,1,STOP_LOSS,1.0089189875084024,1.0099428060110414,1.0112032360925514,1.0231520010067996,32.63327810368539,7.05754132481468,21.452765044945902,-0.21546934962908526,17.17847436026296,0.7917628863961099,2.315846054756451,0.5,2.2586295604505198,0.0,0.0,0.0,0.0,0.0,0.0,1.0,0.0,0.0,0.0,1.0,0.00625547632948092,21,72,51,-1,31.0,-1
2025-11-04 21:30:00,2025-11-04 22:15:00,SHORT,99294.6,101146.1,-12.02,0,STOP_LOSS,1.010531610920165,1.0180138984663059,1.0313163426199732,1.0633808544366006,21.702539031467445,37.357778635895116,60.98324904926732,-0.07075123000816329,42.94080399283441,0.2472163347551643,0.9196620883599308,0.5,1.4908755210250326,0.0,0.0,0.0,0.0,0.0,0.0,1.0,0.0,1.0,0.0,1.0,0.07870466484967494,24,72,48,-1,27.9,-1
2025-11-05 01:15:00,2025-11-05 02:00:00,SHORT,99110.9,101111.0,-12.92,0,STOP_LOSS,1.0134984175753132,1.0169713887546337,1.0259043425089003,1.0586770424885426,28.78040386334783,23.55056610725489,43.44093181288871,-0.10833005545738351,24.62083495190665,0.6261312778187503,1.4358811727120693,0.5,1.6583240836695479,0.0,0.0,0.0,0.0,0.0,0.0,0.0,0.0,1.0,0.0,1.0,0.11848451878465467,27,72,45,-1,31.4,-1
2025-11-05 11:00:00,2025-11-05 12:30:00,SHORT,101547.6,102721.9,-7.35,0,STOP_LOSS,1.0013678676671425,1.0017617340401372,1.0018830971598716,1.0231110586212802,46.33611118597569,21.493811486304697,32.85852141701061,-0.13381950408191184,10.613649362372078,1.2673277285480407,1.9441898864625102,0.5,1.0267177315943083,0.0,0.0,0.0,0.0,0.0,0.0,0.0,0.0,0.0,0.0,0.0,0.15032132214259683,23,72,49,-1,31.5,-1
2025-11-06 00:15:00,2025-11-06 03:15:00,SHORT,103445.4,103618.0,-1.06,0,STOP_LOSS,1.0027953224502455,1.0028346403307347,0.9998577579453007,1.0027916946622488,44.58320206415693,42.96224344143559,63.70341937966399,-0.11989135315664358,16.468355165254312,1.098504676898551,1.3446249108901516,0.5,1.4582329709276713,0.0,0.0,0.0,0.0,0.0,0.0,1.0,1.0,0.0,0.0,0.0,0.019178457012009688,40,67,27,-1,40.5,-1
2025-11-06 06:45:00,2025-11-06 13:15:00,SHORT,103329.0,103511.9,-1.12,0,STOP_LOSS,1.000846838331005,1.0014150094636594,1.0010869213401108,1.003262070805373,46.308533311148494,32.8616545096749,27.16444905270669,-0.08160111564536054,11.195754557690394,2.0174563683685465,1.9516142847853475,0.5,1.2116455518585092,0.0,0.0,0.0,0.0,1.0,0.0,0.0,1.0,0.0,0.0,0.0,-0.13589063882474678,27,63,36,-1,38.7,-1
2025-11-06 15:30:00,2025-11-06 17:45:00,SHORT,101793.2,101793.9,-0.0,0,STOP_LOSS,1.006533110053194,1.0093107816147704,1.011867091010597,1.0162797550204283,33.19888064157018,14.700008296200677,15.00670457020552,-0.208306849039734,23.404931644923348,0.6951210635629008,1.2554003493064865,0.5,1.7039413044402991,0.0,0.0,0.0,0.0,0.0,0.0,0.0,0.0,1.0,0.0,1.0,-0.12479955073788303,37,67,30,-1,34.3,-1
2025-11-06 23:15:00,2025-11-07 02:45:00,SHORT,101358.7,101904.9,-3.41,0,STOP_LOSS,0.9988119131087917,0.9994854470014635,1.0040224800169577,1.014965575515217,49.16007324306805,97.64721166726125,93.67965818204695,0.2074195020241593,15.87361674465071,1.1142183487372612,1.0492020927879888,0.5,1.2329686432284928,0.0,0.0,0.0,0.0,0.0,0.0,0.0,0.0,1.0,0.0,0.0,-0.0842104339189454,20,67,47,-1,32.1,-1
2025-11-07 06:45:00,2025-11-07 11:30:00,SHORT,101817.6,100152.8,10.32,1,STOP_LOSS,1.0029062394374832,1.0016068483755733,1.0004382953921804,1.0077006508876123,48.11158709036871,25.98127113138449,45.81470323117025,-0.08698002020391013,13.214661696044097,1.4922621803353042,1.6608681989609357,0.5,1.480068623223182,0.0,0.0,0.0,0.0,0.0,0.0,1.0,0.0,0.0,0.0,0.0,-0.15000513832490076,29,72,43,-1,37.0,-1
2025-11-07 12:30:00,2025-11-07 14:30:00,SHORT,99789.8,100799.1,-6.42,0,STOP_LOSS,1.0046762207015179,1.0094842127735657,1.0143891084397667,1.024753614938948,29.724934271294824,48.909387389504005,52.46318213357363,-0.2442284756317602,35.535547328857255,0.32028521569179885,1.0534054455596435,0.5,1.3798014550020843,0.0,0.0,0.0,0.0,0.0,0.0,1.0,0.0,1.0,0.0,1.0,-0.09949045782371128,26,72,46,-1,33.7,-1
2025-11-10 13:30:00,2025-11-10 14:30:00,LONG,106420.6,105647.5,-4.6,0,STOP_LOSS,0.9978103160405826,0.997525300558567,0.9950551345905126,0.979173357283525,59.329134866644345,90.99148975499084,58.883893686777185,0.04073351896335895,24.773017975766734,1.2923657762404797,0.5920973235875355,0.5,1.5087343961932047,0.0,0.0,0.0,0.0,0.0,1.0,0.0,0.0,0.0,0.0,0.0,-0.004143734044943957,59,26,33,0,56.9,1
2025-11-10 15:45:00,2025-11-10 17:45:00,SHORT,105073.4,105951.8,-5.28,0,STOP_LOSS,1.0040502046509021,1.006735391298626,1.006859782934972,0.9928688505531703,36.17095974627222,33.77152686923212,26.006833894120916,-0.288303643780602,27.688686004088858,0.5670457598024956,1.3226484733534385,0.5,1.5084962457706919,0.0,0.0,0.0,0.0,0.0,0.0,0.0,0.0,0.0,0.0,0.0,0.13025072693767065,28,61,33,0,56.9,-1
2025-11-11 00:45:00,2025-11-11 04:15:00,LONG,106141.6,105967.3,-1.03,0,STOP_LOSS,0.9978812115410135,0.9973448939250135,0.996780831792186,0.9869480016246445,56.59365587402106,41.151331036170085,38.700103913742836,0.022830591288082236,12.581836719816584,1.6088946621429128,1.3777225431038351,0.5,1.6785736509770022,0.0,0.0,0.0,0.0,0.0,0.0,0.0,0.0,1.0,1.0,0.0,0.15279156613074307,59,42,17,0,63.2,1
2025-11-11 13:00:00,2025-11-12 01:45:00,SHORT,104636.8,103245.7,8.36,1,STOP_LOSS,1.0027377435168856,1.0043540143656586,1.00680680340793,1.0037384526931843,36.2109242332277,4.620362999535967,8.130042641781392,-0.14824895437936764,15.250428857494834,0.9547779346251748,1.9360597131446884,0.5,1.76356121382479,0.0,0.0,0.0,0.0,0.0,0.0,0.0,0.0,0.0,0.0,0.0,0.06390768004814726,45,66,21,0,45.5,-1
2025-11-12 15:15:00,2025-11-12 19:30:00,SHORT,103459.4,101405.4,12.54,1,STOP_LOSS,1.0081347814155708,1.0099315463622156,1.007613005610338,1.0076090652395795,29.635759017821044,0.0,0.0,-0.5407590682453592,34.593072182265026,0.39808155465561074,1.0312437170489905,0.5,2.1180835988108466,0.0,0.0,0.0,0.0,0.0,0.0,1.0,1.0,0.0,0.0,0.0,-0.05498685934849315,30,72,42,-1,42.0,-1
2025-11-13 00:30:00,2025-11-13 03:30:00,SHORT,101845.8,102430.0,-3.65,0,STOP_LOSS,0.9986585656628963,0.9992888103482624,1.0040708551116526,1.0157574435908818,49.66915958040171,62.32679517307851,55.5020643592088,0.17075202975694945,24.98333223266498,0.7167876552527961,0.9240179599957148,0.5,1.44379881811329,0.0,0.0,0.0,0.0,0.0,0.0,0.0,0.0,1.0,0.0,0.0,0.13591195567745268,21,71,50,-1,43.4,-1
2025-11-13 09:00:00,2025-11-13 21:00:00,SHORT,102826.8,98620.0,25.98,1,STOP_LOSS,1.0057306546771665,1.0029652566776632,0.9992563249826714,1.0040788480245504,47.40192197211447,37.01920768701452,55.66467035374062,-0.10078317080357399,26.20160846093306,0.8120557855357334,1.0768775912804862,0.5,1.611311003425345,0.0,0.0,0.0,0.0,0.0,0.0,0.0,0.0,0.0,0.0,0.0,0.0005811864561944335,38,72,34,-1,47.5,-1
2025-11-14 03:15:00,2025-11-14 14:30:00,SHORT,99295.6,96422.3,18.64,1,STOP_LOSS,1.0014373096691382,1.0015058998358504,1.006091565971589,1.0246412498374151,46.15714209464372,44.70162142488148,54.36176502884763,0.07523369980223801,15.479917992227547,1.2114704093695492,1.5079128981920638,0.5,1.268444305264239,0.0,0.0,0.0,1.0,0.0,0.0,1.0,0.0,1.0,0.0,0.0,0.040055794774772016,20,72,52,-1,36.8,-1
2025-11-14 18:15:00,2025-11-15 02:30:00,SHORT,96060.1,96139.4,-0.54,0,STOP_LOSS,1.0033302473555028,1.0033945071450379,1.0074701767329395,1.0353599640875104,45.395178072619935,19.888642904041518,28.590790374474842,-0.030872108512780754,25.447548426156988,0.5748930039080817,0.9408904811145882,0.5,0.7150531609077597,0.0,0.0,0.0,0.0,0.0,0.0,0.0,0.0,1.0,0.0,0.0,-0.15299951844518514,12,72,60,-1,30.4,-1
2025-11-17 00:00:00,2025-11-17 03:45:00,SHORT,94233.7,95506.1,-8.78,0,STOP_LOSS,0.9983929156727327,0.9987511673739383,1.0031173753460498,1.0160425187709177,50.627275794075665,94.12057270755287,93.61490051893571,0.21234985485968305,19.610525010620666,1.0255648142062062,1.2049451828271385,0.5,1.2479038788362924,0.0,0.0,0.0,0.0,0.0,0.0,0.0,0.0,1.0,0.0,0.0,-0.005864365953540881,33,72,39,-1,40.8,-1
2025-11-17 13:00:00,2025-11-17 14:30:00,SHORT,94940.5,95138.5,-1.35,0,STOP_LOSS,1.00474388005424,1.005550917124645,1.0040797140472444,1.0069051373041402,36.80928596660882,12.815654866939642,18.5144299135002,-0.31189567570330873,15.594224497642784,0.922289940410131,1.5972428262673308,0.5,1.7866501613333057,0.0,0.0,0.0,0.0,0.0,0.0,0.0,1.0,0.0,0.0,1.0,-0.08502306273251724,36,72,36,-1,34.9,-1
2025-11-17 15:30:00,2025-11-18 08:30:00,SHORT,94233.8,91358.9,19.73,1,STOP_LOSS,1.0031823309247052,1.0061715090977374,1.0083275118222832,1.0132280653356605,39.50478331042568,64.6837374712157,70.3521941387033,-0.07523246625081029,21.02409957360211,0.9820667226411852,1.0095401384480474,0.5,1.3182304698977376,0.0,0.0,0.0,0.0,0.0,0.0,0.0,1.0,0.0,0.0,0.0,-0.0560114618415377,24,72,48,-1,34.9,-1
2025-11-18 13:30:00,2025-11-18 15:15:00,SHORT,91177.0,92798.0,-11.62,0,STOP_LOSS,1.0021343192842636,1.0009262765234552,1.0011932607233491,1.0208982380522909,49.25005587328769,18.0542344679329,38.70214085300791,-0.08385468568137125,16.23810757637969,0.9508908014342494,1.383598428565013,0.5,1.2472189179525957,0.0,0.0,0.0,0.0,0.0,0.0,1.0,0.0,1.0,0.0,0.0,0.015147832303196619,17,72,55,-1,40.9,-1
2025-11-19 00:15:00,2025-11-19 07:00:00,SHORT,92308.3,91312.6,7.01,1,STOP_LOSS,1.0048465110421452,1.0059692371546975,1.0034331459313957,1.0076404819834037,39.586709353703256,19.23476495744068,33.26396500037326,-0.25517798422382704,17.389533161253716,0.9498109887700378,1.930852335589806,0.5,2.2735492419779497,0.0,0.0,0.0,0.0,0.0,0.0,0.0,1.0,0.0,0.0,0.0,-0.054376040667842025,29,68,39,-1,37.5,-1
2025-11-19 12:30:00,2025-11-19 15:00:00,SHORT,91455.0,92029.9,-4.1,0,STOP_LOSS,0.9999937635902232,1.0002217348642968,1.0023211269018655,1.011029164325368,48.41561847061268,35.31818501414588,35.580364875398374,0.04110694624300002,16.16165633023553,1.1522875905248628,1.5570223097234197,0.5,1.3122018052946267,0.0,0.0,0.0,0.0,0.0,0.0,0.0,0.0,1.0,0.0,0.0,-0.06667181650564914,24,72,48,-1,31.0,-1
2025-11-19 16:00:00,2025-11-19 21:15:00,SHORT,90122.8,90108.2,0.11,1,STOP_LOSS,1.008689464722354,1.0121462220263393,1.0150519238582683,1.0242611047611436,34.471204498626484,3.686917727111828,17.5504347669101,-0.3428636996468004,16.83842832630388,0.8846338230162912,1.9992085710813823,0.5,1.3702319312725926,0.0,0.0,0.0,0.0,0.0,0.0,0.0,0.0,1.0,0.0,0.0,-0.06125106054645457,22,72,50,-1,28.1,-1
2025-11-20 06:45:00,2025-11-20 18:00:00,SHORT,91981.3,87699.1,30.29,1,STOP_LOSS,1.0040186579928647,1.003336370902218,0.9978642092634039,0.9985014999593307,46.29757490371185,3.264835976280672,6.441275792122386,-0.41601755014155717,38.46647342738176,0.5692284693596665,0.6851982605530199,0.5,1.3030060037100433,0.0,0.0,0.0,0.0,0.0,0.0,0.0,0.0,0.0,0.0,0.0,-0.0799162819823065,32,70,38,-1,46.1,-1
2025-11-20 22:00:00,2025-11-21 08:00:00,SHORT,87906.2,84502.3,25.61,1,STOP_LOSS,0.9923754438324132,0.9952450318791012,1.0095485114778786,1.0323564378441341,51.330756297240974,96.02168519911878,97.34779013274584,0.45360504953167086,36.711864894499435,0.5217420465134627,0.449676627195914,0.5,1.260514878952035,0.0,0.0,0.0,0.0,0.0,0.0,0.0,0.0,1.0,0.0,0.0,-0.12645507388801333,28,72,44,-1,29.6,-1
2025-11-21 09:30:00,2025-11-21 12:30:00,SHORT,82650.1,82997.0,-2.81,0,STOP_LOSS,1.013551727180303,1.0240251407359127,1.0388059545380728,1.0758910588386024,19.578105884904197,6.518339053773802,11.437603596665815,-0.29382523915457875,62.90418552221492,0.07202878102867696,0.7882870740345953,0.5,1.6707221969712627,0.0,0.0,0.0,0.0,0.0,0.0,0.0,0.0,1.0,0.0,0.0,-0.09554602850379208,21,72,51,-1,21.8,-1
2025-11-21 16:15:00,2025-11-22 00:00:00,SHORT,83278.6,85515.0,-17.97,0,STOP_LOSS,1.0021171607566164,1.0029412636249924,1.0106709413283539,1.05148432156769,46.96485895031384,6.91594323222219,24.095482686139412,-0.022761212676096845,30.812160769436183,0.6404244741566447,0.9031568102419355,0.5,0.8898718826321254,0.0,0.0,0.0,0.0,0.0,0.0,0.0,0.0,1.0,0.0,0.0,-0.06758233382024117,24,72,48,-1,31.3,-1
2025-11-24 00:00:00,2025-11-24 02:00:00,SHORT,86335.8,87906.4,-12.06,0,STOP_LOSS,1.008893548680598,1.0105802520197862,1.007881404753697,0.9983030765391573,35.209492440715856,0.0,0.0,-0.44369123804611044,29.144945699159067,0.5305044517761696,1.0387849941103637,0.5,2.437090405054254,0.0,0.0,0.0,0.0,0.0,0.0,1.0,1.0,0.0,0.0,1.0,-0.07392675999372383,48,72,24,-1,51.3,-1
2025-11-24 04:15:00,2025-11-24 16:00:00,SHORT,86593.0,86879.1,-2.18,0,STOP_LOSS,1.0073293906288177,1.0073448092603516,1.0058689052935492,0.9970911873221938,41.024996850886296,37.95687733947563,55.48920487527176,-0.05686928727367371,18.24495532087228,1.1620512958974267,1.6705095173138342,0.5,1.4002847836357175,0.0,0.0,0.0,0.0,0.0,0.0,1.0,1.0,0.0,0.0,0.0,-0.06808337292983684,30,72,42,-1,49.2,-1
2025-11-25 00:15:00,2025-11-25 03:00:00,SHORT,87882.6,87800.9,0.61,1,SENAL_ALCISTA,1.005267942248687,1.00578791561051,1.0006566066969869,0.9895163170949884,40.696113137841245,0.0,1.193235706817493,-0.5947714744479039,30.74348064288452,0.6382347517064676,0.8579556928702382,0.5,1.2869382883753653,0.0,0.0,0.0,0.0,0.0,0.0,1.0,0.0,0.0,0.0,0.0,0.019668622702620736,34,60,26,0,52.8,-1
2025-11-25 08:45:00,2025-11-25 10:45:00,SHORT,87008.4,87404.7,-3.0,0,STOP_LOSS,1.005713979879073,1.0083442153195985,1.0095856757927173,1.0024216516139386,30.654508281161892,12.726404311733225,11.887359753150086,-0.3238467500228307,18.254151424411543,0.7765896794433551,1.7995789260852977,0.5,1.8523103734142752,0.0,0.0,0.0,0.0,0.0,0.0,0.0,0.0,0.0,0.0,1.0,0.029140792218384507,45,69,24,0,50.3,-1
2025-11-25 13:45:00,2025-11-25 17:00:00,SHORT,87079.6,87471.7,-2.96,0,STOP_LOSS,1.003284675293363,1.0039525853159568,1.0056030433405758,1.0018130416077173,39.90400138250019,32.14751060421188,56.543937897831746,-0.01556692549404142,17.739730384867684,0.7392692556942038,1.6785238919226286,0.5,1.412447566452734,0.0,0.0,0.0,0.0,0.0,0.0,0.0,0.0,0.0,0.0,0.0,0.004434981406937052,31,64,33,0,48.2,-1
2025-11-26 09:30:00,2025-11-26 13:45:00,SHORT,86961.5,87118.3,-1.18,0,STOP_LOSS,1.004694966700524,1.00600233325565,1.0060135040888003,1.004236999992818,34.06454889739024,0.0,0.0,-0.34362267569467675,15.431368833403319,1.0607034458462192,1.8757213727869164,0.5,1.3151144608514944,0.0,0.0,0.0,0.0,0.0,0.0,1.0,1.0,0.0,0.0,1.0,-0.05388122195498056,41,72,31,0,48.7,-1
2025-11-27 12:45:00,2025-11-27 16:00:00,SHORT,90998.0,91238.0,-1.73,0,STOP_LOSS,1.0032986845571197,1.0040086260776695,1.000721367875133,0.9811212302574638,38.093492886350035,0.0,1.3697345794731692,-0.37593916461681043,27.467657754147773,0.533040801303964,0.9230222503927804,0.5,2.011691762384375,0.0,0.0,0.0,0.0,0.0,0.0,1.0,1.0,0.0,0.0,0.0,0.023345206905141618,49,72,23,0,64.9,-1
2025-11-27 22:45:00,2025-11-28 03:15:00,SHORT,91325.6,91204.3,0.87,1,STOP_LOSS,1.0010839292908307,1.001154944021581,0.9998343532535973,0.9849149751389346,46.549318389206015,22.73427971014484,21.990531822141914,-0.16972237407519628,19.506277879941074,0.9374772799820072,1.3200207843615017,0.5,1.518338992893751,0.0,0.0,0.0,0.0,0.0,0.0,0.0,0.0,0.0,0.0,0.0,-0.1315235364035902,32,58,26,0,65.7,-1
2025-11-28 09:00:00,2025-11-28 14:30:00,LONG,91653.7,91998.9,2.47,1,STOP_LOSS,0.9968132409362317,0.9963390757115301,0.9959662246681346,0.9861699692534943,59.69737363435065,66.77629105698458,48.430689458533365,0.09464367262413925,17.021939081678337,1.6441930763873303,1.2294030705933359,0.5,2.2524773956071225,0.0,0.0,0.0,0.0,0.0,0.0,0.0,0.0,0.0,0.0,0.0,-0.10608632750470474,59,40,19,0,64.7,1
2025-11-28 16:00:00,2025-11-28 16:45:00,LONG,91890.3,90927.4,-6.88,0,STOP_LOSS,1.0036705640860766,1.0013989867562596,0.998189581164962,0.9875382029655062,49.292606572175664,19.033387287254882,29.9843715187752,0.0038693174670985154,25.88147820576205,1.0727283501085139,0.8706787682420597,0.5,1.2800930274399736,0.0,0.0,0.0,0.0,0.0,0.0,1.0,1.0,0.0,0.0,0.0,-0.2146868521272814,59,38,21,0,59.1,1
2025-12-01 00:00:00,2025-12-01 01:00:00,SHORT,88927.4,87405.2,11.19,1,STOP_LOSS,1.0173078793070494,1.0219818027910905,1.0246301921451009,1.0234938187104603,14.218686568159704,0.0,0.5261272943944039,-0.560878436671272,33.59677603669125,0.20283894080164727,1.6858711781261122,0.5,8.803752104621852,0.0,0.0,0.0,0.0,0.0,0.0,1.0,0.0,0.0,0.0,1.0,0.09701034605295959,33,72,39,-1,28.0,-1
2025-12-01 12:00:00,2025-12-01 13:00:00,SHORT,85870.4,86088.2,-1.67,0,STOP_LOSS,1.0053056002956107,1.0070009183719444,1.0149049585660157,1.039996365017757,30.99956672177483,0.0,0.28926088000448913,-0.11708470179174321,35.82685570041454,0.285823781280413,0.9625578966046834,0.5,1.9701936719775521,0.0,0.0,0.0,0.0,0.0,0.0,1.0,0.0,1.0,0.0,0.0,0.19435744561878476,18,72,54,-1,23.8,-1
2025-12-01 14:00:00,2025-12-01 15:45:00,SHORT,86236.9,84680.0,11.87,1,STOP_LOSS,0.997343807690901,0.9991418392219441,1.0065272860775782,1.0325038223248029,49.46855498379905,82.31747207057722,76.77643615376134,0.06543270696181515,39.54990584105639,0.5126882587490188,0.8510579083580659,0.5,1.3774481778853833,0.0,0.0,0.0,0.0,0.0,0.0,0.0,0.0,1.0,0.0,0.0,0.16611104274242813,37,72,35,-1,23.8,-1
2025-12-02 07:00:00,2025-12-02 10:30:00,SHORT,86939.3,87068.3,-0.98,0,STOP_LOSS,1.0005799925054493,0.9991069987834148,0.9957194740633132,1.0079748403240534,54.92439317294625,49.25132804652448,61.85216217482516,-0.09939889748502409,30.75297185976009,0.841748602873853,0.5652720057509796,0.5,1.3724171498168165,0.0,0.0,0.0,0.0,0.0,0.0,0.0,1.0,0.0,0.0,0.0,-0.1264057099737095,39,62,23,-1,40.9,-1
2025-12-03 01:45:00,2025-12-03 06:30:00,LONG,92248.6,93313.8,7.63,1,STOP_LOSS,0.9951232140052881,0.9930150242975181,0.9844657731583815,0.9642324038032462,66.63613845537343,86.47941119942217,73.53784480559246,0.015968860672799158,20.760266212616497,1.4439891689471644,0.7930675067948897,0.5,2.2014951113756167,0.0,0.0,0.0,0.0,0.0,1.0,0.0,1.0,0.0,0.0,0.0,0.03390401242044328,59,39,20,0,64.8,1
2025-12-03 19:45:00,2025-12-04 11:15:00,LONG,93034.5,93006.2,-0.2,0,SENAL_BAJISTA,0.998020075147804,0.997309815721611,0.9963681683016186,0.9777514217845562,54.09013365761234,52.297929243232765,47.803013365510765,0.07576592072896092,9.932982348689942,2.3234095428857056,1.8853991092929583,0.5,0.4865329856512268,0.0,0.0,0.0,0.0,0.0,1.0,0.0,0.0,0.0,0.0,0.0,-0.15230970692396997,59,37,22,0,64.4,1
2025-12-10 05:30:00,2025-12-10 10:15:00,LONG,92616.2,92451.4,-1.18,0,STOP_LOSS,0.9991885969807365,0.9991242297685786,0.9983933592280386,0.9881685752130186,52.758656920432344,92.03055341434316,94.27187933224347,0.17796994161368904,20.6141788981354,0.8865372372100327,0.9960841071518028,0.5,0.740720460610536,0.0,0.0,0.0,0.0,0.0,0.0,0.0,0.0,0.0,0.0,0.0,0.17341316591478032,59,29,30,0,59.1,1
2025-12-10 20:00:00,2025-12-10 20:45:00,LONG,94268.8,92455.1,-12.76,0,STOP_LOSS,0.985915495185353,0.9823557772946656,0.9806237686590032,0.9749492517725988,74.91150906055763,66.68025000250918,51.986575894566,0.26033034847373887,24.163327254546317,1.2065992981641867,0.31647113045740455,0.5,3.770435124641281,0.0,0.0,0.0,0.0,0.0,1.0,0.0,0.0,0.0,1.0,0.0,-0.03521087686749556,59,35,24,0,53.0,1
2025-12-11 10:00:00,2025-12-11 15:00:00,SHORT,90339.5,90111.3,1.66,1,STOP_LOSS,0.9991162079237188,0.9993628863345216,1.003925976185372,1.0120809014750252,49.70574820924903,70.76720336107506,79.68121097788793,0.263548046396865,22.727534770820927,0.7407883049422571,0.8756417153481639,0.5,1.3000228066154298,0.0,0.0,0.0,0.0,0.0,0.0,0.0,0.0,1.0,0.0,0.0,-0.1057236248655533,22,61,39,-1,44.4,-1
2025-12-11 16:00:00,2025-12-11 18:00:00,SHORT,89396.5,90326.2,-6.86,0,STOP_LOSS,1.0054128078100422,1.0070324688746364,1.0101209714108452,1.0195585996638414,36.29545170006137,45.78618810855761,63.86229698429446,-0.12168212660049886,27.139307255928703,0.3987361466346886,0.9989575906115292,0.5,1.6583860276159283,0.0,0.0,0.0,0.0,0.0,0.0,0.0,0.0,1.0,0.0,1.0,-0.17430585927516268,26,67,41,-1,48.5,-1
2025-12-12 06:15:00,2025-12-12 13:30:00,LONG,92612.2,92270.2,-2.43,0,SENAL_BAJISTA,0.9980486309651063,0.9969653268639499,0.9931285587147876,0.9878103642758905,58.581366774373464,81.30434490846667,62.8537695142023,0.03174040447059841,22.284573843060027,1.3168686055156051,0.6634567458784886,0.5,1.4122165618804272,0.0,0.0,0.0,0.0,0.0,0.0,0.0,1.0,0.0,0.0,0.0,-0.18956756084905302,59,34,25,0,56.0,1
2025-12-12 16:00:00,2025-12-13 10:30:00,SHORT,89978.0,90601.0,-4.54,0,STOP_LOSS,1.0121064706756278,1.01870906811887,1.0219600155784347,1.01893506386049,18.59802830137575,0.8418003751993011,0.3314151972719782,-0.6714797984900381,23.14816454802653,0.38003163557053543,1.9235553007702957,0.5,2.5614974460089215,0.0,0.0,0.0,0.0,0.0,0.0,0.0,0.0,0.0,0.0,0.0,0.034249426020004296,39,67,28,-1,44.4,-1
2025-12-15 07:00:00,2025-12-15 19:30:00,SHORT,89555.4,86193.6,24.57,1,STOP_LOSS,1.000361566869864,0.9986094236622621,0.996207009505283,1.0013620422302931,56.32394183320442,34.96730912483709,31.195008731603945,-0.08753670555796611,32.209517408023025,0.9281847774914931,0.4630238979866729,0.5,1.37566961305881,0.0,0.0,0.0,0.0,0.0,0.0,0.0,0.0,1.0,0.0,0.0,-0.22267319572493768,35,72,37,-1,46.8,-1
2025-12-16 03:30:00,2025-12-16 06:15:00,SHORT,85772.7,86412.9,-4.95,0,STOP_LOSS,1.0013742954061557,1.0028209457919086,1.0085086490989932,1.0288637266551703,41.59705741682477,7.511170589367063,19.22028054556161,-0.028068045258179613,31.184881377513083,0.36291711100228585,0.9609700279900688,0.5,1.631453989500758,0.0,0.0,0.0,1.0,0.0,0.0,0.0,0.0,1.0,0.0,0.0,0.05489645986433079,21,72,51,-1,29.0,-1
2025-12-16 13:30:00,2025-12-16 14:45:00,SHORT,86940.7,87300.1,-2.73,0,STOP_LOSS,1.002089542701783,0.9994933159307413,0.9966404644800458,1.0085071464284905,54.03379528316304,48.88502459099985,62.51451658396792,-0.014541708786371378,30.123179132540617,0.8206394479762732,0.6336404572113363,0.5,4.614619613389555,0.0,0.0,0.0,0.0,0.0,0.0,0.0,0.0,0.0,0.0,0.0,0.06557650573099032,32,71,39,-1,45.3,-1
2025-12-17 00:30:00,2025-12-17 07:30:00,SHORT,87436.9,87013.0,3.2,1,STOP_LOSS,1.0022174675428812,1.0022789861433874,1.0000060225754865,1.00224476829484,45.20476180721865,0.0,21.332536364079317,-0.21380374879134753,16.183525297542875,1.0812257698869094,1.3999285492000932,0.5,0.6773255831443878,0.0,0.0,0.0,0.0,0.0,0.0,1.0,1.0,0.0,0.0,0.0,-0.11159700485103306,33,63,30,-1,41.6,-1
2025-12-17 09:15:00,2025-12-17 11:45:00,SHORT,86333.9,86976.9,-4.93,0,STOP_LOSS,1.0026813282205829,1.004824103521049,1.007712778125229,1.012732389214311,35.02267159555186,17.809466586350272,29.73226106734678,-0.0804637385834976,18.140880225919982,1.1470189843626366,1.5182310623026611,0.5,1.279268418099902,0.0,0.0,0.0,0.0,0.0,0.0,0.0,0.0,0.0,0.0,0.0,-0.09216696597529841,27,70,43,-1,40.3,-1
2025-12-17 16:45:00,2025-12-18 09:30:00,SHORT,86986.7,87363.9,-2.86,0,STOP_LOSS,1.0048387486665917,1.005847940371387,1.0037850346056887,1.0049039139874376,45.916081760838445,6.630859507589031,2.86560079578653,-0.32543813061671617,28.90249143688475,0.8780864852863653,1.1011991785718596,0.5,0.6214595322433383,0.0,0.0,0.0,0.0,0.0,0.0,0.0,0.0,0.0,0.0,0.0,0.23885476537489625,20,72,52,-1,35.8,-1
2025-12-18 17:00:00,2025-12-19 03:00:00,SHORT,86382.6,86370.0,0.1,1,STOP_LOSS,1.0172170718064064,1.0174971998267277,1.0131380634889413,1.009067151455338,36.39622016906332,2.7001428440514155,2.7001428440514155,-0.29645912820775044,30.83951405196897,0.5269820913385793,1.0453569293174652,0.5,2.052904242142096,0.0,0.0,0.0,0.0,0.0,0.0,0.0,1.0,0.0,0.0,1.0,-0.23616137179254054,35,72,37,-1,35.2,-1
2025-12-19 12:00:00,2025-12-19 14:30:00,SHORT,88204.0,88509.0,-2.28,0,STOP_LOSS,0.9997840086632789,0.9970711543141676,0.9906772745990587,0.9857950526405178,61.937747148362156,40.100647012371844,54.38227005824632,-0.16568566198338192,48.07109880168154,0.51056628361754,0.31132774001189273,0.5,1.8709009446568852,0.0,0.0,0.0,0.0,0.0,0.0,0.0,0.0,0.0,0.0,0.0,-0.046644844032909645,35,62,27,-1,52.2,-1
2025-12-19 17:30:00,2025-12-19 22:30:00,SHORT,87121.0,88389.6,-9.58,0,STOP_LOSS,1.008870254104242,1.010315450092995,1.0076259453841299,1.0006203683969483,36.57202121498938,3.550043188441228,9.820034719668335,-0.2433448878674537,28.946339264373375,0.6564053120592086,0.8857109582309172,0.5,1.7306619178971951,0.0,0.0,0.0,0.0,0.0,0.0,0.0,1.0,0.0,0.0,1.0,0.025916717466369622,33,72,39,0,51.6,-1
2025-12-22 02:30:00,2025-12-22 03:15:00,SHORT,88389.4,88777.5,-2.87,0,SENAL_ALCISTA,1.002233598565717,1.002339455401898,1.0010881989591291,0.9979660167764879,46.506726135542515,6.286432734673024,6.2317154695815695,-0.19928927928842,26.256389993136672,0.8481355418769456,0.9984987978703693,0.5,0.7218922207038203,0.0,0.0,0.0,0.0,1.0,0.0,0.0,1.0,0.0,0.0,0.0,-0.13438517914010212,37,67,30,0,56.8,-1
2025-12-22 04:15:00,2025-12-22 13:30:00,LONG,88951.0,89765.3,5.98,1,STOP_LOSS,0.997567584468014,0.9968131596482859,0.995434438141949,0.9920535402030634,57.61172303656921,69.33890941898174,55.9875431776851,0.03636726860415891,17.652914276766285,1.3755188760413188,1.1629624448567704,0.5,1.4493014342196864,0.0,0.0,0.0,0.0,0.0,1.0,0.0,1.0,0.0,0.0,0.0,-0.12782726233666464,59,37,22,0,59.8,1
2025-12-23 05:30:00,2025-12-23 11:30:00,SHORT,87786.3,87812.8,-0.2,0,STOP_LOSS,1.002965522313522,1.0050872973439076,1.0084294791021695,1.0099833106047134,33.64173313232255,8.38629950868764,7.93519238225198,-0.15218854444473737,32.11324989378159,0.32636885066805593,1.1576191922581998,0.5,2.0318659542077384,0.0,0.0,0.0,0.0,0.0,0.0,0.0,0.0,1.0,0.0,0.0,-0.09369646561940315,34,72,38,0,44.5,-1
2025-12-23 16:00:00,2025-12-23 18:30:00,SHORT,87796.0,88118.6,-2.41,0,STOP_LOSS,0.996317592197484,0.9970646424715137,0.999344066090312,1.005585980739757,55.72629123860658,76.17942008981512,59.337561097716424,0.019911023977204758,23.574682037994464,1.1692365917024536,0.906751254491469,0.5,2.073176459705367,0.0,0.0,0.0,0.0,0.0,1.0,0.0,0.0,1.0,0.0,0.0,0.041054403611878704,43,72,29,-1,46.5,-1
2025-12-23 22:30:00,2025-12-24 20:00:00,SHORT,87572.1,87613.3,-0.31,0,STOP_LOSS,1.000849998904927,1.001416388493118,1.0019092388798978,1.0067650479600185,46.86307113300441,5.3700900545358055,4.525512075828504,-0.11899594555402944,11.587499768960113,1.5068960678061996,1.8487182508257356,0.5,1.2806638640146517,0.0,0.0,0.0,1.0,0.0,0.0,0.0,0.0,1.0,0.0,0.0,-0.10696028617807639,29,72,43,-1,44.6,-1
2025-12-24 23:15:00,2025-12-25 15:00:00,SHORT,87606.9,87772.9,-1.24,0,STOP_LOSS,1.0018594038147866,1.0005674246286207,0.998562095956226,1.0003933825169715,50.06915728751805,37.85713704094234,67.85458700383265,-0.027386740138634392,18.88945344760664,1.2430966086811641,1.2839314886092554,0.5,1.5556241783459837,0.0,0.0,0.0,0.0,0.0,0.0,0.0,0.0,0.0,0.0,0.0,-0.23576067527032338,36,72,36,-1,48.4,-1
2025-12-25 22:45:00,2025-12-26 01:30:00,SHORT,87654.1,87395.2,1.93,1,STOP_LOSS,1.0020635086923055,1.003073740171157,1.0027672876886975,1.0011372740489939,35.18993964766561,6.982759101898617,15.271405817268759,-0.2921911642126474,26.205577586854112,0.45282442208567975,1.6826668713014479,0.5,4.436546909538317,0.0,0.0,0.0,1.0,0.0,0.0,1.0,1.0,0.0,0.0,0.0,0.11505583645340053,55,72,17,-1,44.3,-1
2025-12-26 07:30:00,2025-12-26 10:00:00,SHORT,88790.5,88877.8,-0.64,0,SENAL_ALCISTA,1.00335294200626,1.0008541532871185,0.9963405791907901,0.9906669982178316,50.80757609902769,66.66666666666666,74.8380917997234,-0.10613124526256622,35.76392171196685,0.8898905712315377,0.6825044230160517,0.5,1.6042341288549558,0.0,0.0,0.0,0.0,0.0,0.0,0.0,0.0,0.0,0.0,0.0,0.29861299172144146,42,72,30,0,54.2,-1
2025-12-26 11:00:00,2025-12-26 13:45:00,SHORT,88675.0,89002.3,-2.42,0,STOP_LOSS,1.0010283964553552,1.0011436168358234,0.9989466101025417,0.9930896766253505,47.39238335861513,37.321374357076195,35.00809870275829,-0.19441216033747585,15.426005588974709,1.4737195400107441,1.511618115160477,0.5,0.6791822938985135,0.0,0.0,0.0,0.0,0.0,0.0,0.0,0.0,0.0,0.0,0.0,0.3248766016891633,24,61,37,0,54.6,-1
2025-12-26 15:15:00,2025-12-26 20:30:00,SHORT,87010.6,87686.1,-5.08,0,STOP_LOSS,1.0105321615247602,1.0153153434054671,1.0168412930361903,1.012746424964564,24.919949564417166,5.0434040134403215,11.97782255674102,-0.7037306019057499,26.38317830906316,0.37203573943655,1.952413085718805,0.5,2.894070347566108,0.0,0.0,0.0,0.0,0.0,0.0,0.0,0.0,0.0,0.0,0.0,0.4181677500664483,27,72,45,0,44.2,-1
2025-12-29 20:45:00,2025-12-30 08:00:00,SHORT,87214.9,87879.1,-4.97,0,STOP_LOSS,1.0019872016851368,1.0034182175439692,1.0067311232276186,1.009234841598671,38.70563607746582,2.088222392921914,13.062645825373824,-0.07330526542397907,19.006164648361942,0.7787322014904277,1.2890981954731733,0.5,1.6815683517535238,0.0,0.0,0.0,0.0,0.0,0.0,1.0,0.0,1.0,0.0,0.0,-0.027315442705367936,24,72,48,-1,44.6,-1
2026-01-01 04:15:00,2026-01-01 09:45:00,SHORT,87633.3,87881.5,-1.84,0,STOP_LOSS,1.002081368570536,1.002303536130535,1.0031133789871747,1.0051781431568352,37.89686855314067,3.281107869322991,20.3356804629985,-0.1987878315702631,24.139529095300922,0.8054707142556876,1.1496080560849602,0.5,2.056332240457103,0.0,0.0,0.0,0.0,0.0,0.0,1.0,0.0,1.0,0.0,0.0,0.08939469643520935,15,72,57,-1,46.5,-1
2026-01-01 13:45:00,2026-01-01 17:00:00,SHORT,87916.2,88052.2,-1.01,0,STOP_LOSS,1.0004248010340395,0.999898296064665,0.9994237332169477,1.0009630751376926,53.1717083432936,35.4001818245374,44.54039627537331,-0.025186358236066454,20.724924807459594,0.9994703633207527,1.1745760644571186,0.5,2.1860596773646233,0.0,0.0,0.0,0.0,0.0,0.0,0.0,0.0,0.0,0.0,0.0,0.07529014821318736,22,61,39,-1,50.2,-1
2026-01-02 00:45:00,2026-01-02 02:15:00,LONG,88839.0,88425.4,-3.02,0,STOP_LOSS,0.9985283634791478,0.9969124339190145,0.9943401988130945,0.991902032310195,66.05533594610208,27.403198829721642,28.581347744905152,0.05572639608526958,38.20385444463603,0.7547220820117817,0.30159339605400126,0.5,1.3835055365254956,0.0,0.0,0.0,0.0,0.0,0.0,0.0,1.0,0.0,0.0,0.0,0.05703675883700694,59,38,21,0,58.3,1
2026-01-02 03:15:00,2026-01-02 11:15:00,LONG,88884.3,89363.0,3.49,1,STOP_LOSS,0.9980367375195238,0.9971892450202265,0.9950639363378367,0.9919787817278766,61.41543760034143,61.48002020262454,38.100314543931674,4.492279321318521e-05,27.606396746062263,1.0765498297166225,0.5902984498057572,0.5,1.299175472807831,0.0,0.0,0.0,0.0,0.0,0.0,0.0,1.0,0.0,0.0,0.0,0.12390306055105829,59,34,25,0,58.3,1
2026-01-05 00:00:00,2026-01-05 02:15:00,LONG,91888.8,92745.6,6.06,1,STOP_LOSS,0.995163607402014,0.9940783627467206,0.9934486693303373,0.9869695475330885,72.1878864359852,91.41062360494257,90.34375678145236,0.27919695175572345,23.472207751399115,1.6494823582170843,0.3778856902773765,0.5,6.119858695721819,0.0,0.0,0.0,0.0,0.0,0.0,0.0,0.0,0.0,0.0,0.0,-0.2248185640896016,59,42,17,0,76.8,1
2026-01-05 09:00:00,2026-01-05 12:15:00,LONG,92437.8,92923.9,3.43,1,STOP_LOSS,1.0009425853179268,1.0009344285581476,0.9984340704732481,0.9874517275677156,47.95120523529807,29.078447175331135,49.945449218947104,-0.17480331693488185,19.376024294709268,1.1768363833364326,1.3348016510177534,0.5,1.3135495776808663,0.0,0.0,0.0,0.0,0.0,0.0,0.0,1.0,0.0,0.0,0.0,0.1280624745795898,59,31,28,0,74.8,1
2026-01-06 14:00:00,2026-01-06 14:45:00,LONG,94108.9,93842.1,-1.85,0,STOP_LOSS,0.9970445025992944,0.9961765680206466,0.99565882486917,0.9874769935335652,67.546444109056,36.819584905899156,22.59299627722512,0.134139436279568,18.507707485732197,1.9538876891516566,0.8754898330971759,0.5,2.41853728119338,0.0,0.0,0.0,0.0,0.0,0.0,0.0,0.0,0.0,1.0,0.0,0.023198977937147543,61,35,26,0,66.9,1
2026-01-07 23:15:00,2026-01-08 07:15:00,SHORT,91317.0,90261.1,7.54,1,STOP_LOSS,0.9983046066066292,0.9985043703736523,1.0016093659969576,1.010385434216913,53.44385803864031,99.99999999999999,93.24468633231017,0.2204012596200707,20.33907186906627,1.2800701744725531,1.1458131590848317,0.5,1.7217200735193794,0.0,0.0,0.0,0.0,1.0,1.0,0.0,0.0,1.0,0.0,0.0,0.1828826154318964,33,64,31,-1,45.9,-1
2026-01-08 09:15:00,2026-01-08 14:45:00,SHORT,90021.0,90022.1,-0.01,0,STOP_LOSS,1.0035336013142013,1.0055106592209022,1.0090557525580421,1.0195734894432995,36.12243483879463,57.52028411169749,67.46364622563084,-0.03858176451944955,26.28706715820241,0.5975646398481343,1.3368974893285257,0.5,1.3885879648666004,0.0,0.0,0.0,0.0,0.0,0.0,0.0,0.0,1.0,0.0,0.0,0.1540691092144492,38,67,29,-1,39.0,-1
2026-01-09 01:30:00,2026-01-09 13:00:00,SHORT,90949.0,90631.0,2.29,1,STOP_LOSS,1.0027738277758131,1.002221813611345,1.000278059086084,1.0038923312797257,45.8103564204336,46.38405595824568,51.73622173286232,-0.09631319129313708,17.768169956360147,1.2745493655784972,0.9466722832245303,0.5,2.4042119357791596,0.0,0.0,0.0,0.0,0.0,0.0,0.0,0.0,0.0,0.0,0.0,-0.04433712473509217,27,67,40,-1,47.7,-1
2026-01-12 00:00:00,2026-01-12 03:30:00,LONG,90916.1,91984.1,7.7,1,STOP_LOSS,0.9988449279326372,0.9984972852889233,0.9986450293286967,0.9984714523325406,55.847730749767415,93.43939769017604,97.813132563392,0.21684267519005251,19.442406469087775,1.0985733593584022,1.3583645491604606,0.5,1.719111523717652,0.0,0.0,0.0,0.0,0.0,0.0,0.0,0.0,0.0,0.0,0.0,-0.13096387735145681,59,38,21,0,60.2,1
2026-01-12 15:15:00,2026-01-12 17:30:00,LONG,91322.4,91337.3,0.11,1,STOP_LOSS,0.9948320510768658,0.9945412174339653,0.9963865725285215,0.9962730587801201,61.51243094327556,99.99999999999999,88.88888888888887,0.3201188982490546,28.362681484097433,0.942246153299959,0.7117106868056362,0.5,1.960249762971234,0.0,0.0,0.0,0.0,0.0,1.0,0.0,0.0,1.0,0.0,0.0,-0.10377669478479251,59,39,20,0,56.1,1
2026-01-13 04:15:00,2026-01-13 07:00:00,LONG,91472.6,92032.0,4.03,1,STOP_LOSS,0.9988102498575456,0.9985693811855524,0.9986459403281638,0.9968007840814673,55.25621766698883,99.99999999999999,95.42195526104601,0.1717482544007124,17.505764556019024,1.5239520195770413,1.164560904513483,0.5,2.3109573734667292,0.0,0.0,0.0,0.0,0.0,1.0,0.0,1.0,0.0,0.0,0.0,-0.04967367238673168,59,40,19,0,57.5,1
2026-01-13 09:15:00,2026-01-13 10:30:00,LONG,92553.5,92057.4,-3.54,0,STOP_LOSS,0.9961582420915039,0.9938333196357008,0.9910649072095287,0.986766268097705,74.3009423400319,88.18027956974028,66.81151101062835,0.19473184992862608,37.29093618369187,1.0602572528009124,0.23968713926068466,0.5,2.0955743779221887,0.0,0.0,0.0,0.0,0.0,1.0,0.0,1.0,0.0,0.0,0.0,-0.055491025865387573,59,43,16,0,57.9,1
2026-01-13 14:00:00,2026-01-13 22:00:00,LONG,91978.2,95597.4,25.91,1,TAKE_PROFIT,1.0011359369777564,1.0011030840560924,0.9994851534275017,0.9944226994060774,46.99383029350514,36.49407078849809,46.327059393308346,-0.13701404229779166,19.47883140935424,1.42647412988342,1.1670427873501146,0.5,2.3049006577088127,0.0,0.0,0.0,1.0,0.0,0.0,0.0,1.0,0.0,0.0,0.0,-0.02236968478347687,59,31,28,0,67.9,1
2026-01-14 13:15:00,2026-01-14 15:30:00,LONG,95196.2,96424.0,8.61,1,STOP_LOSS,0.9984719271003809,0.9984417505762364,0.9974233840590662,0.9820880616645657,55.57158213297487,78.85124693247735,78.55574714276673,0.08007240614690041,15.960126061280189,1.3796083222203797,1.5574325585985218,0.5,1.5265634102599952,0.0,0.0,0.0,0.0,0.0,0.0,0.0,0.0,0.0,0.0,0.0,-0.11380775311390375,58,31,27,0,75.2,1
2026-01-14 22:30:00,2026-01-15 02:30:00,LONG,97029.0,96320.0,-4.9,0,STOP_LOSS,1.0032329981836856,1.0019548721325657,0.9960101873915347,0.9747466194689475,48.67838943948528,0.0,23.420403769153218,-0.2354705560229074,23.95871388513656,0.8034935490423364,0.8374567344223306,0.5,1.224776663308664,0.0,0.0,0.0,0.0,0.0,0.0,1.0,1.0,0.0,0.0,0.0,-0.11750951907784414,62,44,18,0,73.7,1
2026-01-15 09:30:00,2026-01-15 14:30:00,LONG,97076.8,95817.7,-8.68,0,STOP_LOSS,0.9956470972959632,0.994386695751455,0.9941054068847724,0.981249771422725,66.32332831712372,94.35388565555273,88.0158273184195,0.31790564929040377,17.762302628430497,1.8806513684577277,0.8054721175393695,0.5,2.0983021147368563,0.0,0.0,0.0,0.0,0.0,0.0,0.0,0.0,0.0,1.0,0.0,-0.08833712147112993,64,38,26,0,67.5,1
2026-01-19 00:00:00,2026-01-19 08:15:00,SHORT,92441.5,92966.4,-3.78,0,SENAL_ALCISTA,1.020242568140349,1.0257695123085218,1.0282197963502542,1.0299679433038766,9.805249325055513,0.0,0.0,-0.8257821569098078,36.9427924942444,0.12913847603904363,1.9272038428792655,0.5,8.079178236438892,0.0,0.0,0.0,0.0,0.0,0.0,1.0,0.0,0.0,0.0,0.0,0.60945238155268,32,64,32,0,33.0,-1
2026-01-19 22:00:00,2026-01-20 01:15:00,SHORT,92845.3,92857.0,-0.08,0,STOP_LOSS,1.0020500937743435,1.0024704485095084,1.0027907527388158,1.0112682494376126,36.73353580519103,4.465996927619868,10.509934177971124,-0.20725365377121546,12.950774570946944,1.4346036296367997,2.2017135435330935,0.5,1.6976146107346133,0.0,0.0,0.0,0.0,0.0,0.0,0.0,0.0,0.0,0.0,0.0,0.26101195606168265,33,64,31,0,34.7,-1
2026-01-20 04:45:00,2026-01-20 11:00:00,SHORT,92072.2,91359.1,5.15,1,STOP_LOSS,1.002784192044462,1.0045398868101638,1.006929634549403,1.0162944787441686,29.210973412981907,0.37076951138647374,2.9962668285969913,-0.15216685750296344,31.158124963640425,0.46191374132634977,1.1042006780533125,0.5,1.8097687993924636,0.0,0.0,0.0,0.0,0.0,0.0,0.0,0.0,1.0,0.0,1.0,-0.0809288471578103,34,67,33,0,26.7,-1
2026-01-20 14:00:00,2026-01-20 15:15:00,SHORT,91090.0,90630.5,3.36,1,STOP_LOSS,0.9997894645859525,1.0008109214100342,1.0046107128402546,1.0191275833168993,45.26860221244419,45.14293150252326,27.470650497113027,0.036334230657880835,42.08765786305285,0.2688395664784078,0.6394523689011115,0.5,1.3267203641981937,0.0,0.0,0.0,0.0,0.0,0.0,0.0,0.0,1.0,0.0,0.0,-0.21615732459589204,33,67,34,0,24.8,-1
2026-01-20 17:30:00,2026-01-20 23:30:00,SHORT,89675.5,88485.5,8.86,1,STOP_LOSS,1.0067787708273714,1.0101222324346892,1.0153229202432597,1.031760429274976,30.582366247209112,47.10965788604234,47.806805018053424,-0.17604679547820312,37.869427757345356,0.3781249528379355,0.8855846602974139,0.5,2.294359121347341,0.0,0.0,0.0,0.0,0.0,0.0,0.0,0.0,1.0,0.0,1.0,-0.14379053439210474,44,67,23,0,21.1,-1
2026-01-21 10:45:00,2026-01-21 13:00:00,SHORT,89240.0,88939.9,2.26,1,STOP_LOSS,1.000572375720113,1.0010646894521422,1.002227054085453,1.0188719861207716,46.57743431219087,64.30419027534921,58.88595885581313,-0.05857467160601333,15.004552711040452,1.267033314835108,1.6344436527767667,0.5,0.45686387188315075,0.0,0.0,0.0,0.0,0.0,0.0,0.0,0.0,0.0,0.0,0.0,-0.06840071997440783,17,72,55,-1,25.6,-1
2026-01-21 14:00:00,2026-01-21 17:15:00,SHORT,89591.2,87774.9,13.61,1,STOP_LOSS,0.992852721898897,0.9936146255193725,0.9957986917802609,1.0121085523916737,60.393666310781896,73.10676289453771,70.50662446398452,0.12387836917346418,23.720767911611613,1.305398275526693,0.9884685990187573,0.5,2.002358527060755,0.0,0.0,0.0,0.0,0.0,0.0,0.0,0.0,0.0,0.0,0.0,-0.004064375356240176,47,72,25,-1,39.0,-1
2026-01-21 19:15:00,2026-01-23 04:00:00,SHORT,89650.5,90076.0,-3.21,0,STOP_LOSS,0.9876385245450887,0.988911022242401,0.9921076659761772,1.0075569689033428,61.08185614136228,65.04698370158883,48.083127254565696,0.15206465477914147,25.943807283683274,1.1858736430551413,0.8397322069490465,0.5,1.532790073642217,0.0,0.0,0.0,0.0,0.0,0.0,0.0,0.0,0.0,0.0,0.0,0.11173496956001522,54,72,18,-1,39.6,-1
2026-01-23 05:15:00,2026-01-23 13:00:00,SHORT,89648.0,89405.6,1.83,1,STOP_LOSS,1.0023999526897456,1.0016905820955537,1.0005299001621688,1.0025723290386162,45.160248723306836,29.397150585061567,48.02953371946362,-0.10918611835602128,16.598188918561462,1.1093915981886555,1.7707228454343056,0.5,1.2875069214798238,0.0,0.0,0.0,0.0,0.0,0.0,1.0,0.0,0.0,0.0,0.0,-0.27976235636379526,26,71,45,-1,40.6,-1
2026-01-23 15:15:00,2026-01-23 15:45:00,SHORT,88968.0,89749.2,-5.93,0,STOP_LOSS,1.0017255659284732,1.0027079485552648,1.004145102735943,1.0080414834304054,42.08238035475117,8.5517438332638,15.578373016380336,-0.10188148151802913,23.755916817806618,0.5603625194094035,1.0987651273701502,0.5,2.325123905639439,0.0,0.0,0.0,0.0,0.0,0.0,0.0,1.0,0.0,0.0,0.0,-0.33329955419106244,37,72,35,-1,43.4,-1
2026-01-26 00:00:00,2026-01-26 01:15:00,SHORT,87060.0,87649.9,-4.56,0,STOP_LOSS,0.9953164805955065,0.9970480143974925,1.003663522645319,1.0175892414044765,52.585821362728694,93.01448675513527,86.54606152878429,0.2631114527790719,53.163048888878606,0.3308811698323809,0.4100296940770908,0.5,1.2914924185962595,0.0,0.0,0.0,0.0,0.0,0.0,0.0,0.0,1.0,0.0,0.0,-0.11470664825155803,39,72,33,-1,33.0,-1
2026-01-26 09:30:00,2026-01-26 15:00:00,SHORT,87766.5,88715.7,-7.27,0,STOP_LOSS,1.0013924631654987,1.000717708660674,0.9991284387011236,1.0062113606098533,49.54688692152442,0.0,8.571812783855558,-0.18781043220206234,27.422315382087998,0.7161590682273982,0.6131003247608648,0.5,1.322589096851185,0.0,0.0,0.0,1.0,0.0,0.0,1.0,0.0,1.0,0.0,0.0,-0.064307107169611,40,72,32,-1,39.7,-1
2026-01-26 16:00:00,2026-01-26 18:45:00,SHORT,87402.5,88405.4,-7.68,0,STOP_LOSS,1.0050818863926876,1.0055696740678246,1.004820754783892,1.0093058512360247,41.136408789918484,3.9193155406285687,29.676317322488103,-0.1468472905817761,17.609412663335,1.2659516345909814,1.3276948598795817,0.5,1.6103215461969165,0.0,0.0,0.0,0.0,0.0,0.0,0.0,1.0,0.0,0.0,1.0,-0.06813772807131144,27,72,45,-1,42.2,-1
2026-01-27 06:15:00,2026-01-27 14:00:00,SHORT,88395.4,88288.3,0.81,1,STOP_LOSS,1.0014389114330877,1.001541719015552,0.9996592272225323,0.9983661098898413,45.43128174572217,3.453494968371093,4.582218187847364,-0.32393620739946183,18.67450945606742,1.0938144360842408,1.1639461107156046,0.5,0.43975267009089347,0.0,0.0,0.0,0.0,0.0,0.0,0.0,1.0,0.0,0.0,0.0,-0.11944359669137178,42,61,19,-1,45.9,-1
2026-01-27 15:15:00,2026-01-27 16:00:00,SHORT,87621.6,88424.1,-6.11,0,STOP_LOSS,1.0029983426727107,1.0039507693537206,1.0053198507463736,1.00646184265376,40.1205451452428,28.24901258654846,31.72089649513458,-0.05576660804547403,19.908752615925984,1.118039480531943,1.0851643717910715,0.5,1.6914496746646492,0.0,0.0,0.0,0.0,0.0,0.0,0.0,1.0,0.0,0.0,1.0,-0.1223914367186612,37,67,30,-1,43.6,-1
2026-01-27 17:30:00,2026-01-27 18:45:00,SHORT,87362.3,88281.8,-7.0,0,STOP_LOSS,1.0073303999077499,1.007754019988387,1.0083982523028454,1.0093866888571672,38.10786517106237,21.61669420943945,49.58772185039689,-0.08957072569293718,22.194387550160787,1.0059889891361797,1.4143074862311455,0.5,1.6456889611140764,0.0,0.0,0.0,0.0,0.0,0.0,1.0,0.0,1.0,0.0,1.0,0.029088604065875726,26,67,41,-1,47.6,-1
2026-01-28 06:30:00,2026-01-28 08:45:00,LONG,89183.7,88930.1,-1.88,0,SENAL_BAJISTA,0.9990609738799253,0.9990278491214637,0.9975431779380196,0.9926078204458753,54.37813432543253,89.04990342797973,77.45524979300328,0.03504607571940692,14.48995841535657,1.6606039495584262,1.326343741174002,0.5,1.1509716558520715,0.0,0.0,0.0,0.0,0.0,0.0,0.0,1.0,0.0,0.0,0.0,-0.05407844214258461,59,33,26,0,54.2,1
2026-01-28 12:00:00,2026-01-28 14:30:00,LONG,89930.1,89703.0,-1.67,0,STOP_LOSS,0.9966820405385701,0.9944462535170219,0.9920844410137786,0.9861981548551636,65.32909430814183,90.18965844680432,81.22876925798629,0.31410024734713304,23.342393798141885,1.457969208890304,0.4569717324801426,0.5,1.7511619024670582,0.0,0.0,0.0,0.0,0.0,0.0,0.0,1.0,0.0,0.0,0.0,-0.04565519910289324,59,42,17,0,55.4,1
2026-01-28 17:45:00,2026-01-28 19:00:00,LONG,90172.1,89369.0,-5.89,0,SENAL_BAJISTA,0.995421675593655,0.9947479040743654,0.9930058872637383,0.9860351412295092,60.20453571697244,78.80242376458192,62.846156236014885,0.07801672291608142,19.0999450960561,1.3827599561290904,0.9670703926829548,0.5,2.062688294639179,0.0,0.0,0.0,0.0,0.0,0.0,0.0,1.0,0.0,0.0,0.0,-0.06302408344884129,59,40,19,0,54.6,1
2026-01-28 20:30:00,2026-01-29 18:15:00,SHORT,89238.4,83872.7,39.64,1,TAKE_PROFIT,1.0027968362796775,1.0035883399025514,1.0032190657262694,0.9970445277433324,44.27417723797356,51.104539375049185,45.206571086072756,-0.06056386692119658,19.212549284632164,0.8106618571810823,1.327781474672972,0.5,1.363458761484719,0.0,0.0,0.0,0.0,0.0,0.0,0.0,1.0,0.0,0.0,0.0,-0.1376698343907281,46,67,21,0,53.6,-1
2026-01-29 18:15:00,2026-01-29 23:30:00,SHORT,83872.7,84681.7,-6.49,0,STOP_LOSS,1.0099676213378892,1.0199801180718697,1.033745893602062,1.0506909055904452,25.07367834258202,68.72829824128024,64.46641909174654,-0.14893837519523279,52.96432358092378,0.16446514835689233,0.7753164856444654,0.5,1.2478328023193048,0.0,0.0,0.0,0.0,0.0,0.0,0.0,0.0,1.0,0.0,1.0,-0.03689072635877316,23,67,44,-1,24.6,-1
2026-01-30 01:15:00,2026-01-30 01:45:00,SHORT,83768.5,82472.0,10.38,1,STOP_LOSS,1.0056807670650765,1.0074191826623078,1.0155561985889117,1.0407049338968257,31.973565782436825,0.0,5.414572274233476,-0.00818360232974252,25.79739615828651,0.48956386836824656,1.4045078431216664,0.5,2.966728198599077,0.0,0.0,0.0,0.0,0.0,0.0,1.0,0.0,1.0,0.0,0.0,-0.05048954533140555,18,72,54,-1,24.3,-1
2026-01-30 07:00:00,2026-01-30 14:30:00,SHORT,82945.5,83652.0,-5.74,0,STOP_LOSS,0.9972714500823058,0.9991295176491706,1.0078961666781492,1.0396416805550368,49.17529545882565,48.18655620837692,31.99452501193006,0.1389300925991296,33.47710811423771,0.7203790673417558,0.9110803965052721,0.5,1.2960833805862766,0.0,0.0,0.0,0.0,0.0,0.0,0.0,0.0,1.0,0.0,0.0,-0.035257481031849655,40,72,32,-1,25.2,-1
2026-01-30 18:15:00,2026-01-30 18:45:00,SHORT,82500.3,83937.0,-11.71,0,STOP_LOSS,1.0052650173665603,1.0056802589380234,1.0064579142956231,1.0304606618894445,43.55371126343363,12.720044746282957,21.883525713469474,-0.11019424787873089,13.092312980117716,0.937266396869999,2.000330764366405,0.5,1.4983076360008465,0.0,0.0,0.0,0.0,0.0,0.0,1.0,0.0,0.0,0.0,0.0,-0.22171168606789365,19,72,53,-1,37.6,-1
2026-02-02 00:00:00,2026-02-02 04:15:00,SHORT,77550.5,76487.3,9.16,1,STOP_LOSS,0.9950203548096234,0.9959630738526497,1.0005298156869173,1.0277296472058461,52.71626584995142,88.68710822998673,78.54034313681706,0.08891350952691843,18.298093390481007,1.1084266341437075,1.2387896652975177,0.5,1.5201346078634672,0.0,0.0,0.0,0.0,0.0,0.0,0.0,0.0,1.0,0.0,0.0,-0.21150373938557682,27,72,45,-1,21.9,-1
2026-02-02 06:30:00,2026-02-02 14:30:00,SHORT,76505.2,78513.3,-17.63,0,STOP_LOSS,0.9911521609475654,0.9945269730836445,1.0023523594135562,1.0317206518199924,52.433210943680535,88.52991469850082,80.48109269867054,0.09472298672906931,26.155398391135552,0.8562152979379736,0.8346448816581709,0.5,1.6063168765667157,0.0,0.0,0.0,0.0,0.0,1.0,0.0,0.0,1.0,0.0,0.0,-0.20618786433766434,49,72,23,-1,24.6,-1
2026-02-02 20:30:00,2026-02-02 23:30:00,SHORT,78193.8,78900.7,-6.02,0,STOP_LOSS,1.0031862095696364,1.0036745094984598,0.9994443455075867,1.004800044065419,44.74213563491155,9.973205219671419,9.698698352099866,-0.25581917749223576,23.840050600124872,0.5728954742972815,0.809522417415273,0.5,1.2934013431665787,0.0,0.0,0.0,0.0,0.0,0.0,0.0,1.0,0.0,0.0,0.0,-0.2745808032001018,35,61,26,-1,40.2,-1
2026-02-03 02:45:00,2026-02-03 03:45:00,SHORT,77805.2,78746.9,-8.03,0,STOP_LOSS,1.0094372032935208,1.010670389469828,1.008623241518989,1.0100741897319498,34.38211371276847,9.110022213509541,17.89462918180205,-0.30844039347072877,16.422649048366317,0.7954181646956336,1.8792706313699685,0.5,1.7840614089013997,0.0,0.0,0.0,0.0,0.0,0.0,0.0,1.0,0.0,0.0,1.0,-0.2137796609551342,45,72,27,-1,40.2,-1
2026-02-03 05:15:00,2026-02-03 08:30:00,SHORT,78429.6,79010.8,-4.89,0,STOP_LOSS,1.0020894800340194,1.0022546521689766,1.0010111711361922,1.002005548363065,46.85429512851335,64.05641274486355,72.29881736091853,-0.01240828565977049,13.827752664670713,1.4512559169640113,1.9833779883843374,0.5,0.9204939545033478,0.0,0.0,0.0,1.0,0.0,0.0,1.0,0.0,0.0,0.0,0.0,-0.09267260238193871,22,72,50,-1,40.5,-1
2026-02-03 09:30:00,2026-02-03 15:45:00,SHORT,78306.6,78127.6,1.51,1,STOP_LOSS,1.0018981171145724,1.0028843192334465,1.0026893820418148,1.0034583514327264,46.13035129549419,15.50871370583539,33.36337792833655,-0.1389406756761726,13.73277493194252,1.0431575394216297,1.926604317675844,0.5,1.2412777231389154,0.0,0.0,0.0,0.0,0.0,0.0,0.0,0.0,0.0,0.0,0.0,-0.17017646724531235,21,71,50,-1,37.2,-1
2026-02-03 17:00:00,2026-02-03 19:00:00,SHORT,75695.5,74576.6,9.75,1,STOP_LOSS,1.0159023288941433,1.0233216062449229,1.0295001164214694,1.0354868897693406,27.362078257572612,15.80259237424104,24.6517598805801,-0.37504200188211473,38.90355737890453,0.17134162958627416,0.878385229432196,0.5,1.8232795077142068,0.0,0.0,0.0,0.0,0.0,0.0,0.0,0.0,1.0,0.0,1.0,-0.03398645861558403,26,72,46,-1,26.6,-1
2026-02-03 20:30:00,2026-02-05 02:15:00,SHORT,76385.3,72322.0,35.25,1,STOP_LOSS,0.9851141287139678,0.9898514680081991,1.0030582103981616,1.020086712044466,54.55916935891435,97.55830554254207,97.47978178936233,0.3140907496261779,43.35813893609209,0.5887980364859897,0.5670178526900985,0.5,1.4067023454285335,0.0,0.0,0.0,0.0,0.0,0.0,0.0,0.0,1.0,0.0,0.0,0.05015250151189377,23,72,49,-1,32.2,-1
2026-02-05 03:15:00,2026-02-05 16:15:00,SHORT,71522.1,68172.6,31.61,1,STOP_LOSS,1.007643374043706,1.014016973201138,1.02436196894236,1.054855323717809,36.3229761694084,3.6796031935357627,18.952920432934665,-0.17475018152316255,29.099488557483653,0.40386775240821554,0.9946283575723194,0.5,1.4645787382751279,0.0,0.0,0.0,0.0,0.0,0.0,0.0,0.0,1.0,0.0,1.0,-0.26536480124324385,43,72,29,-1,22.6,-1
2026-02-05 20:15:00,2026-02-06 00:30:00,SHORT,63846.7,62964.1,9.48,1,STOP_LOSS,1.0254749296949108,1.0422295649821427,1.0688307166399493,1.131850818799602,24.254451116071444,0.0,9.369068171009426,-0.14588158856822644,41.75440689175401,0.19542347813659064,0.8756719674711785,0.5,2.7988341646960944,0.0,0.0,0.0,0.0,0.0,0.0,1.0,0.0,1.0,0.0,0.0,-0.10516911299586769,24,72,48,-1,11.8,-1
2026-02-06 07:30:00,2026-02-06 11:45:00,SHORT,65207.8,66625.2,-14.99,0,STOP_LOSS,1.000691623879514,0.9983543748269195,1.0016801047698938,1.064891244954747,51.68027467496896,10.307764181431228,10.869660294518301,-0.06627771018913868,13.52275766361469,1.8587696614791656,1.6090980291883188,0.5000000000000024,1.2084875413536253,0.0,0.0,0.0,0.0,0.0,0.0,0.0,0.0,1.0,0.0,0.0,0.063548419369994,31,72,41,-1,22.4,-1
2026-02-09 00:00:00,2026-02-09 03:45:00,SHORT,70607.9,71297.3,-6.68,0,STOP_LOSS,1.0013441799059024,1.0031860622220223,1.0023442363725852,0.991650513746714,45.15500157021863,10.315181941201871,14.225172751811918,-0.1423739244091131,17.774134388979935,1.4828402058870305,1.3606348591695043,0.5,1.6136389864460448,0.0,0.0,0.0,0.0,0.0,0.0,0.0,1.0,0.0,0.0,0.0,-0.2506163502841553,44,61,17,0,52.1,-1
2026-02-09 08:30:00,2026-02-09 15:30:00,SHORT,69801.2,69529.4,2.65,1,STOP_LOSS,1.0081218046170421,1.011118556613068,1.0125578409425673,1.0057857188189767,33.51725198589174,10.045213401365334,12.64865171440967,-0.2739196680004334,17.596843238522045,0.7848642093780872,1.9419642808143074,0.5,3.9402262606578056,0.0,0.0,0.0,0.0,0.0,0.0,0.0,0.0,0.0,0.0,0.0,-0.2517254632775973,32,72,40,-1,42.9,-1
2026-02-09 21:30:00,2026-02-10 15:30:00,SHORT,70014.0,69286.2,7.1,1,STOP_LOSS,1.0064149668084295,1.0048039552801231,1.0015459730183738,1.00036955806468,45.405315622622744,0.0,7.9034228172759615,-0.21975137589579663,22.68682687354997,0.7795483871051505,1.058947663310433,0.5,1.2956368973606154,0.0,0.0,0.0,0.0,0.0,0.0,1.0,0.0,1.0,0.0,0.0,-0.12831597906272138,41,72,31,-1,48.3,-1
2026-02-10 20:45:00,2026-02-11 11:00:00,SHORT,68766.1,66662.2,20.96,1,STOP_LOSS,1.0026040675742132,1.0042733443599476,1.0056234303201592,1.0119849061098671,42.91513564945268,7.639709377537021,7.514458717390395,-0.16752165078624545,16.786783499225134,0.963314477098067,1.2929362809334626,0.5,1.2463067215497408,0.0,0.0,0.0,0.0,0.0,0.0,0.0,0.0,1.0,0.0,0.0,0.005521494423358193,24,72,48,-1,44.2,-1
2026-02-11 12:00:00,2026-02-11 14:00:00,SHORT,67102.7,68448.5,-13.89,0,STOP_LOSS,0.9973853068622547,0.998688468984426,1.0059913088759662,1.0243290326970962,49.69675351721352,96.44618946699705,93.54225275679767,0.3037807798159191,45.70211593189576,0.40108559038375546,0.44404601706673125,0.5,1.2540742492279513,0.0,0.0,0.0,0.0,0.0,0.0,0.0,0.0,1.0,0.0,0.0,-0.05186481513224957,23,72,49,-1,35.2,-1
2026-02-11 15:15:00,2026-02-11 19:00:00,SHORT,66182.9,67636.9,-15.11,0,STOP_LOSS,1.0104984074547474,1.0128210110575517,1.0174579498808656,1.0355884593916451,37.79843503483471,1.045864089836046,11.9601681505115,-0.16519936541206992,29.8511049079537,0.6634899782673352,0.9698812233574873,0.5,1.8193568861529297,0.0,0.0,0.0,0.0,0.0,0.0,0.0,0.0,1.0,0.0,0.0,0.11339749929140754,14,72,58,-1,35.2,-1
2026-02-11 23:30:00,2026-02-12 10:45:00,SHORT,67090.5,68019.8,-9.45,0,STOP_LOSS,1.004264567905898,1.0042924689820392,1.00322344416898,1.0159830067254119,45.41362000264869,2.259296395251284,2.7819815017347724,-0.2205022256551522,14.442486430460237,1.2621666075413616,1.7547836385753925,0.5,0.8280199160457201,0.0,0.0,0.0,1.0,0.0,0.0,0.0,0.0,1.0,0.0,0.0,0.06932527212877994,33,72,39,-1,39.8,-1
2026-02-12 13:15:00,2026-02-12 13:45:00,SHORT,67772.7,68383.9,-6.12,0,STOP_LOSS,1.0014031209507541,0.9993901436347091,0.9966393328589497,1.0015554785799312,53.80121198374805,3.552000092254607,16.865096317427913,-0.05217829277755233,25.795047468001876,0.9446828440670574,0.53717889256589,0.5,1.514342391212552,0.0,0.0,0.0,0.0,0.0,0.0,1.0,0.0,0.0,0.0,0.0,0.07584583720135245,42,66,24,-1,42.0,-1
2026-02-12 15:45:00,2026-02-12 23:15:00,SHORT,67129.8,66393.5,7.43,1,STOP_LOSS,1.0069674810319509,1.0083859838453315,1.0070336591889288,1.0109589926390274,39.11193447472192,15.707406584999966,14.928329950506786,-0.24904401502625073,24.000975081141732,0.5046045391403988,0.8868785255831221,0.5,1.2105893973395179,0.0,0.0,0.0,0.0,0.0,0.0,0.0,1.0,0.0,0.0,0.0,-0.11293379899402732,31,68,37,-1,42.0,-1
2026-02-13 05:45:00,2026-02-13 08:45:00,SHORT,66176.1,66697.7,-5.36,0,STOP_LOSS,1.0028332696718891,1.0028695565858619,1.0032179943837052,1.0142687594930022,44.19315707024788,22.07743511813896,16.633707669115672,-0.17658104441814426,17.124291804689214,1.0068897853671739,1.0819160394286373,0.5,1.2538936315185318,0.0,0.0,0.0,0.0,0.0,0.0,0.0,0.0,1.0,0.0,0.0,-0.09129009578148836,12,72,60,-1,39.9,-1
2026-02-16 02:00:00,2026-02-16 04:45:00,SHORT,68570.6,68873.8,-3.0,0,STOP_LOSS,1.0018667810873545,1.0024433409986513,1.0051593556383165,1.0083150476466245,43.373472067970354,16.66507978681311,27.102036121248986,-0.05051744661957297,27.35617935863404,0.4942513865564737,0.9328540337512253,0.5,1.3701071376553635,0.0,0.0,0.0,0.0,0.0,0.0,0.0,0.0,1.0,0.0,0.0,-0.08999456243334238,13,72,59,0,46.8,-1
2026-02-16 07:30:00,2026-02-16 09:15:00,SHORT,68506.2,68958.4,-4.47,0,STOP_LOSS,0.9999484357449177,1.0002155180515857,1.0023377944823597,1.0073528969332435,48.65306785328255,54.8481299495532,52.86878128114888,0.08923357259609313,20.15928361298302,1.0109173934094269,1.1752003257439216,0.5,1.7449926276246819,0.0,0.0,0.0,0.0,0.0,0.0,0.0,0.0,0.0,0.0,0.0,-0.17096113952683087,19,59,40,0,47.9,-1
2026-02-16 13:45:00,2026-02-16 20:45:00,SHORT,68394.2,68530.1,-1.34,0,STOP_LOSS,1.0069981477894054,1.0070129501816254,1.006099149385573,1.0085852002207996,40.98454525047049,2.46782286827357,33.25673790801708,-0.17669672698642583,20.599092245528144,1.1370190386921273,1.5218583806135246,0.5,1.347658160389425,0.0,0.0,0.0,0.0,0.0,0.0,1.0,1.0,0.0,0.0,1.0,-0.06721402907414521,29,72,43,-1,41.9,-1
2026-02-17 05:15:00,2026-02-17 16:00:00,SHORT,68054.2,67735.0,3.16,1,STOP_LOSS,1.0057696432004872,1.0076796974636117,1.0075854053508444,1.0100047526808356,32.98240947366964,3.1017030402972243,5.457008484342536,-0.35118677803729176,22.58293848188679,0.5939539192891905,1.4966500155576978,0.5,1.9769904720060834,0.0,0.0,0.0,0.0,0.0,0.0,0.0,0.0,0.0,0.0,0.0,-0.0038795856848228743,26,70,44,-1,47.8,-1
2026-02-17 22:00:00,2026-02-18 04:45:00,SHORT,67589.5,67820.9,-2.31,0,STOP_LOSS,1.0014610368081605,1.0015627500741089,1.0028751344080922,1.010289665951178,47.356588283870806,6.957262287255839,13.179495208181624,-0.050127979595814554,9.956402933573175,1.8713677755188132,2.0016467005338137,0.5,0.4340192125138752,0.0,0.0,0.0,0.0,0.0,0.0,0.0,0.0,1.0,0.0,0.0,0.014161755486947423,18,72,54,-1,43.2,-1
2026-02-18 11:00:00,2026-02-18 15:30:00,SHORT,67392.7,68113.0,-7.21,0,STOP_LOSS,1.0073051534207609,1.007822649068337,1.00635798548341,1.0098912155612885,33.4361972498987,0.9727436494451038,4.500258513763617,-0.39485862992948173,26.05209802181063,0.5997437615804271,1.5994425324016297,0.5,2.6856319032930522,0.0,0.0,0.0,0.0,0.0,0.0,0.0,1.0,0.0,0.0,0.0,0.07442380547862057,30,72,42,-1,43.1,-1
2026-02-18 18:15:00,2026-02-19 03:15:00,SHORT,66877.9,66960.4,-0.83,0,STOP_LOSS,1.0037199542060513,1.005813991302989,1.0085692976547074,1.0148662466575653,38.72326044020751,17.573425630756933,26.62166574249504,-0.06426364857985425,23.191659796604736,0.7146088636096039,1.2066510704113076,0.5,1.4826349824590295,0.0,0.0,0.0,0.0,0.0,0.0,0.0,0.0,0.0,0.0,0.0,-0.09704163037755868,12,72,60,-1,37.1,-1
2026-02-19 10:15:00,2026-02-19 14:00:00,SHORT,66866.5,66040.2,8.31,1,STOP_LOSS,1.0013680734024344,1.0014979802124602,1.0007578130959576,1.0070899116310366,45.80620352717718,4.960855208318591,17.646355197992882,-0.21685419049815524,16.7670650286984,1.1747788501273466,1.42101491052045,0.5,0.5693042528979887,0.0,0.0,0.0,0.0,0.0,0.0,0.0,0.0,0.0,0.0,0.0,-0.10714884419825002,15,64,49,-1,41.0,-1
2026-02-20 11:45:00,2026-02-20 15:15:00,SHORT,67330.0,67458.2,-1.29,0,STOP_LOSS,1.0067283832530833,1.0074315929947355,1.0042414896383554,0.9994495633611781,34.165166435834294,0.33870282460351714,0.33870282460351714,-0.5050249411109574,36.05544011049039,0.4213402743082951,0.8308616344914646,0.5,1.5633418996182467,0.0,0.0,0.0,0.0,0.0,0.0,0.0,1.0,0.0,0.0,0.0,-0.011609898043487488,43,72,29,-1,48.1,-1
2026-02-20 16:15:00,2026-02-20 22:45:00,SHORT,67318.7,68074.7,-7.58,0,STOP_LOSS,1.0002321081898906,1.0005406616575352,1.0014478180932094,0.9994375296642487,48.71430362562772,90.43352468223435,92.30235766702403,0.1481700012497079,28.763388463640474,0.7335865187254794,0.6579525566073494,0.5,1.2910090570943356,0.0,0.0,0.0,0.0,0.0,0.0,0.0,1.0,0.0,0.0,0.0,-0.22798304132941902,42,64,22,-1,50.7,-1
2026-02-23 00:30:00,2026-02-23 02:30:00,SHORT,67180.2,64844.5,23.36,1,STOP_LOSS,1.0045012488354683,1.0049061230159908,1.0061783416026435,1.0090134077580832,35.870092341628215,25.271488732724645,45.35511816418598,-0.11376051496682436,18.470028324934148,0.8252320262690562,1.8518581495929534,0.5,2.672235009930243,0.0,0.0,0.0,0.0,0.0,0.0,1.0,0.0,1.0,0.0,1.0,-0.007623411541293932,17,72,55,-1,29.7,-1
2026-02-23 13:15:00,2026-02-23 21:00:00,SHORT,66221.7,64595.2,16.7,1,STOP_LOSS,1.0002609546058012,0.9985750461946772,0.9981549897797468,1.0108561932838165,54.99898964055582,9.74748307765677,21.971420438524003,-0.07947427056342311,26.235932318270795,0.955446971539253,0.6637191958157242,0.5,1.6123198237112089,0.0,0.0,0.0,0.0,0.0,0.0,0.0,0.0,1.0,0.0,0.0,0.19666809092397058,31,72,41,-1,38.1,-1
2026-02-24 01:30:00,2026-02-24 15:15:00,SHORT,64334.5,63928.2,4.33,1,STOP_LOSS,1.0040958847124501,1.0053628254828504,1.0096950287385607,1.0282532262070794,40.02796695730029,9.170144182738358,38.409848980377845,-0.043515112244293185,23.826242068457955,0.5664813375451263,1.5689200703982953,0.5,1.915267539107087,0.0,0.0,0.0,0.0,0.0,0.0,0.0,0.0,1.0,0.0,0.0,0.09525652767942681,12,72,60,-1,30.4,-1
2026-02-24 23:45:00,2026-02-25 01:00:00,SHORT,64061.3,65607.2,-16.59,0,STOP_LOSS,1.0010437034738338,1.001185242447535,0.9990560702417022,1.0104354399579107,48.181710125224015,32.2931146286784,32.38779344416123,-0.1870652475598595,19.921739510194882,0.9223187949594748,1.1206253155586763,0.5,0.9148412005571024,0.0,0.0,0.0,0.0,0.0,0.0,0.0,0.0,1.0,0.0,0.0,-0.13320072915820727,20,72,52,-1,37.9,-1
2026-02-25 04:00:00,2026-02-25 12:15:00,SHORT,65439.2,65775.6,-3.5,0,STOP_LOSS,1.0017255129083769,0.9972529389475241,0.9890316431666957,0.9907704431247726,57.74293713001983,21.214126143705897,35.71483634792653,-0.14229475358417348,34.32809292206245,0.7759095289000753,0.6340003426598566,0.49999999999999445,1.333067240546385,0.0,0.0,0.0,0.0,0.0,0.0,0.0,1.0,0.0,0.0,0.0,0.020175738400948398,43,67,24,-1,45.6,-1
2026-02-26 07:45:00,2026-02-26 09:30:00,SHORT,67818.2,68401.0,-5.85,0,STOP_LOSS,1.0046429930592795,1.0061979265173584,1.004899385851566,0.9838343616915423,37.08607963864014,3.440736765834532,9.03138860480818,-0.21801573653863812,12.826480558431829,1.2820624458261036,2.263558376831788,0.5,1.4000732091052637,0.0,0.0,0.0,0.0,0.0,0.0,1.0,1.0,0.0,0.0,0.0,-0.040425728595113584,40,61,21,0,57.7,-1
2026-02-26 15:15:00,2026-02-26 19:00:00,SHORT,66968.9,67498.7,-5.37,0,STOP_LOSS,1.0103781829864813,1.0140498158249835,1.0161309657278,1.001500062484888,26.48309441753974,0.0,7.738619065522085,-0.31761239000730956,17.624958960121816,0.6172445454090669,1.7555958685317063,0.5,2.729513646087044,0.0,0.0,0.0,0.0,0.0,0.0,1.0,0.0,1.0,0.0,1.0,-0.035319127732021637,38,72,34,0,54.5,-1
2026-02-27 00:30:00,2026-02-27 03:45:00,SHORT,67130.9,67597.3,-4.7,0,STOP_LOSS,1.003722697087984,1.0042769317509472,1.0058220382936114,1.0002723480872422,38.81213157361334,0.0,13.757339438404573,-0.11920591855530795,13.909875688094592,0.97376452645358,1.8489462763614215,0.5,1.2650050756059086,0.0,0.0,0.0,0.0,0.0,0.0,1.0,0.0,1.0,0.0,0.0,-0.04721985219541718,29,70,41,0,55.6,-1
2026-02-27 10:00:00,2026-02-27 23:15:00,SHORT,66883.6,65882.9,10.1,1,STOP_LOSS,1.0101437966580773,1.0112368424645437,1.0107083828605008,1.0060280205873178,30.45913861532918,0.0,33.23149184902929,-0.31700776857299434,16.44517541396383,0.9702277405677513,2.254460296535393,0.5,1.9512510771470786,0.0,0.0,0.0,0.0,0.0,0.0,1.0,0.0,0.0,0.0,1.0,0.0425595344193689,27,72,45,0,45.7,-1
2026-03-02 07:00:00,2026-03-02 14:30:00,SHORT,65698.4,66630.1,-9.62,0,STOP_LOSS,1.0097175050465743,1.011284203670786,1.0103758066279163,1.0090949225586865,34.832943791123924,0.0,0.0,-0.371946019291335,24.022816693815557,0.6976976123063535,1.305205057595853,0.5,2.0369022181082777,0.0,0.0,0.0,0.0,0.0,0.0,1.0,0.0,1.0,0.0,0.0,-0.05361640369699718,28,72,44,0,48.3,-1
2026-03-09 00:30:00,2026-03-09 03:00:00,SHORT,66450.1,67451.4,-10.17,0,STOP_LOSS,0.997923810312952,1.0010069132488337,1.0056011183843365,1.0179271714763902,47.09524379714915,74.84265493892906,54.84113696143331,-0.006485055597432081,29.75083612408227,0.6711066306207718,0.8476617291641624,0.5,1.9484409663875897,0.0,0.0,0.0,0.0,0.0,0.0,0.0,0.0,1.0,0.0,0.0,-0.11631830872604414,9,72,63,-1,43.2,-1
2026-03-09 22:45:00,2026-03-10 00:30:00,SHORT,68633.9,69189.1,-5.43,0,STOP_LOSS,1.0025173892349917,1.0025308724429705,0.9991237288095728,0.9906785129678749,45.90270638802401,9.40212947333362,21.513148272270335,-0.14256678288226143,19.461811641976073,0.8642300483522272,1.0427215550233733,0.5,0.6305064189984785,0.0,0.0,0.0,0.0,0.0,0.0,0.0,1.0,0.0,0.0,0.0,-0.07153416608152496,38,72,34,-1,51.3,-1
2026-03-18 03:15:00,2026-03-18 05:15:00,LONG,74523.3,74067.9,-4.09,0,SENAL_BAJISTA,0.996661293172076,0.9960247947455914,0.9962127475817115,0.9905251739739696,58.85486855829426,89.10247586561047,90.47336340745545,0.2559510436836195,21.039598408771493,1.237519236787591,0.8652785090958813,0.5,1.59110478048857,0.0,0.0,0.0,0.0,0.0,0.0,0.0,0.0,0.0,0.0,0.0,-0.01743291422494848,59,39,20,0,64.1,1
2026-03-19 00:00:00,2026-03-19 07:30:00,SHORT,71185.1,70096.9,10.21,1,STOP_LOSS,1.0001193554657222,1.000820603845028,1.007225215914195,1.02446758211453,45.1699796288413,86.67846632553642,93.26422217414871,0.2083160119379918,33.192031853562305,0.48863992554550284,0.766887638027924,0.5,1.2758648091650195,0.0,0.0,0.0,0.0,0.0,0.0,0.0,0.0,1.0,0.0,0.0,0.07983079147526405,15,72,57,-1,39.4,-1
2026-03-19 12:00:00,2026-03-19 13:30:00,SHORT,69802.2,69714.9,0.84,1,STOP_LOSS,1.003952841143109,1.006170475160196,1.0113877051192655,1.031855670265436,32.328605567851035,16.780662451053583,31.731426895774646,-0.04743040278737627,33.86544747667052,0.3209045162247811,1.0559446474695038,0.5,1.55007838925054,0.0,0.0,0.0,0.0,0.0,0.0,1.0,0.0,1.0,0.0,0.0,0.15159520173198252,16,72,56,-1,30.1,-1
2026-03-19 15:30:00,2026-03-19 19:00:00,SHORT,68903.1,70357.7,-14.19,0,STOP_LOSS,1.0065538401957155,1.0101831692924224,1.017155058351801,1.040369324923333,35.49034746403358,73.32794985542714,78.92323869563525,-0.04977053000150727,29.61521610798724,0.6341014788263637,0.9253922259036714,0.5,1.8660065439746278,0.0,0.0,0.0,0.0,0.0,0.0,0.0,0.0,1.0,0.0,1.0,0.12081894266224333,35,72,37,-1,30.1,-1
2026-03-20 00:45:00,2026-03-20 04:00:00,SHORT,70198.8,70925.1,-6.9,0,STOP_LOSS,0.9992988484998393,0.9993167708238693,0.9988098057426723,1.0140358189643264,52.151786833161445,48.74434847830729,37.02604022258226,-0.1339638184141915,18.469419529486636,1.245785347886974,1.1434962818052705,0.5,1.9261703703479633,0.0,0.0,0.0,0.0,0.0,0.0,0.0,0.0,1.0,0.0,0.0,0.046076025250611836,6,70,64,-1,43.4,-1
2026-03-20 07:00:00,2026-03-20 07:30:00,SHORT,70279.4,70857.8,-5.47,0,STOP_LOSS,1.0033123858719644,1.00346489775035,1.0016904635322668,1.0108963111540366,42.59102319936582,1.6974506631078587,1.131633775405239,-0.28093427770081053,15.355180269225231,1.0249704522600571,1.8477429473402383,0.5,1.7427470419590743,0.0,0.0,0.0,0.0,0.0,0.0,0.0,1.0,0.0,0.0,0.0,0.02470459621945404,35,67,32,-1,44.3,-1
2026-03-20 09:15:00,2026-03-20 19:45:00,SHORT,70509.7,70182.2,3.08,1,STOP_LOSS,1.0046113437970656,1.0033295938762332,1.0006165021604274,1.0074300519517447,45.26991019995299,41.52763798042896,62.34488786075407,-0.04498321556863601,16.715402266778746,1.3976539289642296,1.989030859381655,0.5,1.3553650713095233,0.0,0.0,0.0,0.0,0.0,0.0,1.0,1.0,0.0,0.0,0.0,0.008848001617516418,31,72,41,-1,41.9,-1
2026-03-23 00:30:00,2026-03-23 04:45:00,SHORT,67684.4,68545.8,-8.45,0,STOP_LOSS,1.0043542786894153,1.0063878589799033,1.0103310712283065,1.0244374815348596,35.718708894385735,51.83687894861618,55.83544486789913,-0.03584632289048642,29.598968689387036,0.38931770539080995,0.9589657211450431,0.5,1.6616323767214447,0.0,0.0,0.0,0.0,0.0,0.0,0.0,0.0,1.0,0.0,0.0,-0.05238807384275038,12,72,60,-1,34.6,-1
2026-03-23 07:00:00,2026-03-23 08:00:00,SHORT,67944.2,68655.1,-6.91,0,STOP_LOSS,1.0043105270953112,1.0048487091798786,1.0053598927269143,1.016825208120751,42.2626562080361,5.657007376560976,17.044231797576746,-0.21844621600565017,23.25596775600301,0.67035781530724,1.300096822119606,0.5,1.947355058952378,0.0,0.0,0.0,1.0,0.0,0.0,0.0,0.0,1.0,0.0,0.0,-0.12501231767445636,35,72,37,-1,37.3,-1
2026-03-23 09:30:00,2026-03-23 11:00:00,SHORT,68146.4,70965.6,-27.24,0,STOP_LOSS,1.0023562206857226,1.0023670451826894,1.0024794116863076,1.0127479111637847,46.178650180833436,41.7900640080995,44.720275288723656,-0.0602608432138025,16.230449960752736,1.0974554235096405,1.629357796289012,0.5,0.9279153756441134,0.0,0.0,0.0,1.0,0.0,0.0,1.0,0.0,0.0,0.0,0.0,-0.130023993876527,24,72,48,-1,52.3,-1
2026-03-24 00:30:00,2026-03-24 07:00:00,SHORT,70586.7,70828.8,-2.23,0,STOP_LOSS,1.0019674679929573,1.002375883206743,0.9991302713806044,0.9882708913666542,45.27643001517214,37.44547013630191,58.10712998490968,-0.1107664367942442,12.607654735608845,1.58053944506355,2.276134423301122,0.5,2.056491629154246,0.0,0.0,0.0,0.0,0.0,0.0,1.0,1.0,0.0,0.0,0.0,-0.03845059681380985,35,59,24,0,54.3,-1
2026-03-24 13:15:00,2026-03-24 18:30:00,SHORT,70607.6,69521.7,9.97,1,STOP_LOSS,1.0045882216958872,1.005140135887832,1.0033378734935359,0.9938700271983429,39.16254886426557,3.8434561071654336,4.437441402822463,-0.32013359755429033,20.860742339950992,0.6820224130892176,1.0772934861034644,0.5,1.596632774523232,0.0,0.0,0.0,0.0,0.0,0.0,0.0,0.0,0.0,0.0,0.0,-0.08503313095540474,27,67,40,0,47.9,-1
2026-03-24 20:15:00,2026-03-25 00:30:00,SHORT,70001.9,70932.2,-8.66,0,STOP_LOSS,0.9936591436052048,0.9949431080705137,1.0000145828593923,1.0005991096175344,56.507795550777885,85.97431623432568,83.08704709959552,0.2842697841758837,37.931213433992845,0.8266852170085521,0.540633774253831,0.5,1.5904362396917417,0.0,0.0,0.0,0.0,0.0,0.0,0.0,0.0,1.0,0.0,0.0,-0.048479146888522555,30,72,42,0,52.9,-1
2026-03-25 15:15:00,2026-03-25 16:15:00,SHORT,71013.5,71504.2,-4.48,0,SENAL_ALCISTA,1.003419878489485,1.0048582051754806,1.0027336818441384,0.9940960992051132,40.938543796274956,7.169339945989522,2.389779981996507,-0.3154551390241972,19.455119176048843,0.8913134573194983,1.6412147032105218,0.5,1.5192632048835075,0.0,0.0,0.0,0.0,0.0,0.0,0.0,1.0,0.0,0.0,0.0,-0.02801162649143442,40,62,22,0,53.1,-1
2026-03-25 17:00:00,2026-03-25 22:30:00,SHORT,71144.9,71374.3,-2.09,0,SENAL_ALCISTA,1.000992962939101,1.0017314901180567,1.000703721014364,0.992784289488733,46.83844609632219,68.8319025728119,69.02391560777377,-0.023161433138779712,17.243438554260074,1.4056832869810605,1.4916721561122053,0.5,0.5455281241047246,0.0,0.0,0.0,0.0,0.0,0.0,1.0,1.0,0.0,0.0,0.0,-0.020462094036400504,31,59,28,0,53.5,-1
2026-03-26 02:15:00,2026-03-26 12:00:00,SHORT,70895.8,69375.0,13.86,1,STOP_LOSS,1.0038203042311655,1.0039782299710116,1.0035281572591481,0.9982808030159631,38.69365423429653,0.0,10.729160155995213,-0.17467229516042795,16.08760449898717,0.8448679918435088,1.4624911795746378,0.5,1.4777657616550344,0.0,0.0,0.0,0.0,0.0,0.0,1.0,0.0,0.0,0.0,0.0,-0.019411303219045127,32,65,33,0,53.1,-1
2026-03-26 13:45:00,2026-03-26 18:45:00,SHORT,69642.9,68493.1,10.75,1,STOP_LOSS,0.9979292132367972,0.9994583318900302,1.0050437315256813,1.011876195886019,48.08626875989359,93.39150698560185,93.39150698560185,0.26720893538659013,50.325990227877995,0.38173154087657873,0.5449041831885849,0.5,3.160078898812136,0.0,0.0,0.0,0.0,1.0,0.0,0.0,0.0,1.0,0.0,0.0,-0.06273429079409894,17,72,55,-1,41.2,-1
2026-03-26 20:00:00,2026-03-27 15:30:00,SHORT,69199.6,66392.3,26.57,1,STOP_LOSS,0.9925345087241276,0.9943533570342418,1.000639832003807,1.0132309568600117,57.24407295634865,95.6948139105699,83.72450756164801,0.20708038453843572,39.97881335605536,0.7656308180794267,0.4777556664331971,0.5,2.7890355439036285,0.0,0.0,0.0,0.0,0.0,0.0,0.0,0.0,1.0,0.0,0.0,-0.10823363920441896,31,72,41,-1,40.6,-1
2026-03-27 19:45:00,2026-03-28 13:30:00,SHORT,66044.5,66934.2,-8.95,0,STOP_LOSS,0.9977490682125679,0.9995885982287225,1.008557783664376,1.0359443053600517,47.26278994170577,99.99999999999999,87.42464437635013,0.2762619832649593,31.690435121873946,0.6337657362345541,0.6185872307162346,0.5,1.3476151048430007,0.0,0.0,0.0,0.0,0.0,1.0,0.0,0.0,1.0,0.0,0.0,-0.05291029141413836,26,72,46,-1,27.3,-1
2026-03-30 00:15:00,2026-03-30 03:15:00,SHORT,66570.1,67239.0,-6.64,0,STOP_LOSS,0.9939303444698239,0.9954092423266165,0.9974996028285019,1.002881994868368,56.10977122118455,52.73860106115299,42.54195374312741,-0.007650157750424696,25.442242100091647,1.2420479327400942,1.0196791837652315,0.5,3.183084151086006,0.0,0.0,0.0,0.0,0.0,0.0,0.0,0.0,1.0,0.0,0.0,-0.28017108215581804,32,72,40,-1,47.1,-1
2026-03-30 16:00:00,2026-03-31 00:45:00,SHORT,67446.6,67209.3,2.32,1,STOP_LOSS,1.0020277763224656,1.0022814892798448,1.000212221966068,0.9946452212620949,46.551623894432296,48.3071950702231,49.3711856890981,-0.09224360868669916,27.572517108444565,0.9347690224352597,0.8062224087219007,0.5,1.0692809519976367,0.0,0.0,0.0,0.0,0.0,0.0,0.0,1.0,0.0,0.0,0.0,-0.25246087478914714,42,58,16,-1,42.0,-1
2026-03-31 07:15:00,2026-03-31 10:00:00,SHORT,67294.4,66376.0,9.0,1,STOP_LOSS,1.002278824813289,1.002920650354333,1.0013002193820995,0.9978376231246278,42.29494772611991,8.408532618357771,8.592095617169793,-0.3068809019100612,21.290770039658213,0.8287040512273269,1.2523935219830866,0.5,1.8210588833765902,0.0,0.0,0.0,0.0,0.0,0.0,0.0,1.0,0.0,0.0,0.0,-0.0009400071541470654,39,65,26,-1,49.5,-1
2026-03-31 13:30:00,2026-03-31 14:15:00,SHORT,66976.2,67735.8,-7.52,0,STOP_LOSS,0.9970565403330873,0.9972103753527766,0.9997615281935237,1.0011846167564573,54.24707850642631,93.83037125097975,90.21632515479402,0.2755409262958557,28.031733352366295,0.827409146561704,0.680530611816422,0.5,1.6120679521840526,0.0,0.0,0.0,0.0,0.0,0.0,0.0,0.0,1.0,0.0,0.0,-0.06745704800213656,40,72,32,-1,44.8,-1
2026-04-01 12:45:00,2026-04-01 15:15:00,SHORT,68388.8,68745.2,-3.44,0,STOP_LOSS,1.0025046287326618,1.0027066960156676,1.00061402272511,0.9909997710735288,44.43025163595443,24.766429626352146,32.92974108319001,-0.11130759665567959,12.744205231336215,1.1476325447511944,1.5984941514319346,0.5,2.5966814961350493,0.0,0.0,0.0,0.0,0.0,0.0,0.0,1.0,0.0,0.0,0.0,-0.1819435969539917,49,72,23,0,60.8,-1
2026-04-01 18:00:00,2026-04-02 14:30:00,SHORT,68086.1,67050.0,10.03,1,STOP_LOSS,1.0057106250105634,1.0067316405200184,1.0060126432344234,0.9975355887486579,37.668166441658116,0.0,12.407904216307145,-0.21528017677081016,13.60974344276982,1.1437389875511903,2.0354105700297556,0.5,1.5525462491053084,0.0,0.0,0.0,0.0,0.0,0.0,1.0,1.0,0.0,0.0,0.0,-0.021713719004111297,40,72,32,0,53.5,-1
2026-04-03 00:15:00,2026-04-03 06:45:00,SHORT,66825.4,66800.4,0.25,1,STOP_LOSS,1.001058535280512,1.001098744565585,1.0005493966139987,1.0060107298813437,46.461152236027615,22.295952994351577,31.787146700811203,-0.10735911543748937,8.620663863132906,2.2488893237286853,2.0365366402942904,0.5,0.891399023966372,0.0,0.0,0.0,0.0,0.0,0.0,0.0,0.0,1.0,0.0,0.0,-0.060935414657335304,12,68,56,-1,43.2,-1
2026-04-03 13:00:00,2026-04-04 10:45:00,SHORT,66673.0,67169.7,-4.93,0,STOP_LOSS,1.0028468843654426,1.003007981199917,1.0024844984035028,1.0057063392778007,40.874172023195385,5.212494490720747,38.11557167001096,-0.15082189431503482,21.535274343521678,1.1534344295202201,0.8170309611400428,0.5,1.449633346251591,0.0,0.0,0.0,1.0,0.0,0.0,1.0,0.0,0.0,0.0,0.0,-0.22518420800878974,26,72,46,-1,45.7,-1
2026-04-13 00:00:00,2026-04-13 13:00:00,SHORT,70916.4,71207.1,-2.71,0,STOP_LOSS,0.9990547403695732,1.0004629587173284,1.0028529519479552,1.0124881424808567,47.70547039438598,33.288405581788794,25.319229324858597,-0.1272606958522983,31.84556351349266,0.46457880036518795,0.7060217846718838,0.5,1.3809478878389365,0.0,0.0,0.0,0.0,0.0,1.0,0.0,0.0,1.0,0.0,0.0,0.030655262937544794,18,72,54,-1,44.8,-1
2026-04-20 18:00:00,2026-04-20 23:15:00,LONG,76275.9,75659.2,-5.33,0,STOP_LOSS,0.9932040392522911,0.9903528586318614,0.986735250727225,0.9866165773637362,67.86831966895899,89.78627410951563,79.47043375418838,0.1786836633058422,27.638174991628983,1.1241476616090855,0.40772842540062343,0.5,1.4333353022152449,0.0,0.0,0.0,0.0,0.0,1.0,0.0,1.0,0.0,1.0,0.0,-0.09736749712475556,59,33,26,1,58.0,1
2026-04-21 01:00:00,2026-04-21 02:30:00,LONG,76137.1,75604.3,-4.6,0,STOP_LOSS,0.9976915495958263,0.9974601266939115,0.9951646636471391,0.9909463518020519,58.347980414414565,86.76097949145392,73.03960165258195,0.005147217359896124,15.272588696658953,1.7209224206142806,1.2459549546652107,0.5,1.3000951929591917,0.0,0.0,0.0,0.0,0.0,0.0,0.0,1.0,0.0,0.0,0.0,-0.20086340136522615,59,35,24,1,53.1,1
2026-04-21 06:30:00,2026-04-21 12:00:00,LONG,75994.2,76257.3,2.27,1,STOP_LOSS,0.9977824018855768,0.9975324359682055,0.997083296396472,0.9936528234686881,58.91734313721007,76.38643111139842,73.40329284013504,0.16388025606270784,13.156099660288781,2.385130944614512,1.2766252498372386,0.5,1.5471761383112195,0.0,0.0,0.0,0.0,0.0,0.0,0.0,1.0,0.0,0.0,0.0,-0.18500054732394838,59,22,37,1,55.8,1
2026-04-21 23:15:00,2026-04-22 05:30:00,LONG,75788.3,78131.2,20.31,1,STOP_LOSS,0.9978130953377763,0.9975642360050903,0.9990119847465933,0.9985749268051892,54.57857402794012,99.99999999999999,92.36189329329889,0.18111875124288582,10.272234106626904,2.3412189626506557,2.1348011240394307,0.5,0.46967768614136696,0.0,0.0,0.0,0.0,0.0,1.0,0.0,0.0,1.0,0.0,0.0,-0.2267792736398275,59,38,21,1,55.7,1
2026-04-22 13:30:00,2026-04-22 16:45:00,LONG,78609.0,78745.0,1.15,1,STOP_LOSS,0.9967749049087785,0.994853436312521,0.9892025455360406,0.9741930736283708,69.06503363337534,75.13889512055636,48.18426399952813,0.013913483264556433,51.72437196717648,0.5822324434202688,0.12932083262790509,0.5,2.9596122319932108,0.0,0.0,0.0,0.0,0.0,1.0,0.0,1.0,0.0,1.0,0.0,-0.11553523222478373,59,35,24,1,69.7,1
2026-04-23 06:30:00,2026-04-23 09:00:00,LONG,78177.1,77579.6,-5.08,0,STOP_LOSS,0.9985253690514889,0.9984146798864499,1.000087697747903,0.9911427971745641,53.21150250324289,94.95154001688272,95.4045170242847,0.32985067991211114,31.502857122007498,0.6797769386214235,0.6500555244479254,0.5,0.8727241091234778,0.0,0.0,0.0,0.0,0.0,0.0,0.0,0.0,1.0,0.0,0.0,-0.11234432164481568,62,24,38,1,59.1,1
2026-04-23 15:15:00,2026-04-23 17:00:00,LONG,78393.5,77839.2,-4.69,0,STOP_LOSS,0.9944490821671096,0.99269877574998,0.9933107505507992,0.9894491863073966,68.70395900319234,95.5513809848682,94.93216623867752,0.3561515120145876,25.65055736614595,1.2526055021949831,0.5656537847123986,0.5,1.8797462546754373,0.0,0.0,0.0,0.0,0.0,0.0,0.0,0.0,1.0,0.0,0.0,-0.11890701369195206,62,35,27,1,60.2,1
2026-04-23 21:15:00,2026-04-24 03:15:00,LONG,77921.4,77754.6,-1.42,0,STOP_LOSS,0.9991855658918058,0.999148170349746,0.9994481592361119,0.9963786733277152,51.79995361709116,76.94620036888875,82.90315024083,0.04626338138126391,17.09036073574876,1.1199506056509905,1.2182791170627096,0.5,0.29151499827079774,0.0,0.0,0.0,1.0,0.0,0.0,0.0,0.0,1.0,0.0,0.0,-0.05358118174969631,58,37,21,1,58.2,1
2026-04-24 11:00:00,2026-04-24 14:00:00,LONG,78217.0,77872.0,-2.91,0,STOP_LOSS,0.9942472748740921,0.9939922246708244,0.9949435804364095,0.9939938232065563,65.39709734428942,88.08378670048037,73.28269974132061,0.2563824708461386,14.781445386010228,2.620833760555964,1.2551949662645567,0.5,4.173801274996309,0.0,0.0,0.0,0.0,0.0,0.0,0.0,0.0,0.0,0.0,0.0,0.0035079109290812233,61,30,31,1,57.3,1
2026-04-27 00:45:00,2026-04-27 05:00:00,LONG,79298.9,78411.5,-7.38,0,STOP_LOSS,0.9922313165750136,0.9896436197545744,0.9870202661008918,0.9825443956582653,71.45407467444974,83.59118934356361,77.2684722953322,0.2330960880364405,24.349578985309808,1.5462660676588336,0.6702337305253799,0.5,2.184012057250604,0.0,0.0,0.0,0.0,0.0,0.0,0.0,1.0,0.0,1.0,0.0,0.031435331562615056,62,27,35,1,65.0,1
2026-04-28 02:30:00,2026-04-28 08:15:00,SHORT,76704.2,76980.4,-2.37,0,STOP_LOSS,1.004728668879297,1.0051042679368363,1.0061495785384125,1.0118646112827885,35.034724440817705,6.478449054114632,6.478449054114632,-0.25784903988619645,17.934752496030843,0.9082870954642135,1.7249254300195933,0.5,2.567091865766734,0.0,0.0,0.0,0.0,0.0,0.0,0.0,0.0,1.0,0.0,0.0,0.2260860302038245,30,67,37,0,43.6,-1
2026-04-28 11:45:00,2026-04-28 18:15:00,SHORT,76229.4,76232.9,-0.03,0,STOP_LOSS,1.0029184237508741,1.004932684777338,1.0073729176224218,1.0145606252623214,30.903723937797363,0.0,3.9413946626902154,-0.2676785338745545,27.60946816948573,0.3913674965862534,1.2739428190740287,0.5,1.2898058219660196,0.0,0.0,0.0,0.0,0.0,0.0,1.0,0.0,1.0,0.0,0.0,0.021330605314780465,50,67,17,0,39.6,-1
2026-04-29 01:15:00,2026-04-29 01:45:00,SHORT,76229.7,76570.7,-2.94,0,STOP_LOSS,1.001430094567435,1.0011953115951497,1.0013358965680859,1.0084799602222396,45.373981223278896,44.075994407440966,68.39709945256368,-0.04207434477155732,15.202925955183373,1.463926647606985,1.2608135848133015,0.5,1.7476638686848085,0.0,0.0,0.0,0.0,0.0,0.0,0.0,0.0,1.0,0.0,0.0,-0.10067724274469039,24,62,38,0,48.3,-1
2026-04-29 13:00:00,2026-04-29 19:00:00,SHORT,77190.2,75567.0,13.78,1,STOP_LOSS,1.0014471300882775,1.0015323671146195,0.9989135727552201,0.997331048937129,46.60583069136508,2.2742626464409565,1.0989209530575232,-0.3682779910733253,27.600197454143565,0.7794859558881168,1.0176317731171955,0.5,1.0792845001202935,0.0,0.0,0.0,0.0,0.0,0.0,0.0,1.0,0.0,0.0,0.0,0.08758288455221049,44,61,17,0,40.5,-1
2026-04-30 00:15:00,2026-04-30 01:15:00,SHORT,75813.2,76352.0,-4.69,0,STOP_LOSS,1.0000928969111076,1.0002608595514324,1.0031194201973745,1.010248293199285,47.99021441453045,24.61838172761402,32.63863576040542,0.10292926679093949,23.343806453857756,0.602664452099368,1.0516242682017523,0.5,1.5283928019918476,0.0,0.0,0.0,0.0,0.0,0.0,0.0,0.0,1.0,0.0,0.0,-0.02615112930976383,14,66,52,0,41.9,-1
2026-04-30 03:00:00,2026-04-30 07:30:00,SHORT,75824.5,76082.5,-2.24,0,STOP_LOSS,1.0017376650581147,1.0019267053020569,1.0031005970204132,1.0094166114847842,45.69958842748977,12.7958211064124,25.257507107316307,-0.15600720362010378,22.638361306311225,0.8206599406015482,1.257118136695691,0.5,0.7095110463055215,0.0,0.0,0.0,0.0,0.0,0.0,0.0,0.0,1.0,0.0,0.0,0.005806475855347494,14,67,53,0,41.9,-1
2026-04-30 11:30:00,2026-04-30 12:15:00,SHORT,75931.5,76337.6,-3.52,0,STOP_LOSS,1.0015392636311495,1.0010359282616599,1.0006439544689505,1.005607575539178,47.373042972322686,32.448811035073724,33.92179283176114,-0.073463616649281,24.113172639741364,1.0883437647609262,0.8127963538120585,0.5,1.3393911119442345,0.0,0.0,0.0,0.0,0.0,0.0,0.0,0.0,0.0,0.0,0.0,-0.062530552194066,31,64,33,0,43.5,-1
2026-05-01 14:00:00,2026-05-01 20:30:00,LONG,78680.7,77984.3,-5.81,0,STOP_LOSS,0.9942190619145814,0.9892410927628118,0.9836152552561863,0.9756096481968141,80.21679446690153,89.49930921836776,89.31860337119193,0.43942390610541293,55.243868113767036,0.7927443163182003,0.05715332646740288,0.5,1.6115994455151772,0.0,0.0,0.0,0.0,0.0,0.0,0.0,1.0,0.0,0.0,0.0,-0.17568445789852274,59,41,18,1,64.9,1
2026-05-04 01:45:00,2026-05-04 06:15:00,LONG,79781.6,79709.1,-0.59,0,STOP_LOSS,0.9884326824699601,0.9877458939599357,0.9871135095889455,0.9826692998133929,70.51741698306978,64.05229939089145,41.283865147689326,0.19977737730016618,23.299604716313134,1.8471285014427248,0.6327856729265753,0.5,4.688585058663232,0.0,0.0,0.0,0.0,0.0,1.0,0.0,1.0,0.0,1.0,0.0,0.09258808510072897,61,29,32,1,73.4,1
2026-05-04 14:00:00,2026-05-04 17:30:00,LONG,78958.1,80278.5,10.94,1,STOP_LOSS,0.9994178516188108,1.0013469627268532,1.0035649908916113,0.9984248479461766,44.5696165827913,79.63155796297318,80.7347480521825,0.07024925881627767,30.442344179762006,0.4548729664146882,1.1026226665282488,0.5,1.4318139598303343,0.0,0.0,0.0,0.0,0.0,0.0,0.0,0.0,0.0,0.0,0.0,0.08406823019526757,61,41,20,1,63.2,1
2026-05-05 02:00:00,2026-05-05 09:30:00,LONG,80450.0,80587.5,1.12,1,STOP_LOSS,0.9972550740883734,0.9961192185852483,0.994249513816646,0.9858892201419024,63.20670555715136,98.4738341335836,92.61782152992086,0.20164395462728568,18.03994604751774,1.6583453479353074,0.7466720316752243,0.5,1.893089952164706,0.0,0.0,0.0,0.0,0.0,0.0,0.0,1.0,0.0,0.0,0.0,0.06908876375854073,62,23,39,1,67.4,1
2026-05-05 12:15:00,2026-05-05 14:00:00,LONG,81219.6,81098.1,-0.98,0,STOP_LOSS,0.9972550112727895,0.9960022031714864,0.9936461160273302,0.9829434518027282,70.02965155148948,98.07191455524858,98.07191455524858,0.22837827284402742,27.26665787135157,1.1516505879260501,0.48083461074980793,0.5,1.3611264108520313,0.0,0.0,0.0,0.0,0.0,0.0,0.0,1.0,0.0,0.0,0.0,-0.07165230532173512,62,23,39,1,70.8,1
2026-05-05 19:45:00,2026-05-05 22:30:00,LONG,81605.1,81019.7,-4.72,0,STOP_LOSS,0.9989912503414852,0.9979361162999643,0.9952810414391415,0.9833651382713479,58.09041708144295,91.13950992620566,81.57052522544238,0.03411480452679719,23.17428912246555,1.000617418537499,0.5036285388761335,0.5,1.5618163652999228,0.0,0.0,0.0,0.0,0.0,0.0,0.0,1.0,0.0,0.0,0.0,-0.2050143299830698,62,27,35,1,71.1,1
2026-05-06 02:45:00,2026-05-06 12:00:00,LONG,81367.1,82195.6,6.68,1,STOP_LOSS,0.9984500179945345,0.9983543866612152,0.9983214808255226,0.9892754093922888,54.01454955334061,68.40724021951559,71.31562727117739,0.1477818706241637,15.961605862805305,1.4655744829544453,1.3599415604037772,0.5,0.6390715064051382,0.0,0.0,0.0,0.0,0.0,0.0,0.0,1.0,0.0,0.0,0.0,-0.24960227672140148,62,17,45,1,66.8,1
2026-05-06 20:00:00,2026-05-07 00:30:00,LONG,81621.9,81032.8,-4.75,0,STOP_LOSS,0.9980103544371349,0.9989275449624684,0.9999925025327165,0.9934960224336995,51.84108036290503,85.77110984443983,60.761747008572364,0.07834040926106355,27.62386946619806,0.6228860672681229,0.8076461677686971,0.5,1.2885665595146072,0.0,0.0,0.0,0.0,0.0,1.0,0.0,1.0,0.0,0.0,0.0,-0.15338670579251718,62,36,26,1,59.8,1
2026-05-07 06:30:00,2026-05-07 08:30:00,LONG,81378.9,81264.3,-0.93,0,STOP_LOSS,0.9964444678225488,0.9963670031347588,0.9979374287032066,0.9967663102697336,60.11484120227922,70.3758028941565,69.20907969775791,0.2519990041697873,27.16527824435138,0.9987676663507724,0.8216381259235348,0.5,1.5984778272358593,0.0,0.0,0.0,0.0,0.0,0.0,0.0,0.0,1.0,0.0,0.0,-0.05196698144834802,62,27,35,1,59.0,1
2026-05-08 02:00:00,2026-05-08 08:00:00,SHORT,79620.8,79733.5,-0.93,0,STOP_LOSS,1.0020784165805805,1.0031644047932087,1.0058096570795885,1.0130650093763087,35.51448695725684,13.560702791020324,15.03228686123605,-0.10209532001096765,36.292476294583814,0.33766819699634903,0.8927132424030542,0.5,1.9368893370271418,0.0,0.0,0.0,0.0,0.0,0.0,0.0,0.0,1.0,0.0,0.0,-0.07374549964177238,36,64,28,0,44.1,-1
2026-05-08 13:30:00,2026-05-08 14:15:00,SHORT,79600.3,80072.4,-3.89,0,STOP_LOSS,1.003787555428546,1.0042417253935014,1.0038322290759736,1.00936122789901,37.25213870577672,0.0,4.940327914951475,-0.3863857356093357,24.79645984422606,0.8228212892105924,1.0656072786678226,0.5,2.727473631088698,0.0,0.0,0.0,0.0,0.0,0.0,1.0,0.0,1.0,0.0,0.0,0.01713849638057673,35,64,29,0,49.1,-1
2026-05-08 16:30:00,2026-05-08 17:30:00,SHORT,79788.7,80133.8,-2.83,0,SENAL_ALCISTA,1.0018451595145124,1.001983695994803,1.0016948800026084,1.0064241103782625,45.65238941460025,50.83972909495809,58.204174736165236,-0.06928912488314816,17.191259062045834,1.3854554237327688,1.4935644825766836,0.5,0.7549495579563367,0.0,0.0,0.0,0.0,0.0,0.0,1.0,1.0,0.0,0.0,0.0,0.13537300438293334,31,61,30,0,49.3,-1
2026-05-11 00:15:00,2026-05-11 03:00:00,LONG,81677.4,80610.0,-8.55,0,STOP_LOSS,1.0023590836548695,0.9992990429011739,0.9959129611604592,0.9899584359056385,52.9286062287741,64.19275034153551,76.34066649038047,0.16210833758818413,28.84086915015941,0.8620238449129599,0.9301849517825759,0.5,1.4251122497544342,0.0,0.0,0.0,0.0,0.0,0.0,1.0,0.0,0.0,0.0,0.0,0.18568553994226913,62,40,22,1,50.4,1
2026-05-11 10:00:00,2026-05-11 14:15:00,LONG,81032.3,80747.2,-2.29,0,STOP_LOSS,0.9983824130670624,0.9982517730996234,0.9995335157850643,0.9981873917398107,55.90124256699711,99.325745328024,98.690435435209,0.30418829775596984,17.160171220850433,1.260722130829036,0.9710119723878032,0.5,1.229216106789341,0.0,0.0,0.0,0.0,0.0,1.0,0.0,1.0,0.0,0.0,0.0,0.13306261625956195,62,20,42,1,54.8,1
2026-05-11 16:00:00,2026-05-12 01:00:00,LONG,81790.5,81393.9,-3.15,0,STOP_LOSS,0.9938717203121782,0.9922946522282249,0.9914822105989111,0.9895991018880097,67.14875323786363,89.73701117871187,80.43791763197156,0.23138616315996835,18.046115965476584,1.6300827424567137,1.0306914888974055,0.5,1.4640602254165147,0.0,0.0,0.0,0.0,0.0,0.0,0.0,0.0,0.0,1.0,0.0,0.08324958573264953,62,33,29,1,61.2,1
2026-05-12 22:00:00,2026-05-13 01:00:00,SHORT,80631.4,80948.5,-2.55,0,STOP_LOSS,1.0002149179965987,1.0000513647048863,1.0007330253613054,1.0038838572939317,49.824108074514754,8.06538276466277,9.586735001884987,-0.04591891378563452,17.736826514509644,1.2636498921195,1.160963127428381,0.5,1.3264869909580999,0.0,0.0,0.0,0.0,1.0,0.0,0.0,0.0,1.0,0.0,0.0,-0.2676217722408154,34,62,28,0,46.3,-1
2026-05-13 10:30:00,2026-05-13 14:15:00,SHORT,80859.0,79851.4,8.08,1,STOP_LOSS,1.0026129043611038,1.0026925301210767,1.0017638521307461,1.001360276053539,39.16619887891974,11.937408839882972,44.01092628703455,-0.19470137481383107,17.808328252590144,0.9851605018334063,1.744057940015981,0.5,1.4661739941485097,0.0,0.0,0.0,0.0,0.0,0.0,1.0,1.0,0.0,0.0,0.0,-0.19667313861589703,41,64,23,0,46.5,-1
2026-05-13 15:15:00,2026-05-13 17:15:00,SHORT,79281.0,79340.6,-0.49,0,STOP_LOSS,1.0054737142781325,1.0102394808780817,1.0151083738449158,1.01936899636419,22.335082361648382,35.54563612695757,44.288094175302476,-0.31412639564695205,54.28668045084545,0.11616164278961039,0.8125758545427633,0.5,1.3635285533343307,0.0,0.0,0.0,0.0,0.0,0.0,0.0,0.0,0.0,0.0,1.0,-0.0021301683022601783,35,64,29,0,35.0,-1
2026-05-14 00:00:00,2026-05-14 04:45:00,SHORT,79532.8,79444.8,0.72,1,STOP_LOSS,0.998488085257528,0.9990907093886117,1.002031228281388,1.0109724386662091,51.71816025698845,36.529233101129364,20.454030660964428,0.06861219108967294,28.3909661078828,0.7576822318609862,0.9653244145049126,0.5,1.3289870629902987,0.0,0.0,0.0,0.0,0.0,0.0,0.0,0.0,1.0,0.0,0.0,0.14013555248558612,31,67,36,0,38.8,-1
2026-05-14 09:45:00,2026-05-14 12:30:00,SHORT,79639.5,79687.8,-0.39,0,STOP_LOSS,1.0013581864943615,1.0009745282928038,1.000413957875802,1.0064543803332036,47.39643699117263,0.0,3.4465497468357142,-0.16846980045896842,14.109701460224706,1.1962448198151567,1.7690335490156486,0.5,1.2681291969942272,0.0,0.0,0.0,0.0,0.0,0.0,1.0,0.0,0.0,0.0,0.0,0.06684707503552148,33,66,33,0,41.8,-1
2026-05-15 00:15:00,2026-05-15 02:00:00,LONG,81455.5,80948.9,-4.05,0,STOP_LOSS,0.9988748853812869,0.9987351513870126,0.9950817694850097,0.9883817579130905,54.64047189528274,50.335527221305135,29.577912356358407,-0.16573989282729162,11.170206751204033,1.9748639316879304,1.9890384130461927,0.5,1.3981308041672416,0.0,0.0,0.0,0.0,0.0,0.0,0.0,1.0,0.0,0.0,0.0,-0.0012194776129226229,60,19,41,1,53.9,1
2026-05-15 13:00:00,2026-05-15 14:00:00,SHORT,80131.4,79248.9,7.15,1,STOP_LOSS,1.0037296225308727,1.0051034211115557,1.0070749375953556,1.0058913993462615,32.811511422577105,12.69389576580701,24.155500648999478,-0.13691429168492147,20.8203521381513,0.6046603061100456,1.488989561216017,0.5,2.699397279928993,0.0,0.0,0.0,0.0,0.0,0.0,1.0,0.0,0.0,0.0,1.0,0.04644816932264686,29,64,35,0,40.8,-1
2026-05-18 00:00:00,2026-05-18 11:30:00,SHORT,77206.9,77362.7,-1.32,0,STOP_LOSS,1.0061983742408414,1.009423996944798,1.0112631559725467,1.0163430204951205,25.554568821346273,12.30516238924627,6.708804765389391,-0.4149972057310256,33.35748326552016,0.18148218626440352,1.269960382043507,0.5,2.533797005597046,0.0,0.0,0.0,0.0,0.0,0.0,0.0,0.0,1.0,0.0,0.0,-0.06518602625777321,35,67,32,0,30.9,-1
2026-05-18 13:45:00,2026-05-18 17:15:00,SHORT,76945.0,76668.5,2.34,1,STOP_LOSS,1.003157489655907,1.0026010538616654,1.003087761964529,1.0119033751204103,45.12624450206811,25.082788332057667,44.59970430968298,-0.06383809100901584,33.557155394039356,0.6148389870030377,0.9311398269883114,0.5,1.921878555324595,0.0,0.0,0.0,0.0,0.0,0.0,0.0,0.0,1.0,0.0,0.0,-0.09859079927207362,24,67,43,0,30.1,-1
2026-05-18 19:00:00,2026-05-19 07:30:00,SHORT,76624.1,77263.2,-5.44,0,STOP_LOSS,0.9979714247362717,0.9990844147759698,1.0019215782399467,1.012672381380148,50.60028045265294,56.493168614957234,52.84807789172549,0.06121008188688155,24.26598589394127,1.0081386920918065,0.9120444764343352,0.5,1.9591157983198295,0.0,0.0,0.0,0.0,0.0,0.0,0.0,0.0,1.0,0.0,0.0,-0.11597400621355725,37,67,30,0,36.4,-1
2026-05-19 09:30:00,2026-05-19 16:30:00,SHORT,76796.0,76803.4,-0.06,0,STOP_LOSS,1.0023840912325361,1.0025575232079802,1.0020901717342077,1.0068219780167549,41.58554442329189,1.8352653714204288,7.464099377828484,-0.20802486347327323,12.412208552162625,1.371117795330805,2.1463575006314852,0.5,1.3690329280219282,0.0,0.0,0.0,0.0,0.0,0.0,0.0,0.0,0.0,0.0,0.0,-0.10178889576479008,34,67,33,0,37.2,-1
2026-05-19 22:00:00,2026-05-20 05:00:00,SHORT,76786.6,77230.9,-3.76,0,STOP_LOSS,1.0019204701084925,1.0014184787320695,1.0009130652435836,1.0043292583473564,45.71896420131259,40.584765309985855,56.412519288160986,-0.040061482785042304,19.33528021115793,0.9210938050129485,1.0046152418267538,0.5,1.8481460300013084,0.0,0.0,0.0,0.0,0.0,0.0,0.0,0.0,1.0,0.0,0.0,-0.2103432929936094,37,65,28,0,39.7,-1
2026-05-20 13:30:00,2026-05-20 14:45:00,SHORT,77080.2,77446.3,-3.08,0,STOP_LOSS,1.0039437063590724,1.0041327661214987,1.0023450369092375,1.000788558361349,36.18535083988819,4.0278200471913195,26.257739116265885,-0.34298696074304047,28.95916643145449,0.8083168690180305,1.2334147270041866,0.5,4.91487249174235,0.0,0.0,0.0,0.0,0.0,0.0,1.0,1.0,0.0,0.0,0.0,-0.08315138829446729,46,67,21,0,48.0,-1
2026-05-21 05:45:00,2026-05-21 09:30:00,LONG,77827.4,77695.9,-1.1,0,STOP_LOSS,1.001160342467417,1.0008852554708636,0.9990779140088235,0.9945500596248795,47.58027737054133,0.0,3.6622248769888253,-0.25689787688008975,28.485873097698025,0.7930269065130703,0.6354999696756324,0.5,1.5933060115382038,0.0,0.0,0.0,1.0,0.0,0.0,1.0,1.0,0.0,0.0,0.0,-0.16690333928777804,59,43,16,1,52.7,1
2026-05-21 10:30:00,2026-05-21 15:00:00,SHORT,77354.5,77149.2,1.72,1,STOP_LOSS,1.0036044747422375,1.005002255662425,1.0050665401662053,1.0014030813058326,30.900942930889013,4.280432071856083,9.405906949133197,-0.3439062957601465,23.352480278087725,0.6924052151933406,1.4627334124674043,0.5,2.024801244619318,0.0,0.0,0.0,0.0,0.0,0.0,0.0,1.0,0.0,0.0,0.0,-0.06512886683377138,45,67,22,0,44.8,-1
2026-05-22 08:30:00,2026-05-22 12:00:00,SHORT,77325.7,77536.6,-1.77,0,STOP_LOSS,1.0014737553087412,1.0023760926784158,1.0029639578317049,1.0022118322423672,37.58955092853072,40.777453600815,37.89462159928755,-0.13229146152610638,19.428233413538088,0.7172429208207928,1.5032972996625038,0.5,1.9996627699853096,0.0,0.0,0.0,0.0,0.0,0.0,0.0,0.0,0.0,0.0,0.0,-0.07103960046673793,30,61,31,0,47.7,-1
2026-05-22 13:45:00,2026-05-22 15:15:00,SHORT,77292.0,76919.6,3.12,1,STOP_LOSS,1.0008643242218047,1.0011904026315608,1.0019547468928587,1.0022948079062393,43.80925725012759,12.90009912981031,34.60118493850316,-0.027572769031818066,20.953626976791004,0.7646872970470459,1.3056786447088429,0.5,1.9270624082501402,0.0,0.0,0.0,0.0,0.0,0.0,0.0,0.0,0.0,0.0,0.0,-0.0862805244270462,31,67,36,0,40.5,-1
2026-05-22 17:15:00,2026-05-23 02:45:00,SHORT,77062.7,75570.3,12.56,1,STOP_LOSS,0.9985863964617464,0.9996047358104057,1.0018907322399722,1.004296753301208,49.25020447727273,99.27586724048885,90.07316752773015,0.13606949318488623,23.094827551418433,0.6372081272814144,0.8989891761226936,0.5,1.412678703730425,0.0,0.0,0.0,1.0,0.0,1.0,0.0,0.0,1.0,0.0,0.0,0.09466147329454509,44,67,23,0,32.8,-1
2026-05-25 04:45:00,2026-05-25 20:30:00,LONG,77395.2,77276.3,-1.0,0,STOP_LOSS,0.9972839446652255,0.9962570910961206,0.9944928719039777,0.9905860707885119,62.726757913673765,68.59339969808764,39.92163650236802,0.025428471740290958,18.23999659895293,1.5980914940117945,0.6779876847358348,0.5,1.7851211090169892,0.0,0.0,0.0,0.0,0.0,1.0,0.0,0.0,1.0,0.0,0.0,-0.17532720012190797,59,37,22,1,56.0,1
2026-05-26 10:15:00,2026-05-26 12:00:00,LONG,77234.8,77057.6,-1.5,0,STOP_LOSS,0.9947267462372138,0.994431430388524,0.9956648636738434,0.9967238892470627,68.30442743163832,56.387647149522834,37.18530424791987,0.22488772368575607,22.718684802622747,1.6577537624095633,0.7909394526498194,0.5,3.2683087821821064,0.0,0.0,0.0,0.0,0.0,0.0,0.0,0.0,1.0,1.0,0.0,0.10589653342809577,59,43,16,1,52.8,1
2026-05-26 14:15:00,2026-05-26 14:30:00,LONG,77963.2,76813.4,-9.62,0,STOP_LOSS,0.9915043152278552,0.9895550322179589,0.9883627419429426,0.987876554199908,72.04956665848306,73.2098555676935,45.55360903143496,0.21912197784255247,20.297266312527864,2.1120182605322895,0.9023305371430853,0.5,2.2455437954661788,0.0,0.0,0.0,0.0,0.0,1.0,0.0,0.0,0.0,1.0,0.0,0.3122347845990029,59,43,16,1,45.6,1
2026-05-27 03:45:00,2026-05-27 05:45:00,SHORT,75659.0,75691.1,-0.28,0,STOP_LOSS,1.001871293937425,1.0027712078982007,1.00545048463814,1.0125104916032799,36.34365641483103,23.543826212533848,41.39992743303618,-0.02779770290116841,18.84905473274792,0.8628148039229262,1.6055235822264469,0.5,1.711674654702156,0.0,0.0,0.0,0.0,0.0,0.0,1.0,0.0,1.0,0.0,1.0,-0.11273927609001691,29,67,38,0,38.3,-1
2026-05-27 11:30:00,2026-05-27 12:15:00,SHORT,75826.7,75936.3,-0.94,0,STOP_LOSS,1.0009089643150924,1.0006233819963497,1.0010461386403022,1.0074740215445457,47.5177986920769,34.1334937847393,40.07742162319209,-0.03134355352445429,12.51190918801307,1.9059018612188485,1.9268940712288267,0.5,1.4368715061014923,0.0,0.0,0.0,0.0,0.0,0.0,0.0,0.0,1.0,0.0,0.0,-0.18258101247946945,24,67,43,0,40.4,-1
2026-05-27 13:15:00,2026-05-27 15:15:00,SHORT,75192.9,75355.8,-1.4,0,STOP_LOSS,1.0058914741248506,1.0073959630236793,1.0086119653150984,1.015295773480493,30.487026051609217,9.571272624298324,35.99081349024668,-0.3529600616707847,14.249459669265024,1.4420288229476037,2.5977446748313238,0.5,2.206101010973828,0.0,0.0,0.0,0.0,0.0,0.0,1.0,0.0,1.0,0.0,1.0,-0.14962806572806095,33,67,34,0,36.7,-1
2026-05-27 21:30:00,2026-05-28 07:30:00,SHORT,74629.9,73502.0,9.79,1,STOP_LOSS,1.005602268553393,1.0062535057460724,1.0086549411237173,1.0181648987906615,33.323815759956126,43.106450056745196,67.2572473186644,-0.006132979017983772,17.58814011838078,0.912663494822224,2.267343282436238,0.5,1.9384845235488153,0.0,0.0,0.0,0.0,0.0,0.0,1.0,0.0,0.0,0.0,0.0,-0.00833289574795126,34,67,33,0,30.3,-1
2026-05-28 13:15:00,2026-05-28 14:00:00,SHORT,73167.0,73328.6,-1.44,0,STOP_LOSS,1.002915992516433,1.0032730922110695,1.0062120420969738,1.0234071172291297,38.9521088599264,27.15505150056113,43.814628949748965,-0.03873091219257897,19.392269716030576,0.8836323319721131,1.8726793711283334,0.5,2.985586215831026,0.0,0.0,0.0,0.0,0.0,0.0,0.0,0.0,1.0,0.0,0.0,0.17839125598861522,18,72,54,0,24.6,-1
2026-05-29 01:15:00,2026-05-29 05:45:00,SHORT,73609.2,73701.0,-0.81,0,STOP_LOSS,1.0013626141267304,1.000715688406747,0.9996736343279685,1.010086321510355,48.971436026554706,40.42028376183821,54.02714389727146,-0.046648119731443616,11.257811168060092,1.6988065362846267,1.8407442173857789,0.5,1.4806588411416848,0.0,0.0,0.0,0.0,0.0,0.0,0.0,0.0,1.0,0.0,0.0,0.09786203590907867,32,63,31,0,31.8,-1
2026-05-29 07:45:00,2026-05-29 09:15:00,SHORT,73523.9,73885.1,-3.2,0,STOP_LOSS,1.0013116773017527,1.0009379114154344,1.0005405638899112,1.0087022496034925,47.70227757435145,37.64984078916507,65.08386371402341,-0.007286311943702905,20.329863825309694,1.0611864125324142,1.391711409622048,0.5,2.261460272096668,0.0,0.0,0.0,0.0,0.0,0.0,0.0,1.0,0.0,0.0,0.0,-0.08306965649770799,40,65,25,0,34.8,-1
2026-05-29 11:15:00,2026-05-29 13:30:00,SHORT,73573.1,73263.5,2.73,1,STOP_LOSS,1.0011879269214494,1.0012841104241235,1.0007190083596573,1.007234027951136,45.79886770918492,16.57023435829617,24.84643937502257,-0.18313358811242167,11.756578921329902,1.604906465125527,1.9291332755900406,0.5,0.5885776830673274,0.0,0.0,0.0,0.0,0.0,0.0,0.0,0.0,0.0,0.0,0.0,-0.07777109510136787,15,59,44,0,34.5,-1
2026-05-29 15:15:00,2026-05-30 14:15:00,SHORT,73667.9,74036.2,-3.25,0,STOP_LOSS,0.9945844713181377,0.9952522023823216,0.9968419422538027,1.004177508713416,58.02098024804768,99.25650467865479,66.41883489288492,0.16343600598145583,25.52265131594085,1.0162225880701647,0.7812424825001558,0.5,1.8848650628863828,0.0,0.0,0.0,0.0,0.0,0.0,0.0,0.0,1.0,0.0,0.0,0.09260483477549357,44,71,27,0,38.9,-1
2026-06-01 01:45:00,2026-06-01 02:30:00,SHORT,73290.2,73777.7,-4.32,0,STOP_LOSS,1.0045089438825359,1.0055748812908814,1.006118436227313,1.0072049513341401,32.694695328483505,3.5518469326233033,11.628715077897926,-0.2989748903873651,17.030029840807906,1.0626198359213572,1.955498388449088,0.5,1.446679648633534,0.0,0.0,0.0,0.0,0.0,0.0,0.0,0.0,1.0,0.0,1.0,0.1251885827858655,31,67,36,-1,43.9,-1
2026-06-01 06:15:00,2026-06-01 16:30:00,SHORT,73187.9,71345.3,16.31,1,STOP_LOSS,1.0028379189526793,1.0045840746625427,1.0060829074800144,1.0080286575203128,35.083504082153226,2.446180022324958,6.7828296675719155,-0.23796743338882095,17.106334350185477,0.9020310468077914,1.6900062801990552,0.5,1.21731883532226,0.0,0.0,0.0,0.0,0.0,0.0,1.0,0.0,0.0,0.0,1.0,0.07195662093384213,39,67,28,-1,32.6,-1
2026-06-01 22:00:00,2026-06-01 23:30:00,SHORT,70976.4,71514.0,-4.95,0,STOP_LOSS,1.0033811586124082,1.005792643263268,1.0112472478625927,1.026919787800047,30.219651072678488,1.769978235983439,1.179985490655626,-0.18808292982593727,35.03432343190301,0.349291523092157,0.9941819339918216,0.5,1.2529148985255483,0.0,0.0,0.0,1.0,0.0,0.0,0.0,0.0,1.0,0.0,0.0,0.042384633677812346,33,67,34,-1,27.8,-1
2026-06-02 01:30:00,2026-06-02 03:15:00,SHORT,70954.6,70959.0,-0.04,0,STOP_LOSS,1.0036495526711995,1.004683510060543,1.0084805695999597,1.0242624398489395,38.6308521974505,50.60380297257068,66.37064288478801,-0.017282802014153404,22.05893555168273,0.622953533029858,1.424295920275997,0.5,2.2584575634051256,0.0,0.0,0.0,0.0,0.0,0.0,0.0,0.0,1.0,0.0,0.0,-0.043359245324593954,21,72,51,-1,25.2,-1
2026-06-02 05:45:00,2026-06-02 16:00:00,SHORT,70267.8,67931.2,21.67,1,STOP_LOSS,1.0056894988188176,1.0081127135840824,1.0126584614628718,1.0299975419657375,33.430310418466895,18.823574557073282,44.3762005213505,-0.13914748943315106,38.494383979260924,0.21408580688634732,0.8755825530525693,0.5,1.2267821703552266,0.0,0.0,0.0,0.0,0.0,0.0,1.0,0.0,1.0,0.0,0.0,-0.09160255814824343,16,72,56,-1,21.3,-1
2026-06-02 22:45:00,2026-06-03 05:00:00,SHORT,66394.9,67131.2,-7.31,0,STOP_LOSS,1.0112617692760764,1.0145196743226954,1.0240573851793306,1.0596294276129181,32.58047261910236,40.47781361847372,52.99946900108795,-0.058878617445344374,36.20943253754242,0.3547368614895406,1.0369548715998484,0.5,2.6904141426260426,0.0,0.0,0.0,0.0,0.0,0.0,0.0,0.0,1.0,0.0,1.0,-0.0518865258493095,31,72,41,-1,12.5,-1
2026-06-03 12:15:00,2026-06-03 16:30:00,SHORT,67030.4,65926.3,10.82,1,STOP_LOSS,1.0013520891299597,1.0010337918118775,1.0013726377883774,1.028241898806013,48.310561976338725,29.31146256004071,43.36295768639023,-0.10102822399463504,15.298980301106093,1.31723874660123,1.6126920932453088,0.5,2.0079975373598264,0.0,0.0,0.0,0.0,0.0,0.0,0.0,0.0,1.0,0.0,0.0,-0.05923944679747245,20,72,52,-1,22.3,-1
2026-06-03 19:45:00,2026-06-04 02:30:00,SHORT,65464.9,63402.4,20.81,1,STOP_LOSS,1.005364370846398,1.0090243959503162,1.0149220080322898,1.0422678896720385,33.712365683114534,46.348866652828875,68.50014905653966,-0.04005301840953573,39.11985412944166,0.2130821527476129,0.7766865244420829,0.5,1.8173436851580003,0.0,0.0,0.0,0.0,0.0,0.0,0.0,0.0,1.0,0.0,0.0,-0.16961617990410163,19,72,53,-1,20.6,-1
2026-06-04 07:15:00,2026-06-04 12:30:00,SHORT,63701.9,63563.8,1.45,1,STOP_LOSS,1.004865373471872,1.0053687418335764,1.0116108855362806,1.0475943323691115,43.60240295236394,7.380534869198322,27.16237249869628,-0.004585692468031489,23.24305478392347,0.7660349845081541,1.3220731100041885,0.5,4.3236179793004315,0.0,0.0,0.0,1.0,0.0,0.0,1.0,0.0,1.0,0.0,0.0,-0.16036834942457895,27,72,45,-1,18.0,-1
2026-06-04 17:45:00,2026-06-05 04:45:00,SHORT,63536.5,63615.9,-0.84,0,STOP_LOSS,0.9997230368841568,1.0007102857647492,1.0021458105309906,1.0324451638547405,49.32010046862872,14.242954660847653,5.562074360629029,-0.18052998231619943,17.66686551573518,1.0857877396151099,1.075645437070433,0.5,1.48509699483387,0.0,0.0,0.0,0.0,0.0,0.0,0.0,0.0,0.0,0.0,0.0,-0.10543303428887359,28,72,44,-1,26.7,-1
2026-06-05 06:00:00,2026-06-05 07:30:00,SHORT,62090.1,62891.7,-8.63,0,STOP_LOSS,1.0114423617319526,1.0144714597964382,1.01842751710548,1.0421257912819621,35.61509692720839,34.589115936732625,56.4160774669041,-0.11206189357831783,21.336735953925377,0.6084411528812356,1.4843665039074498,0.5,2.3703802898531046,0.0,0.0,0.0,0.0,0.0,0.0,1.0,0.0,1.0,0.0,1.0,-0.10868689069736172,20,72,52,-1,28.4,-1
2026-06-05 11:15:00,2026-06-05 19:45:00,SHORT,62472.8,60302.9,23.1,1,STOP_LOSS,1.0019047859016876,1.003002528837719,1.0062641402444283,1.029224190552894,46.26563405610579,8.354606095982009,19.48532389525011,-0.03422526956000497,19.566968163483864,0.9048269152916336,1.3168564226417692,0.5,0.8025793804279981,0.0,0.0,0.0,0.0,0.0,0.0,0.0,0.0,1.0,0.0,0.0,-0.051555674982180784,15,72,57,-1,25.0,-1
2026-06-08 05:15:00,2026-06-08 07:15:00,SHORT,62727.1,63189.5,-4.96,0,STOP_LOSS,1.0018225929933613,1.003070011646395,0.9998415872992709,0.9909130200252292,45.5550210252499,9.152057457094063,3.0506858190313544,-0.3086335875185311,24.56378818633577,0.7101716040682987,0.8529000623709359,0.5,1.4670265330021952,0.0,0.0,0.0,0.0,0.0,0.0,0.0,0.0,0.0,0.0,0.0,-0.12504146559048343,40,65,25,-1,50.7,-1
2026-06-08 17:30:00,2026-06-09 05:15:00,SHORT,63385.1,63315.1,0.74,1,STOP_LOSS,1.003598242436469,1.003982161880458,1.0008923809566668,0.9886133512725656,45.05617873498516,13.594435280431533,8.220856769951594,-0.24090052306458187,15.352978199062989,1.1050646436217546,1.469772406889384,0.5,0.763999125667742,0.0,0.0,0.0,0.0,0.0,0.0,0.0,0.0,0.0,0.0,0.0,-0.1181080013565517,44,60,16,0,50.9,-1
2026-06-09 09:00:00,2026-06-09 17:00:00,SHORT,62847.5,61609.1,13.24,1,STOP_LOSS,1.0023723252581673,1.0034899510338473,1.0044388868185856,1.0006371541300527,40.744015560468235,8.500437254158765,7.702228664231702,-0.2330198738341867,24.75249769201437,0.5240704415044437,1.1763755362370527,0.5,1.884131045461803,0.0,0.0,0.0,0.0,0.0,0.0,0.0,0.0,1.0,0.0,0.0,-0.012322648271136234,27,72,45,0,46.3,-1
2026-06-10 00:30:00,2026-06-10 07:30:00,SHORT,61517.1,61759.2,-2.66,0,STOP_LOSS,1.0035439943990179,1.004431549725626,1.0070675608365018,1.0151608588739276,38.61001723190047,36.612944633476715,35.85507345952104,-0.0785458043881696,13.518172195173255,1.1703211995784728,1.779015937121093,0.5,1.99906350702373,0.0,0.0,0.0,0.0,0.0,0.0,0.0,0.0,1.0,0.0,0.0,0.04889230495412776,13,72,59,-1,41.3,-1
2026-06-10 08:45:00,2026-06-10 12:30:00,SHORT,61263.8,61690.3,-4.7,0,STOP_LOSS,1.0030941131105333,1.003513403545701,1.0055222515092972,1.0149444837939732,40.43320120907274,21.208203639842804,45.74529812678337,-0.01674446457543441,21.96766920413985,0.6322403450521241,1.291090231047185,0.5,1.2287282890741529,0.0,0.0,0.0,0.0,0.0,0.0,0.0,0.0,0.0,0.0,0.0,0.011715370957396672,12,72,60,-1,38.7,-1
2026-06-10 17:30:00,2026-06-11 01:00:00,SHORT,61742.5,62039.4,-3.24,0,STOP_LOSS,1.0051739359264151,1.0038938423501365,1.0008664204184312,1.0050135139676917,45.677040387868,0.0,1.6348264309649978,-0.18360227053709402,29.99309106986486,0.7300966595582385,0.6769390251855328,0.5,1.4915984723548543,0.0,0.0,0.0,0.0,0.0,0.0,1.0,0.0,0.0,0.0,0.0,-0.1661730318482489,37,58,21,-1,46.2,-1
2026-06-12 05:00:00,2026-06-12 08:15:00,SHORT,63439.3,63534.8,-1.01,0,STOP_LOSS,1.002356700206298,1.001926379371689,0.9998086533526939,0.9897985943670982,46.162263718928024,50.084580029953706,68.61330113323328,-0.027696661551770807,18.527386719831892,1.305891352201679,1.3680264057696576,0.5,1.6143492479450448,0.0,0.0,0.0,0.0,0.0,0.0,1.0,0.0,0.0,0.0,0.0,-0.07076957794575611,39,65,26,0,52.4,-1
2026-06-12 13:30:00,2026-06-12 14:15:00,SHORT,63135.8,63633.6,-5.3,0,STOP_LOSS,1.0050827804564921,1.006069212872141,1.0054654425684164,0.9976505178307579,34.41726199301355,4.56626929866845,5.812877751559423,-0.31788316959847734,19.85778989758873,0.8278772048822031,1.5395308516767159,0.5,3.6358276474354487,0.0,0.0,0.0,0.0,0.0,0.0,0.0,1.0,0.0,0.0,0.0,0.06240381895716144,50,70,20,0,55.3,-1
2026-06-18 01:00:00,2026-06-18 08:00:00,SHORT,64733.1,64541.4,1.99,1,STOP_LOSS,0.9970099151722897,0.9974195823226638,1.0013486211135971,1.0097202248166801,53.0073347813573,86.35660479808658,88.18647902238882,0.29686782283130503,19.973994106623543,1.0300500449146255,0.9245006988160726,0.5,1.208493339024189,0.0,0.0,0.0,0.0,0.0,0.0,0.0,0.0,0.0,0.0,0.0,-0.12572864916526588,24,72,48,-1,43.2,-1
2026-06-18 13:45:00,2026-06-18 19:30:00,SHORT,63979.5,62961.6,10.68,1,STOP_LOSS,1.0023571819223058,1.0027890852673491,1.0044903813132111,1.0144447636715808,42.61097859506487,39.39624398621524,67.28556195720323,-0.01411117733357508,18.717019017659055,0.9489044543940913,1.5659317127100814,0.5,2.780813496185884,0.0,0.0,0.0,0.0,0.0,0.0,0.0,0.0,1.0,0.0,0.0,-0.06847931955057576,12,72,60,-1,32.4,-1
2026-06-19 03:15:00,2026-06-19 13:30:00,SHORT,62844.2,63091.7,-2.66,0,STOP_LOSS,1.0010008969891862,1.0013540576176923,1.0037276683192744,1.0196988858880807,45.287648666321154,37.27372952924371,42.491167431286655,-0.03928081266615759,13.625438347894214,0.9142589697090823,2.384216656419114,0.5,4.312911345647384,0.0,0.0,0.0,1.0,0.0,0.0,0.0,0.0,1.0,0.0,0.0,0.15320506747914237,21,72,51,-1,36.7,-1
2026-06-22 00:15:00,2026-06-22 01:15:00,SHORT,63722.8,64652.9,-9.84,0,STOP_LOSS,0.9981433559205894,1.0003814882869273,1.0031625205808001,1.0031417101404825,47.34719684057001,65.77959066737752,45.45245975736199,-0.06922099065470048,27.566261517666067,0.8265679503051778,1.0412949175450124,0.5,1.323087957898849,0.0,0.0,0.0,0.0,0.0,0.0,0.0,0.0,1.0,0.0,0.0,0.14806310082840893,10,72,62,-1,49.8,-1
2026-06-22 04:30:00,2026-06-22 05:45:00,SHORT,63957.8,64248.4,-3.05,0,SENAL_ALCISTA,1.0019572991187269,1.002027682627534,1.0016190617217442,1.0001697066105975,46.18889235539837,0.08213666703732092,2.2653052781736602,-0.18618757298674252,20.982457445831077,1.106470854777745,1.1873990490535233,0.5,0.47894049338641687,0.0,0.0,0.0,0.0,1.0,0.0,0.0,0.0,0.0,0.0,0.0,0.02487313946191028,26,72,46,0,52.4,-1
2026-06-22 06:45:00,2026-06-22 08:30:00,SHORT,63992.5,64264.7,-2.85,0,SENAL_ALCISTA,1.0019339378070602,1.0020281083659919,1.0015346954076523,0.9998897399653831,45.170296496875345,12.384796285919506,34.727603315862765,-0.13439232065545978,15.505647192789535,1.4968892201825394,1.4638222330823283,0.5,0.704622243833049,0.0,0.0,0.0,0.0,0.0,0.0,1.0,0.0,0.0,0.0,0.0,0.03818267792193181,26,67,41,0,52.4,-1
2026-06-22 22:15:00,2026-06-23 09:15:00,SHORT,64030.0,62506.8,15.9,1,STOP_LOSS,1.004004281201502,1.0059975688596192,1.0071604301701096,1.0034313525965723,34.25153272866917,37.626598432143865,32.56776072926896,-0.1446636144596277,25.34776360563083,0.5382616003280348,1.5049953199042618,0.5,1.718033484856376,0.0,0.0,0.0,0.0,0.0,0.0,0.0,1.0,0.0,0.0,0.0,0.06229679997691132,43,68,25,0,48.8,-1
2026-06-23 14:00:00,2026-06-23 22:00:00,SHORT,62734.6,62746.4,-0.13,0,STOP_LOSS,0.9950328648711321,0.9960650169189751,1.002667983314233,1.0154771612821034,55.2772215624243,99.99999999999999,68.16850875346942,0.3338302301284501,47.06142744002785,0.5337857738088211,0.5385443821273391,0.5,1.2794767619613792,0.0,0.0,0.0,0.0,0.0,1.0,0.0,0.0,1.0,0.0,0.0,0.003341455313085471,34,72,38,-1,35.5,-1
2026-06-24 02:45:00,2026-06-24 11:45:00,SHORT,62632.0,62916.6,-3.06,0,STOP_LOSS,1.0025759609064566,1.001952687035784,1.0010878870149678,1.0101199356806316,45.12745081297607,2.4118724266880696,20.21004301456493,-0.17853703897130585,21.82784911681191,0.8634057093909037,0.9425297055894,0.5,1.5616465644964197,0.0,0.0,0.0,0.0,0.0,0.0,1.0,0.0,0.0,0.0,0.0,-0.05318749599433972,21,72,51,-1,39.6,-1
2026-06-24 13:00:00,2026-06-24 18:15:00,SHORT,62040.1,59708.9,25.28,1,STOP_LOSS,1.0086810001674824,1.0096353474523625,1.0102701818537452,1.0166511553407152,30.797729854165347,45.93736708073031,68.56926645210679,-0.1279835042485946,20.897006576819933,1.095609278573488,1.7865005684616015,0.5,2.614676847390459,0.0,0.0,0.0,0.0,0.0,0.0,0.0,1.0,0.0,0.0,1.0,0.1115548652847891,39,72,33,-1,25.2,-1
2026-06-24 20:00:00,2026-06-25 05:00:00,SHORT,60674.7,61643.9,-10.89,0,STOP_LOSS,0.9884239981695926,0.9922513876908674,1.0052553068237833,1.0283820852430898,55.819706957190505,98.84224284616516,98.84224284616515,0.44339133379698786,47.063762648335384,0.6324361932918688,0.5111677471522347,0.5,1.5829664008676843,0.0,0.0,0.0,0.0,0.0,0.0,0.0,0.0,0.0,0.0,0.0,0.3300662865329321,24,72,48,-1,36.1,-1
2026-06-25 11:00:00,2026-06-25 14:00:00,SHORT,61356.1,59268.7,23.06,1,STOP_LOSS,1.0026652673604153,1.003118564092967,1.000459500047555,1.0087240163482782,42.61196436221071,4.433197536504144,1.477732512168048,-0.5157522368700149,34.74917125352474,0.4114613293366326,0.9473084977316724,0.5,1.2483536575310425,0.0,0.0,0.0,1.0,0.0,0.0,0.0,0.0,0.0,0.0,0.0,0.31928008371516375,22,72,50,-1,40.5,-1
2026-06-26 01:00:00,2026-06-26 03:30:00,SHORT,59594.0,59489.4,1.2,1,STOP_LOSS,1.0028875726155675,1.0029404508335873,1.005579638145461,1.0235684923239734,44.61575129046344,0.932707687963387,5.9775946247072955,-0.07569574446899771,15.715337350834625,1.2597894171334496,1.5032147628997923,0.5,1.3298083054774257,0.0,0.0,0.0,0.0,0.0,0.0,0.0,0.0,1.0,0.0,0.0,0.01125468330021555,23,72,49,-1,37.4,-1
2026-06-26 12:30:00,2026-06-26 13:45:00,SHORT,59138.9,60171.7,-11.99,0,STOP_LOSS,1.0060887966250918,1.0092192266707758,1.0110430501035335,1.0237211524419396,35.439624323299945,41.22263238427139,35.90169572416532,-0.1976025834032429,26.95429718722695,0.523422098173735,1.1766035393422425,0.5,1.8271989672689888,0.0,0.0,0.0,0.0,0.0,0.0,0.0,0.0,0.0,0.0,0.0,-0.015792807489458206,17,72,55,-1,42.7,-1
2026-06-26 19:45:00,2026-06-27 07:15:00,SHORT,59763.4,60425.0,-7.55,0,STOP_LOSS,1.0021945797665515,1.0025373502406678,1.001932746495081,1.0102999101271584,46.2221471018812,37.62088291262537,41.095544488465336,-0.121897384053385,11.239482867892223,1.9063857931430994,1.976181405209796,0.5,1.4299753513106606,0.0,0.0,0.0,0.0,0.0,0.0,1.0,0.0,0.0,0.0,0.0,0.01913680498744121,9,72,63,-1,39.8,-1
2026-06-29 00:00:00,2026-06-29 02:30:00,SHORT,59582.8,59772.5,-2.16,0,STOP_LOSS,0.9987434291210209,0.9993405255062958,1.0021166734144242,1.0080617481142955,50.149307515400245,87.5754038287897,88.0455636891117,0.12010522492827472,18.179146893608234,1.3166068513208318,1.5687462489395267,0.5,1.3582576441590488,0.0,0.0,0.0,0.0,0.0,0.0,0.0,0.0,1.0,0.0,0.0,-0.00615190545901637,21,72,51,-1,45.3,-1
2026-06-29 07:45:00,2026-06-29 12:00:00,SHORT,60006.0,60676.9,-7.59,0,STOP_LOSS,1.0004489044664475,0.9988160896873644,0.9970269593900929,0.9998648975512096,53.833611833829565,72.00111975404965,77.72022534393662,-0.007424855516578541,9.309769592680771,2.6619559147493383,2.5061173434902204,0.5,3.32975187196,0.0,0.0,0.0,0.0,0.0,0.0,0.0,0.0,1.0,0.0,0.0,-0.07824737085401343,30,72,42,-1,44.9,-1
2026-06-29 13:30:00,2026-06-29 17:00:00,SHORT,59459.3,60463.5,-11.42,0,STOP_LOSS,1.008638124654586,1.0093244669479957,1.008233999177492,1.0091567710337483,39.25955104514891,16.55373172836745,18.56452254792972,-0.15885628434908566,13.922895460617665,1.743309276771375,1.957248828217803,0.5,1.6649115298542145,0.0,0.0,0.0,0.0,0.0,0.0,0.0,0.0,0.0,0.0,1.0,-0.013409466690292098,24,72,48,-1,43.2,-1
2026-06-30 00:00:00,2026-06-30 05:30:00,SHORT,60201.2,59562.9,7.13,1,STOP_LOSS,1.001637486724349,1.0017882655637427,0.9998746017595977,0.9976611435802134,45.63097499544637,6.688975127757469,5.40998203774269,-0.27574864814376926,13.693120634250414,1.3131796747283384,1.816612609047681,0.5,1.761318227270043,0.0,0.0,0.0,0.0,0.0,0.0,0.0,0.0,0.0,0.0,0.0,-0.1450971328862888,32,62,30,-1,42.3,-1
2026-06-30 08:30:00,2026-06-30 13:00:00,SHORT,59275.8,58460.3,9.28,1,STOP_LOSS,1.003028549582846,1.0048954108211277,1.0081099773181907,1.011255723325661,33.47517960294727,39.459208303079194,53.557208479832475,-0.021369942196531468,27.700859753900545,0.3648395172031299,1.048936873252569,0.5,2.35005551380185,0.0,0.0,0.0,0.0,0.0,0.0,1.0,0.0,0.0,0.0,1.0,-0.1582959804049024,37,72,35,-1,38.6,-1
2026-06-30 14:00:00,2026-07-01 01:30:00,SHORT,58999.1,58896.7,1.18,1,STOP_LOSS,0.9965251009272738,0.9998744211720546,1.0053261805379916,1.0130135348401905,47.22728999411437,70.279530200599,47.119381076775845,-0.03141754233877199,49.69695670867855,0.34784597099902964,0.567306829576799,0.5,2.6191520046336025,0.0,0.0,0.0,0.0,0.0,1.0,0.0,0.0,1.0,0.0,0.0,-0.15937825449549256,18,72,54,-1,32.7,-1
2026-07-01 08:30:00,2026-07-01 13:30:00,SHORT,58742.3,59020.1,-3.21,0,STOP_LOSS,1.0002413741487544,1.0016371897594416,1.001780480316955,1.0083993349337044,45.741086493653405,12.865054441795468,10.365896773394752,-0.23242988194789593,18.483371350539134,0.8140382692718618,1.3907606300658881,0.5,1.553671278025992,0.0,0.0,0.0,0.0,0.0,0.0,0.0,0.0,0.0,0.0,0.0,0.01257758302966078,26,72,46,-1,38.9,-1
2026-07-02 00:00:00,2026-07-02 01:30:00,SHORT,59949.3,60196.8,-2.8,0,STOP_LOSS,1.0045657712676184,1.0048856989597172,1.0001397584447542,0.9924810762276584,41.09239675042112,0.0,0.0,-0.41429096018110817,28.009194241794816,0.9911043656944424,0.8446933974015294,0.5,1.3771563933869257,0.0,0.0,0.0,0.0,0.0,0.0,1.0,1.0,0.0,0.0,0.0,0.16399523746651906,52,72,20,0,60.5,-1
2026-07-02 07:30:00,2026-07-02 09:30:00,SHORT,60131.4,61083.4,-10.71,0,STOP_LOSS,1.0036275816661695,1.0049632915750188,1.002690595369409,0.9934057246008104,38.98541246120971,0.0,1.9084104689078807,-0.4367011798194121,21.37344346680061,1.0006714330640718,1.2935020480142496,0.5,2.0045957943615313,0.0,0.0,0.0,0.0,0.0,0.0,1.0,1.0,0.0,0.0,0.0,0.29777231028785717,40,72,32,0,52.2,-1
2026-07-03 02:30:00,2026-07-03 06:00:00,SHORT,61361.7,61726.4,-4.0,0,STOP_LOSS,1.0017843010212146,1.0020706506867525,1.001346876592434,0.988448143661296,44.319186150128964,37.592618579249546,57.97212277286271,-0.017868466548659617,13.150715974543266,1.5026316930098227,1.7958376413001649,0.5,1.5382887338238207,0.0,0.0,0.0,0.0,0.0,0.0,1.0,0.0,0.0,0.0,0.0,0.01876376373008143,30,60,30,0,59.4,-1
2026-07-07 11:45:00,2026-07-07 12:45:00,LONG,63403.7,63483.7,0.85,1,STOP_LOSS,0.9978962862494137,0.9976917846196361,0.9988343391118396,0.9963233440499623,56.49946272085649,67.60431723879341,52.11864525335966,0.17555231666154505,14.76382480033829,1.8067852629104395,1.3523053649266048,0.5,1.5100383306437084,0.0,0.0,0.0,0.0,0.0,1.0,0.0,0.0,0.0,0.0,0.0,0.12487397063806954,59,30,29,0,57.1,1
2026-07-07 15:30:00,2026-07-07 17:00:00,LONG,63851.3,64022.8,1.8,1,SENAL_BAJISTA,0.9941700978625665,0.9926349111678848,0.9923773643759384,0.9898515570534528,62.4674731334383,73.80515111208273,58.5934442812515,0.2098573412976033,14.432285046999743,1.9283904290226919,1.2857854026419584,0.5,1.7672750593581996,0.0,0.0,0.0,0.0,0.0,0.0,0.0,0.0,1.0,0.0,0.0,0.002196764277343514,59,41,18,0,61.3,1
2026-07-08 15:15:00,2026-07-08 17:15:00,SHORT,61623.7,62310.0,-7.48,0,STOP_LOSS,1.0036263708291724,1.0061865395997875,1.0115531046291162,1.0212525549323634,30.571850003139474,14.036475514956672,29.281496647371874,-0.08330493113294443,28.157428329743773,0.5030137805093111,1.07483006253229,0.5,1.3832576562780565,0.0,0.0,0.0,0.0,0.0,0.0,0.0,0.0,1.0,0.0,1.0,0.03828387586886572,31,72,41,-1,39.8,-1
2026-07-09 01:45:00,2026-07-09 04:30:00,SHORT,61908.4,62307.7,-4.32,0,STOP_LOSS,1.0044323905109451,1.0047596008449262,1.0050328783138875,1.0123389603811903,37.565416882077486,31.587690354508723,53.806386291093226,-0.14681689905260734,12.511992008382645,1.5656191010655276,2.336979322072628,0.5,1.9792902842635187,0.0,0.0,0.0,0.0,0.0,0.0,1.0,0.0,1.0,0.0,0.0,0.10329995144972161,15,72,57,-1,43.2,-1
2026-07-09 12:30:00,2026-07-09 13:30:00,SHORT,62611.3,62973.3,-3.86,0,SENAL_ALCISTA,1.0023820502617997,1.0025487689104444,1.0002257261365395,1.000723838136405,43.94788396299082,24.6987578951168,25.431435890981497,-0.24037227181150117,25.275078054111074,0.8107562540742589,0.6002871354525395,0.5,4.585327132417438,0.0,0.0,0.0,0.0,0.0,0.0,0.0,1.0,0.0,0.0,0.0,-0.0004313473515077754,37,62,25,-1,51.7,-1
2026-07-13 07:30:00,2026-07-13 14:45:00,SHORT,62969.6,62790.0,1.9,1,STOP_LOSS,0.9983709716354051,1.0001870411887115,1.0056760953689452,1.01276793793746,45.776150794328935,98.22976419721361,95.95390478702014,0.31165695057731513,52.339210173435546,0.2494783505119545,0.48903342494471974,0.5,1.4286753251009563,0.0,0.0,0.0,0.0,0.0,1.0,0.0,0.0,0.0,0.0,0.0,-0.1993750067542479,22,67,45,-1,42.0,-1
2026-07-13 17:30:00,2026-07-13 23:45:00,SHORT,62097.1,62336.5,-2.57,0,STOP_LOSS,1.0038415397178475,1.0064763237259582,1.010714099883657,1.0213521235585263,28.63653570116611,12.50164210672923,23.06146619214604,-0.18353449012590012,21.628046403673665,0.6781761591872706,1.5050938365042466,0.5,1.3135289893064017,0.0,0.0,0.0,0.0,0.0,0.0,0.0,0.0,1.0,0.0,0.0,-0.13679782386155645,37,67,30,-1,35.1,-1
2026-07-14 07:15:00,2026-07-14 12:15:00,SHORT,62639.1,62964.4,-3.46,0,STOP_LOSS,1.0003716565488447,0.9996422200822082,0.9983099491216813,1.0055987808492837,53.48531059561168,4.187204571999823,11.129829637965704,-0.17772816836854546,20.09560832122542,1.105303966673441,0.8252231844498663,0.5,1.2548940618850992,0.0,0.0,0.0,0.0,0.0,0.0,0.0,0.0,0.0,0.0,0.0,0.059342822937062126,32,68,36,-1,39.7,-1
2026-07-15 00:30:00,2026-07-15 07:15:00,LONG,64780.4,64534.3,-2.53,0,STOP_LOSS,1.0014232706755755,0.99977224365078,0.993843084508799,0.9813178636513349,53.72362675381197,22.89132597420735,48.0535024110488,-0.12908680219918695,36.21518563394374,0.7410358488959957,0.5787707378097657,0.5,1.6250741375221702,0.0,0.0,0.0,0.0,0.0,0.0,1.0,1.0,0.0,0.0,0.0,0.0359979570957071,59,37,22,0,62.6,1
2026-07-15 12:30:00,2026-07-15 13:30:00,LONG,64796.7,65273.8,4.89,1,STOP_LOSS,0.9988442725769844,0.9988229737328599,0.9981111204644845,0.9878720298675095,54.12229363356658,61.703819426517555,53.74694615709019,0.04708741502939463,18.790047926400195,1.6448243057164205,0.7858162301837647,0.5,3.631372123627359,0.0,0.0,0.0,0.0,0.0,0.0,0.0,1.0,0.0,0.0,0.0,0.02140705556342301,59,26,33,0,66.3,1
2026-07-15 16:00:00,2026-07-16 00:15:00,LONG,65090.4,64573.7,-5.29,0,STOP_LOSS,1.003215497345214,1.0011695658780344,0.9978692942541466,0.986037298788152,49.191863877309835,49.48258312275712,68.53835027935214,-0.016912826157399967,27.607927873075226,0.8223895663345285,0.7026992871436569,0.5,1.29059768883802,0.0,0.0,0.0,0.0,0.0,0.0,0.0,1.0,0.0,0.0,0.0,-0.0008106429895430103,59,36,23,0,60.7,1
2026-07-17 05:30:00,2026-07-17 10:30:00,SHORT,62974.7,63178.5,-2.15,0,STOP_LOSS,1.0060208215103437,1.0089312699961916,1.0131842409108471,1.0192110360737623,24.292417158487066,17.50092442982963,37.676455558634714,-0.21071137209436144,28.87716682823528,0.49364362271807255,1.5570626709708786,0.5,2.4038234314176776,0.0,0.0,0.0,0.0,0.0,0.0,1.0,0.0,1.0,0.0,1.0,-0.034539433988516416,41,67,26,-1,38.0,-1
2026-07-17 13:00:00,2026-07-17 13:45:00,SHORT,62813.2,63157.0,-3.63,0,STOP_LOSS,1.0043046649563157,1.0045540424079238,1.007263617461969,1.0169989065839182,35.201409714741764,21.002695711670384,42.664307265645014,-0.006519050136009744,23.87556981371608,0.7349366748072347,1.5732258591709039,0.5,2.3816021222365875,0.0,0.0,0.0,0.0,0.0,0.0,1.0,0.0,1.0,0.0,0.0,-0.025276324391628302,22,67,45,-1,45.3,-1
2026-07-20 00:00:00,2026-07-20 00:45:00,LONG,65022.2,64558.0,-4.73,0,STOP_LOSS,0.9958119763987969,0.9942931646484445,0.9934390705654508,0.9907433864776678,69.78709559316145,83.30322474846558,75.43832261306106,0.2558346904457975,26.398587253678855,1.237375854797187,0.4759950168724673,0.5,2.3051551763200666,0.0,0.0,0.0,0.0,0.0,0.0,0.0,0.0,0.0,1.0,0.0,0.02543972575768357,59,35,24,0,59.2,1
2026-07-20 03:45:00,2026-07-20 05:00:00,LONG,64869.4,64246.6,-6.34,0,STOP_LOSS,0.9991031738521995,0.9983412645919472,0.9971311581273005,0.9938641485356273,54.59495162666214,50.266851174532874,39.016409412897644,0.0068101529642536395,16.18538998207649,1.181802202465444,1.1151103930913302,0.5,0.8048991967011127,0.0,0.0,0.0,1.0,0.0,0.0,0.0,1.0,0.0,0.0,0.0,-0.23116434748200804,59,35,24,0,59.2,1
2026-07-20 11:30:00,2026-07-20 13:15:00,LONG,64836.3,64560.0,-2.8,0,STOP_LOSS,0.993316299288996,0.9921557624482333,0.9931206737040534,0.9935252807063324,67.1908123987807,97.09255620244221,94.41108461981887,0.38461373859242964,20.41592610812982,1.9075103812091452,0.7714614629507145,0.5,3.2122225548550873,0.0,0.0,0.0,0.0,0.0,0.0,0.0,0.0,0.0,0.0,0.0,-0.09418691613810767,59,36,23,0,58.5,1
2026-07-20 15:15:00,2026-07-20 19:00:00,LONG,64955.1,65102.5,1.49,1,STOP_LOSS,0.9953565401228531,0.9939126369791574,0.9929830374798221,0.9921770215956672,62.47551137031537,59.58542335764276,35.741973117843365,0.11238342365055838,19.41114955228873,1.3145645861993969,0.9924343609642976,0.5,1.5885551673435028,0.0,0.0,0.0,0.0,0.0,0.0,0.0,0.0,1.0,1.0,0.0,-0.0746621761942065,59,42,17,0,64.1,1
2026-07-21 00:30:00,2026-07-21 01:45:00,LONG,65490.2,65235.9,-2.55,0,STOP_LOSS,0.9970144276279351,0.9964966348339657,0.9943375044065512,0.9882100261509071,62.22451395400682,73.6610233872266,58.488886647567966,0.0503366827099324,13.82012723040404,2.195045080098345,1.1381998969123188,0.5000000000000124,1.3043405203195946,0.0,0.0,0.0,0.0,0.0,0.0,0.0,1.0,0.0,0.0,0.0,-0.010969694959061516,59,29,30,0,61.7,1
2026-07-21 03:00:00,2026-07-21 13:15:00,LONG,65492.1,66443.9,9.55,1,STOP_LOSS,0.9982809228129698,0.9976766519381413,0.9956868004804446,0.989166344305348,58.90128108573515,48.57768454964631,32.46789195724142,0.015678492557650497,17.346990440917555,1.7630168449647758,1.016949302964435,0.49999999999998745,1.3839300144921758,0.0,0.0,0.0,0.0,0.0,1.0,0.0,1.0,0.0,0.0,0.0,0.06754028400687277,59,33,26,0,61.7,1
2026-07-22 00:00:00,2026-07-22 01:15:00,LONG,66683.7,66359.8,-3.21,0,STOP_LOSS,0.9965617782864148,0.996010589704087,0.9951539799185204,0.984634397994719,66.30298450387278,99.99999999999999,87.7215639703725,0.2935006077502855,19.506580826477908,1.6191480193503938,0.9563473735765081,0.5,1.5916481037537078,0.0,0.0,0.0,0.0,0.0,1.0,0.0,1.0,0.0,0.0,0.0,0.02231811376495725,59,39,20,0,62.0,1
2026-07-23 00:00:00,2026-07-23 01:15:00,LONG,66186.7,65926.7,-2.59,0,STOP_LOSS,0.9977949542829998,0.997211046177333,0.9970770293139258,0.9953562638905104,59.44028845256922,74.61482925502241,50.35739054456619,0.12943408790642474,12.326002143138494,2.047718701221584,1.3633776568547633,0.5,1.5606663537691123,0.0,0.0,0.0,0.0,0.0,1.0,0.0,0.0,1.0,0.0,0.0,-0.08051581120787829,59,43,16,0,52.3,1
2026-07-23 19:45:00,2026-07-23 22:30:00,SHORT,64844.9,65208.3,-3.69,0,STOP_LOSS,0.9996272250882563,1.000554185438148,1.0041739688319655,1.0111289571437723,45.59855791885821,82.99393295702995,84.84406149499632,0.2038352283610644,33.33584859343211,0.3777593561660764,0.6934368419604828,0.5,1.417274104994734,0.0,0.0,0.0,0.0,0.0,0.0,0.0,0.0,1.0,0.0,0.0,-0.10112855070870333,31,67,36,-1,42.0,-1
2026-07-24 00:15:00,2026-07-24 02:00:00,SHORT,64877.8,65163.9,-2.9,0,STOP_LOSS,1.0027343430741213,1.002746212573774,1.0035859941987177,1.0094573289416189,39.451400856023845,0.0,17.76091606383976,-0.17722153664468537,17.182838410008813,0.7851084987706751,1.4981909865123233,0.5,1.2910019148401919,0.0,0.0,0.0,0.0,0.0,0.0,1.0,0.0,1.0,0.0,0.0,0.03607868005481426,32,67,35,-1,50.7,-1
2026-07-24 09:00:00,2026-07-24 15:30:00,SHORT,65048.1,64164.0,8.91,1,STOP_LOSS,1.004690258508324,1.0048694996781788,1.0037009861039619,1.00601412797285,38.11653042794284,2.964235596107241,3.9759547851495465,-0.3243057218135921,15.899761076703227,1.1770628428394712,2.213524616775098,0.5,1.4341020838003897,0.0,0.0,0.0,0.0,0.0,0.0,0.0,1.0,0.0,0.0,0.0,0.01533822564862739,32,67,35,-1,45.7,-1
2026-07-27 10:45:00,2026-07-27 11:15:00,LONG,65339.7,65126.0,-2.16,0,SENAL_BAJISTA,0.9994733280712302,0.9993522133564343,0.9981952275670226,0.9925368036875185,53.163221007435965,88.92742147611246,78.02116354080012,0.05854886125486881,19.727532883057535,1.3790926022949885,0.8342002079239537,0.5,0.7159276093146939,0.0,0.0,0.0,0.0,0.0,0.0,0.0,1.0,0.0,0.0,0.0,-0.09433513124880749,59,29,30,0,54.3,1
2026-07-27 22:00:00,2026-07-28 05:00:00,SHORT,64728.3,63448.1,13.02,1,STOP_LOSS,1.0019781550130265,1.0026017780878416,1.0036172681869884,1.002350458486563,38.690926789687225,0.0,2.3205241490649033,-0.1284926799898763,10.565670667771105,1.6995734850242166,2.7302013279929005,0.5,1.323243124991319,0.0,0.0,0.0,0.0,0.0,0.0,1.0,0.0,1.0,0.0,0.0,-0.17971188269844365,23,67,44,-1,37.7,-1
2026-07-28 06:15:00,2026-07-28 14:30:00,SHORT,63520.1,63359.0,1.68,1,STOP_LOSS,0.9987462142745004,0.9993622315265742,1.0051737693553613,1.015220474364577,48.35441379215064,84.50213780146416,87.78475896337868,0.5301180366900634,33.92171388289746,0.6868863700701247,0.7042023481136928,0.5,1.561217637015514,0.0,0.0,0.0,0.0,0.0,0.0,0.0,0.0,1.0,0.0,0.0,-0.07101734571587552,24,67,43,-1,36.8,-1
2026-07-28 23:15:00,2026-07-29 00:00:00,SHORT,63639.4,64015.4,-3.92,0,STOP_LOSS,1.0025492037288675,1.0027565603984134,1.001690368497342,1.0068479477362084,41.0883726832126,1.0118706931335513,5.565520544711487,-0.341338788717353,23.540893112321083,0.9227290997378548,1.2020449414634486,0.5,1.4719923016280319,0.0,0.0,0.0,0.0,0.0,0.0,0.0,0.0,0.0,0.0,0.0,0.18767202004988065,24,67,43,-1,43.4,-1
2026-07-29 01:30:00,2026-07-29 06:00:00,SHORT,63811.9,64118.5,-3.18,0,STOP_LOSS,1.0012901885430505,1.0010244561165147,0.9998425249591947,1.0039315124471213,47.79844257178448,41.803024477967604,51.80742398704572,-0.0829446984845082,21.7524702284636,1.2021636727840332,0.9333320784324753,0.5,1.269291143621851,0.0,0.0,0.0,0.0,0.0,0.0,0.0,0.0,0.0,0.0,0.0,0.11123197893233949,24,58,34,-1,41.3,-1
2026-07-29 13:00:00,2026-07-29 13:45:00,SHORT,64332.1,64666.2,-3.43,0,STOP_LOSS,1.00099589335767,1.0012141586101004,0.99899938122364,0.9970641216772357,46.88892332690452,3.7767661123447707,1.8837278630614707,-0.3776274701483929,23.4954725985427,0.7072095592630274,0.9541823754459272,0.5,1.4606819158793602,0.0,0.0,0.0,0.0,0.0,0.0,0.0,1.0,0.0,0.0,0.0,0.15042770200210134,38,60,22,-1,45.3,-1
2026-07-29 19:45:00,2026-07-30 01:45:00,SHORT,63585.1,64265.6,-7.06,0,STOP_LOSS,1.0068157330336718,1.0079149562485379,1.008802513028161,1.0086026879247056,37.38500059724336,39.85118029581651,58.22375771709681,-0.0780734562398599,17.30431037564664,1.041181655936419,1.879346500715423,0.5,1.752806393111025,0.0,0.0,0.0,0.0,0.0,0.0,1.0,0.0,0.0,0.0,1.0,0.06853439803953135,26,67,41,-1,41.2,-1
2026-07-30 05:00:00,2026-07-30 08:30:00,SHORT,63983.3,64347.9,-3.74,0,STOP_LOSS,1.001699591954602,1.0014702373503162,1.0010165067424057,1.0015407271794905,45.522890261293426,7.665570278574446,23.02848435633913,-0.16037447181010825,11.6424170397881,1.7499599416951404,2.2346845550643226,0.5,1.2390590484867845,0.0,0.0,0.0,0.0,0.0,0.0,1.0,0.0,1.0,0.0,0.0,0.1083011905572462,24,67,43,-1,47.0,-1
2026-07-30 19:45:00,2026-07-31 01:30:00,LONG,64801.9,64832.0,0.3,1,STOP_LOSS,1.0002589475384993,1.0000309722671639,0.9980004742174885,0.9927157040495599,51.095457882328986,51.314873955515054,48.70418914613825,-0.11017784636176287,19.850181219203865,1.1719527168360147,0.9272983039423187,0.5,1.3103350097923063,0.0,0.0,0.0,0.0,0.0,0.0,0.0,1.0,0.0,0.0,0.0,0.2302169033371006,59,43,16,0,56.0,1
2026-07-31 07:00:00,2026-07-31 16:15:00,SHORT,64060.3,62920.1,11.68,1,STOP_LOSS,1.0033497365609492,1.0049458073925184,1.0071367756372718,1.0055815755554764,33.18303696956314,14.517183490227179,46.3264084179833,-0.0396603700038453,14.996389459986707,1.0947657980517582,2.173954040977138,0.5,1.8338968750175801,0.0,0.0,0.0,0.0,0.0,0.0,1.0,1.0,0.0,0.0,1.0,0.06788539659653814,50,67,17,0,44.6,-1
2026-08-03 00:00:00,2026-08-03 09:15:00,SHORT,63419.1,62649.0,8.01,1,STOP_LOSS,1.0012686665250734,1.0008051905805961,0.9993484587865654,0.998186288658092,48.55153154447002,25.33924199665779,26.6384370872158,-0.13737055338856902,37.40152703120281,0.5938606228105946,0.48568126958815594,0.5,2.3433377326156655,0.0,0.0,0.0,0.0,0.0,0.0,0.0,1.0,0.0,0.0,0.0,-0.21924351988848312,49,67,18,-1,42.2,-1
2026-08-03 22:00:00,2026-08-04 01:30:00,SHORT,63500.2,63816.8,-3.3,0,STOP_LOSS,1.003217929799137,1.0037094533869402,1.0007193860700234,0.9968220624715989,38.382196347348724,0.0,0.3455467647723869,-0.49985297172698506,27.47124902584248,0.6086708699429794,1.0668690865798545,0.5,1.3142830590459362,0.0,0.0,0.0,0.0,0.0,0.0,1.0,1.0,0.0,0.0,0.0,-0.0012564794751008437,40,67,27,-1,51.3,-1
2026-08-04 11:45:00,2026-08-04 13:45:00,LONG,63921.9,63684.8,-2.45,0,STOP_LOSS,0.9973918895166224,0.9966553817915137,0.9962576413469552,0.992842233584816,64.61954147709896,99.99999999999999,98.4680188351942,0.33168344944320094,17.787108198634712,1.59265129991257,0.8754425656163682,0.5,1.2416243978022499,0.0,0.0,0.0,0.0,0.0,1.0,0.0,1.0,0.0,0.0,0.0,0.020202867528687097,59,38,21,0,55.3,1
2026-08-04 15:45:00,2026-08-05 00:45:00,LONG,64118.0,63998.5,-1.23,0,STOP_LOSS,0.9985150553267498,0.9970285556748879,0.9953103321213621,0.9909395021061916,59.43697331582284,67.22241933164787,66.91778887879225,0.09828959536090802,20.35385901476455,1.1342073400794712,0.8308918450994995,0.5,1.3913122996765062,0.0,0.0,0.0,0.0,0.0,0.0,0.0,1.0,0.0,0.0,0.0,-0.08881318955068083,59,32,27,0,57.4,1
2026-08-05 02:00:00,2026-08-05 03:15:00,LONG,64463.9,64069.1,-4.04,0,STOP_LOSS,0.9962222501816241,0.995801888469531,0.9947318202910369,0.9890531426642679,62.84418006059334,79.36975513226317,56.12868434455978,0.14279527701374142,17.361464903929043,2.184588982355574,0.819500073194955,0.5,1.5063141646491145,0.0,0.0,0.0,0.0,0.0,1.0,0.0,1.0,0.0,0.0,0.0,-0.1009326226877565,59,38,21,0,57.7,1
2026-08-05 10:45:00,2026-08-05 12:15:00,SHORT,64064.6,64519.2,-4.68,0,STOP_LOSS,1.0014173295103028,1.0017736851673273,1.0018154114025775,0.997320534173257,41.725644334703915,68.21878683995371,74.06229130785765,-0.03756999308718516,9.424830621185437,2.0838119229581054,3.006394263490887,0.5,1.4955902958468161,0.0,0.0,0.0,0.0,0.0,0.0,0.0,1.0,0.0,0.0,0.0,-0.11423945328101379,39,59,20,0,55.8,-1
2026-08-05 13:45:00,2026-08-06 00:00:00,LONG,64411.2,64597.6,1.9,1,STOP_LOSS,0.9976275952553189,0.9971352729218345,0.9967690352586592,0.9925504362740827,58.60249782692111,36.94613090440244,30.18563637713549,0.08352605378964648,14.154823573592097,1.7166626661212605,1.8959466740296929,0.5,2.39139725674593,0.0,0.0,0.0,0.0,0.0,0.0,0.0,1.0,0.0,0.0,0.0,-0.053538295756872904,59,26,33,0,59.9,1
2026-08-06 09:30:00,2026-08-06 12:45:00,LONG,64670.4,64421.3,-2.53,0,STOP_LOSS,1.0019543723747146,1.0019054798248475,1.0009311969446166,0.9952313458448077,42.808997645860295,0.0,18.679632261757803,-0.23198578374223827,15.612005730342615,1.368746376529465,1.8360480375120354,0.5,1.3552665995565312,0.0,0.0,0.0,0.0,0.0,0.0,1.0,0.0,0.0,0.0,0.0,0.02082854947627475,59,40,19,0,59.0,1
2026-08-07 11:15:00,2026-08-07 13:45:00,LONG,65083.6,65019.0,-0.65,0,STOP_LOSS,0.9968945670040431,0.9942484544451304,0.9919715983382322,0.9902734229190002,77.0072463511268,90.63277953789235,85.13439051482565,0.337124497461017,35.305910330743195,1.3508472832131546,0.23803384108861939,0.5,3.3740980293758875,0.0,0.0,0.0,0.0,0.0,1.0,0.0,0.0,0.0,0.0,0.0,0.04856272857028343,59,38,21,0,63.7,1
2026-08-07 19:30:00,2026-08-09 01:15:00,LONG,64972.6,64866.8,-1.07,0,SENAL_BAJISTA,0.9981548436765548,0.9983578850685015,0.9977048597679263,0.994144833565007,54.82274641476428,92.0340602652129,72.70340008200004,0.07409937140271236,19.513010755988194,1.5057371953342007,1.1200087399250165,0.5,1.2206315519645492,0.0,0.0,0.0,0.0,1.0,1.0,0.0,1.0,0.0,0.0,0.0,-0.1048155236639767,59,43,16,0,61.7,1
2026-08-10 06:00:00,2026-08-10 09:45:00,LONG,65202.7,64973.6,-2.31,0,STOP_LOSS,0.9981975739861277,0.9978640795498163,0.9979441394999893,0.9967648239386842,57.98760063001322,89.17361632417342,67.66655345310095,0.15388869810331549,13.532833682674024,2.2424794011555056,1.3287889742815182,0.5,1.5295571170957156,0.0,0.0,0.0,0.0,0.0,1.0,0.0,1.0,0.0,0.0,0.0,-0.18460530176596376,59,36,23,0,60.5,1
2026-08-10 16:15:00,2026-08-11 09:30:00,SHORT,64115.6,64242.7,-1.3,0,STOP_LOSS,1.0044585161000885,1.008075934560417,1.0114732236433959,1.0132185740075315,22.369156601962608,1.7307393717722566,5.496898785185771,-0.38223683299212247,31.681371660183846,0.3301547661960156,1.3455170401835594,0.5,1.6051235314117296,0.0,0.0,0.0,0.0,0.0,0.0,1.0,0.0,1.0,0.0,0.0,-0.10679285157188938,41,67,26,-1,37.0,-1
2026-08-11 13:30:00,2026-08-11 19:45:00,SHORT,64178.7,63534.0,6.58,1,STOP_LOSS,1.0015618288937365,1.001163483473432,1.0003280303175957,1.0045798421976746,45.734360063966065,0.0,0.9407172239474543,-0.22468891519739398,26.072199681416947,0.8097212413035811,1.0519817606956092,0.5,1.7530256954545198,0.0,0.0,0.0,0.0,0.0,0.0,1.0,0.0,0.0,0.0,0.0,0.0050862708399469795,26,67,41,-1,35.2,-1
2026-08-12 04:30:00,2026-08-12 07:45:00,SHORT,63771.1,63831.8,-0.63,0,STOP_LOSS,1.000242250095675,0.9998226908436144,0.999800230235174,1.0054583525412082,52.010903576073225,25.48995161300456,34.59663685236416,-0.024266270827402105,10.87314328061469,1.9756215371889283,1.8168700703155178,0.5,3.4700940434978826,0.0,0.0,0.0,0.0,0.0,0.0,0.0,0.0,1.0,0.0,0.0,-0.10363092719731033,23,67,44,-1,40.8,-1
2026-08-12 13:30:00,2026-08-13 03:45:00,SHORT,63981.3,63648.7,3.42,1,STOP_LOSS,1.0015158365082122,1.0011218077291812,0.9994835873365968,1.0014164509141665,47.36595897966569,1.3270986707982226,1.265118755667777,-0.26137373904448175,27.986091168322734,0.7273259267539238,0.7445787513861823,0.5,1.617521610491611,0.0,0.0,0.0,0.0,0.0,0.0,0.0,1.0,0.0,0.0,0.0,-0.06692511399564398,38,67,29,-1,38.0,-1
2026-08-13 09:15:00,2026-08-13 12:45:00,SHORT,63655.5,63697.3,-0.43,0,STOP_LOSS,1.0015734688953946,1.0016243653197097,1.0006628655793546,1.0025927774741439,43.530275376572156,3.9552742388045687,2.177923373683952,-0.40998827605084087,23.80729397176213,0.8704580670308245,1.2228805513194876,0.5,1.963447615016768,0.0,0.0,0.0,0.0,0.0,0.0,0.0,0.0,0.0,0.0,0.0,-0.12988897834361493,24,64,40,-1,40.9,-1
2026-08-13 15:45:00,2026-08-13 19:00:00,SHORT,63414.6,63407.5,0.07,1,STOP_LOSS,1.0043321632104631,1.0044896434690065,1.0042945760437945,1.005864128990996,38.88881867339543,13.700838748960303,34.40029066744552,-0.11334333942606319,18.176637521434547,0.8618924761741629,1.595077434383353,0.5,1.3340398332546417,0.0,0.0,0.0,0.0,0.0,0.0,0.0,1.0,0.0,0.0,1.0,-0.24999691377006417,31,67,36,-1,39.9,-1
2026-08-14 00:15:00,2026-08-14 15:15:00,SHORT,63448.2,62855.9,6.15,1,STOP_LOSS,1.0005552931290995,1.0003123507398892,1.0006205044979115,1.003522377548999,48.45019315193563,14.320305222074271,12.30414781541749,-0.002068625600754704,14.012895327141845,1.7563180252044415,1.3855865167339307,0.5,1.8751794202702328,0.0,0.0,0.0,0.0,0.0,0.0,0.0,0.0,1.0,0.0,0.0,-0.2159453339777497,34,67,33,-1,38.9,-1
2026-08-14 20:30:00,2026-08-15 02:00:00,SHORT,62917.0,63051.4,-1.41,0,STOP_LOSS,1.0006502199814944,1.0007073268448496,1.0010520255050457,1.0062642875138479,46.920669356967146,26.452512352726593,30.271426700922518,-0.13943419592870243,20.524168242996673,0.8879421794801153,1.1902677587500874,0.5,0.6318706686142443,0.0,0.0,0.0,0.0,0.0,0.0,0.0,0.0,1.0,0.0,0.0,0.025959325042675868,20,67,47,-1,37.7,-1
2026-08-17 00:30:00,2026-08-17 01:30:00,SHORT,62945.9,63207.1,-2.74,0,STOP_LOSS,0.9993214064389726,1.0001006690391387,1.0011230863253706,1.0022305070036996,47.322390008338495,93.10990896097984,91.85261097275554,0.03786200506906966,33.696284679972806,0.4721304562303143,0.8850765842688268,0.5,2.1809108620565594,0.0,0.0,0.0,0.0,0.0,0.0,0.0,0.0,0.0,0.0,0.0,-0.04791410349432583,30,67,37,-1,53.8,-1
2026-08-17 09:15:00,2026-08-17 10:30:00,SHORT,63376.2,63633.7,-2.68,0,STOP_LOSS,1.0009871199057494,1.0010320712269567,0.9993464229222919,0.9969398298547115,45.93920802414611,6.530346000039867,4.446366243233989,-0.45938055752851337,29.591575088080244,0.8154664036530404,0.8591262364472975,0.5,0.6634204362193851,0.0,0.0,0.0,0.0,0.0,0.0,0.0,0.0,0.0,0.0,0.0,0.09109019913978811,33,65,32,0,58.5,-1
2026-08-17 17:15:00,2026-08-18 02:00:00,LONG,64208.3,64182.4,-0.27,0,STOP_LOSS,0.997584079371359,0.9952627781501321,0.9919184802751252,0.9864986403841193,67.77356054697145,46.73819007031631,54.38510170882936,0.11550514523952693,49.63593464424986,0.7412954590694406,0.16915740515864255,0.5,2.3725911097586927,0.0,0.0,0.0,0.0,0.0,0.0,0.0,1.0,0.0,0.0,0.0,-0.039856465886308555,59,41,18,0,70.1,1
2026-08-18 05:00:00,2026-08-18 07:45:00,LONG,64232.7,64200.9,-0.33,0,STOP_LOSS,0.9993499185778804,0.9997779147352002,0.9991858298548251,0.9917236453662229,50.84393631336553,97.97696225497425,80.01686852523048,0.043044191614070755,30.13254846362889,0.7029839972656543,0.7907953119056687,0.5,1.4170547494570882,0.0,0.0,0.0,0.0,0.0,0.0,0.0,1.0,0.0,0.0,0.0,-0.042981259095339855,61,41,20,0,63.0,1
2026-08-18 08:45:00,2026-08-18 13:15:00,LONG,64289.6,64070.3,-2.24,0,STOP_LOSS,0.9995150355191837,0.9994708665907254,0.9989347359947875,0.992083438659515,53.183313223912506,36.19332345798169,21.495680056052088,0.002012780153731762,18.129872064619097,1.2567195485929954,1.4081981410765139,0.5,0.7226117867802485,0.0,0.0,0.0,0.0,0.0,0.0,0.0,0.0,0.0,0.0,0.0,-0.030582407918460605,61,22,39,0,65.4,1
2026-08-18 14:15:00,2026-08-18 17:45:00,LONG,64999.0,64674.7,-3.28,0,STOP_LOSS,0.9904493387012967,0.9893103542988171,0.9885992375218038,0.9827444117670199,78.3287131666891,69.41963511429469,49.56552055339456,0.31485014357617713,18.216448579857925,2.676406086924977,0.7445187764585547,0.5,5.000034266582927,0.0,0.0,0.0,0.0,0.0,1.0,0.0,1.0,0.0,1.0,0.0,0.0014254224061929577,61,38,23,0,71.9,1
2026-08-19 00:00:00,2026-08-19 01:30:00,LONG,64581.6,64417.0,-1.67,0,STOP_LOSS,1.0013173289715478,1.0012258057620278,1.0002439013408533,0.9932298480397543,44.41467619955994,56.879017636855316,82.36378953568132,-0.0010651543291868603,15.389875353437084,1.6644937934161188,1.822923844618036,0.5,2.3485251125329203,0.0,0.0,0.0,0.0,0.0,0.0,0.0,1.0,0.0,0.0,0.0,-0.10838984199664725,62,34,28,0,57.7,1
2026-08-19 12:30:00,2026-08-19 15:00:00,LONG,64937.8,66659.9,17.38,1,TAKE_PROFIT,0.9942353917053867,0.9928890477225475,0.9924376188811744,0.9893474381833978,78.90703675215778,83.42860999722285,81.9537147033881,0.4260904265293908,27.121986157250824,1.8708031836432082,0.31912412257616257,0.5,4.989884020161367,0.0,0.0,0.0,0.0,0.0,0.0,0.0,0.0,0.0,1.0,0.0,-0.1348266920159353,62,35,27,0,85.0,1
2026-08-19 15:15:00,2026-08-20 18:30:00,LONG,68298.4,72500.1,40.7,1,STOP_LOSS,0.9680138710921696,0.9575595485965281,0.9503738382728878,0.9428323421985477,96.45832364962553,99.99999999999999,99.99999999999999,0.6617001200549687,57.41487562060183,1.3386096979232378,0.01898390337444204,0.5,5.175665624561772,0.0,0.0,0.0,0.0,0.0,1.0,0.0,0.0,0.0,0.0,0.0,0.6241911423876105,62,27,35,0,85.0,1
2026-08-20 23:15:00,2026-08-21 02:45:00,LONG,73211.1,74443.3,11.37,1,STOP_LOSS,0.9949038972228644,0.9931014833254459,0.986691677963626,0.9467728355374594,68.4471202379883,68.17428123567014,46.61339038947323,0.02764907720974221,33.19425447946165,1.0208175912976867,0.3376129534467745,0.5,2.7616258699705845,0.0,0.0,0.0,0.0,0.0,0.0,0.0,1.0,0.0,0.0,0.0,0.04164305789349719,64,30,34,1,90.5,1
2026-08-21 07:00:00,2026-08-21 09:00:00,LONG,75979.0,77884.1,17.04,1,STOP_LOSS,0.9929752945452284,0.9873641178810286,0.9756852474582328,0.9313189488390129,76.19934594672297,84.12019905201919,67.45513158690923,0.0418692705349985,65.37652258489301,0.5434970170208668,0.09712980398146824,0.5,1.505916525276706,0.0,0.0,0.0,0.0,0.0,1.0,0.0,1.0,0.0,1.0,0.0,0.008617634342848289,67,27,40,1,93.6,1
2026-08-21 11:30:00,2026-08-22 05:00:00,LONG,76839.0,77333.1,4.41,1,STOP_LOSS,1.008644473094318,1.0038259689413151,0.9877487583310448,0.9354340606475221,49.73398359101502,0.0,0.0,-0.2969404192628441,67.19866311796281,0.3820076568023343,0.2640264986416977,0.5,1.2186155414027509,0.0,0.0,0.0,0.0,0.0,0.0,1.0,1.0,0.0,0.0,0.0,-0.13019357758584385,67,31,36,1,93.9,1
2026-08-24 00:00:00,2026-08-24 01:45:00,LONG,77624.4,76921.1,-6.23,0,STOP_LOSS,0.9999226606521355,0.9991078087510498,0.9968374292364889,0.9887080347697399,53.250859293331864,14.398072843895289,13.349788262813108,-0.06093861804985322,19.06579408993541,1.0653689614698285,0.7384006444222465,0.5,1.2477058889107076,0.0,0.0,0.0,0.0,0.0,0.0,0.0,1.0,0.0,0.0,0.0,-0.14958568053340193,67,23,44,1,65.2,1
2026-08-24 09:30:00,2026-08-24 13:30:00,LONG,77465.4,78278.4,7.19,1,STOP_LOSS,0.9978906878902225,0.9977187397424047,0.9977756423695027,0.9928489888007219,54.533586741939615,57.30930898650355,43.08724796497174,0.05719097142254942,16.81197475747159,1.374903448734582,1.4072650736710897,0.5,0.795603892883535,0.0,0.0,0.0,0.0,0.0,1.0,0.0,0.0,0.0,0.0,0.0,-0.19398668453188062,67,27,40,1,71.4,1
